part,index,actor_concat_index,group,name,meaning,encoding,missing,example_value
state,0,0,阶段,phase.HeroSelection,当前Phase是否为HeroSelection,相等为1，否则0,不适用,0.0
state,1,1,阶段,phase.Deployment,当前Phase是否为Deployment,相等为1，否则0,不适用,0.0
state,2,2,阶段,phase.Planning,当前Phase是否为Planning,相等为1，否则0,不适用,1.0
state,3,3,阶段,phase.InitiativeChoice,当前Phase是否为InitiativeChoice,相等为1，否则0,不适用,0.0
state,4,4,阶段,phase.Action,当前Phase是否为Action,相等为1，否则0,不适用,0.0
state,5,5,阶段,phase.RoundEnd,当前Phase是否为RoundEnd,相等为1，否则0,不适用,0.0
state,6,6,阶段,phase.EffectChoice,当前Phase是否为EffectChoice,相等为1，否则0,不适用,0.0
state,7,7,阶段,phase.Finished,当前Phase是否为Finished,相等为1，否则0,不适用,0.0
state,8,8,回合与目标,round,当前轮数,Round/20,不适用,0.05000000074505806
state,9,9,回合与目标,turn,轮内回合数,Turn/TurnsPerRound,不适用,0.25
state,10,10,回合与目标,starting_life,规则配置的初始水晶生命,StartingCrystalLife/10,不适用,0.699999988079071
state,11,11,回合与目标,marks_required,规则配置的获胜标记目标,VictoryMarksRequired/5,不适用,0.6000000238418579
state,12,12,回合与目标,own_life_relative,己方当前水晶生命相对初始值,己方Crystal/StartingCrystalLife,不适用,1.0
state,13,13,回合与目标,enemy_life_relative,敌方当前水晶生命相对初始值,敌方Crystal/StartingCrystalLife,不适用,1.0
state,14,14,回合与目标,own_marks_relative,己方标记相对目标,己方Marks/VictoryMarksRequired,不适用,0.0
state,15,15,回合与目标,enemy_marks_relative,敌方标记相对目标,敌方Marks/VictoryMarksRequired,不适用,0.0
state,16,16,回合与目标,own_life_absolute,己方当前水晶生命保留固定尺度,己方Crystal/10,不适用,0.699999988079071
state,17,17,回合与目标,enemy_life_absolute,敌方当前水晶生命保留固定尺度,敌方Crystal/10,不适用,0.699999988079071
state,18,18,回合与目标,own_marks_absolute,己方当前标记保留固定尺度,己方Marks/5,不适用,0.0
state,19,19,回合与目标,enemy_marks_absolute,敌方当前标记保留固定尺度,敌方Marks/5,不适用,0.0
state,20,20,回合与目标,coin_is_own,决策币是否为己方,相等为1，否则0,不适用,1.0
state,21,21,回合与目标,hand_size,规则配置手牌数,HandSize/5,不适用,1.0
state,22,22,队伍统计,friendly.Level,己方全队（含自己）等级和,该队所有玩家Level求和/16,不适用,0.125
state,23,23,队伍统计,friendly.Gold,己方全队（含自己）金币和,该队所有玩家Gold求和/40,不适用,0.0
state,24,24,队伍统计,friendly.HandCount,己方全队（含自己）手牌数量和,该队所有玩家HandCount求和/10,不适用,1.0
state,25,25,队伍统计,friendly.AwaitingRespawn,己方全队（含自己）等待复活人数,该队所有玩家AwaitingRespawn求和/2,不适用,0.0
state,26,26,队伍统计,friendly.Poisoned,己方全队（含自己）中毒人数,该队所有玩家Poisoned求和/2,不适用,0.0
state,27,27,队伍统计,friendly.Petrified,己方全队（含自己）石化人数,该队所有玩家Petrified求和/2,不适用,0.0
state,28,28,单位聚合,friendly.hero.count,己方全队（含自己）hero数量,数量/10,该类单位不存在则为0,0.20000000298023224
state,29,29,单位聚合,friendly.hero.mean_x,己方全队（含自己）heroX坐标均值,"X坐标和/max(1,数量)/20",该类单位不存在则为0,-0.375
state,30,30,单位聚合,friendly.hero.mean_y,己方全队（含自己）heroY坐标均值,"Y坐标和/max(1,数量)/20",该类单位不存在则为0,0.375
state,31,31,单位聚合,friendly.melee.count,己方全队（含自己）melee数量,数量/10,该类单位不存在则为0,0.4000000059604645
state,32,32,单位聚合,friendly.melee.mean_x,己方全队（含自己）meleeX坐标均值,"X坐标和/max(1,数量)/20",该类单位不存在则为0,-0.0625
state,33,33,单位聚合,friendly.melee.mean_y,己方全队（含自己）meleeY坐标均值,"Y坐标和/max(1,数量)/20",该类单位不存在则为0,0.08749999850988388
state,34,34,单位聚合,friendly.ranged.count,己方全队（含自己）ranged数量,数量/10,该类单位不存在则为0,0.10000000149011612
state,35,35,单位聚合,friendly.ranged.mean_x,己方全队（含自己）rangedX坐标均值,"X坐标和/max(1,数量)/20",该类单位不存在则为0,-0.05000000074505806
state,36,36,单位聚合,friendly.ranged.mean_y,己方全队（含自己）rangedY坐标均值,"Y坐标和/max(1,数量)/20",该类单位不存在则为0,0.10000000149011612
state,37,37,单位聚合,friendly.heavy.count,己方全队（含自己）heavy数量,数量/10,该类单位不存在则为0,0.10000000149011612
state,38,38,单位聚合,friendly.heavy.mean_x,己方全队（含自己）heavyX坐标均值,"X坐标和/max(1,数量)/20",该类单位不存在则为0,0.15000000596046448
state,39,39,单位聚合,friendly.heavy.mean_y,己方全队（含自己）heavyY坐标均值,"Y坐标和/max(1,数量)/20",该类单位不存在则为0,0.05000000074505806
state,40,40,队伍统计,enemy.Level,敌方全队等级和,该队所有玩家Level求和/16,不适用,0.125
state,41,41,队伍统计,enemy.Gold,敌方全队金币和,该队所有玩家Gold求和/40,不适用,0.0
state,42,42,队伍统计,enemy.HandCount,敌方全队手牌数量和,该队所有玩家HandCount求和/10,不适用,1.0
state,43,43,队伍统计,enemy.AwaitingRespawn,敌方全队等待复活人数,该队所有玩家AwaitingRespawn求和/2,不适用,0.0
state,44,44,队伍统计,enemy.Poisoned,敌方全队中毒人数,该队所有玩家Poisoned求和/2,不适用,0.0
state,45,45,队伍统计,enemy.Petrified,敌方全队石化人数,该队所有玩家Petrified求和/2,不适用,0.0
state,46,46,单位聚合,enemy.hero.count,敌方全队hero数量,数量/10,该类单位不存在则为0,0.20000000298023224
state,47,47,单位聚合,enemy.hero.mean_x,敌方全队heroX坐标均值,"X坐标和/max(1,数量)/20",该类单位不存在则为0,0.3499999940395355
state,48,48,单位聚合,enemy.hero.mean_y,敌方全队heroY坐标均值,"Y坐标和/max(1,数量)/20",该类单位不存在则为0,-0.4000000059604645
state,49,49,单位聚合,enemy.melee.count,敌方全队melee数量,数量/10,该类单位不存在则为0,0.4000000059604645
state,50,50,单位聚合,enemy.melee.mean_x,敌方全队meleeX坐标均值,"X坐标和/max(1,数量)/20",该类单位不存在则为0,0.0625
state,51,51,单位聚合,enemy.melee.mean_y,敌方全队meleeY坐标均值,"Y坐标和/max(1,数量)/20",该类单位不存在则为0,-0.03750000149011612
state,52,52,单位聚合,enemy.ranged.count,敌方全队ranged数量,数量/10,该类单位不存在则为0,0.10000000149011612
state,53,53,单位聚合,enemy.ranged.mean_x,敌方全队rangedX坐标均值,"X坐标和/max(1,数量)/20",该类单位不存在则为0,0.05000000074505806
state,54,54,单位聚合,enemy.ranged.mean_y,敌方全队rangedY坐标均值,"Y坐标和/max(1,数量)/20",该类单位不存在则为0,-0.05000000074505806
state,55,55,单位聚合,enemy.heavy.count,敌方全队heavy数量,数量/10,该类单位不存在则为0,0.10000000149011612
state,56,56,单位聚合,enemy.heavy.mean_x,敌方全队heavyX坐标均值,"X坐标和/max(1,数量)/20",该类单位不存在则为0,-0.15000000596046448
state,57,57,单位聚合,enemy.heavy.mean_y,敌方全队heavyY坐标均值,"Y坐标和/max(1,数量)/20",该类单位不存在则为0,0.0
state,58,58,本人,self_exists,本人英雄是否在场,存在为1，否则0,不存在为0,1.0
state,59,59,本人,self_x,本人英雄X坐标,X/20,本人单位不存在则0,-0.4000000059604645
state,60,60,本人,self_y,本人英雄Y坐标,Y/20,本人单位不存在则0,0.3499999940395355
state,61,61,本人,self_level,本人等级,Level/8,不适用,0.125
state,62,62,本人,self_gold,本人金币,Gold/20,不适用,0.0
state,63,63,本人牌区,own_card.arien-00.InHand,本人arien-00是否处于在手,相等为1，否则0,未装备此牌则该牌5项全0；不表示被弃置,0.0
state,64,64,本人牌区,own_card.arien-00.Selected,本人arien-00是否处于本人已暗选,相等为1，否则0,未装备此牌则该牌5项全0；不表示被弃置,0.0
state,65,65,本人牌区,own_card.arien-00.PlayedUnresolved,本人arien-00是否处于已揭示尚未结算,相等为1，否则0,未装备此牌则该牌5项全0；不表示被弃置,0.0
state,66,66,本人牌区,own_card.arien-00.PlayedResolved,本人arien-00是否处于已结算,相等为1，否则0,未装备此牌则该牌5项全0；不表示被弃置,0.0
state,67,67,本人牌区,own_card.arien-00.Discarded,本人arien-00是否处于已弃置,相等为1，否则0,未装备此牌则该牌5项全0；不表示被弃置,0.0
state,68,68,本人牌区,own_card.arien-01.InHand,本人arien-01是否处于在手,相等为1，否则0,未装备此牌则该牌5项全0；不表示被弃置,0.0
state,69,69,本人牌区,own_card.arien-01.Selected,本人arien-01是否处于本人已暗选,相等为1，否则0,未装备此牌则该牌5项全0；不表示被弃置,0.0
state,70,70,本人牌区,own_card.arien-01.PlayedUnresolved,本人arien-01是否处于已揭示尚未结算,相等为1，否则0,未装备此牌则该牌5项全0；不表示被弃置,0.0
state,71,71,本人牌区,own_card.arien-01.PlayedResolved,本人arien-01是否处于已结算,相等为1，否则0,未装备此牌则该牌5项全0；不表示被弃置,0.0
state,72,72,本人牌区,own_card.arien-01.Discarded,本人arien-01是否处于已弃置,相等为1，否则0,未装备此牌则该牌5项全0；不表示被弃置,0.0
state,73,73,本人牌区,own_card.arien-02.InHand,本人arien-02是否处于在手,相等为1，否则0,未装备此牌则该牌5项全0；不表示被弃置,0.0
state,74,74,本人牌区,own_card.arien-02.Selected,本人arien-02是否处于本人已暗选,相等为1，否则0,未装备此牌则该牌5项全0；不表示被弃置,0.0
state,75,75,本人牌区,own_card.arien-02.PlayedUnresolved,本人arien-02是否处于已揭示尚未结算,相等为1，否则0,未装备此牌则该牌5项全0；不表示被弃置,0.0
state,76,76,本人牌区,own_card.arien-02.PlayedResolved,本人arien-02是否处于已结算,相等为1，否则0,未装备此牌则该牌5项全0；不表示被弃置,0.0
state,77,77,本人牌区,own_card.arien-02.Discarded,本人arien-02是否处于已弃置,相等为1，否则0,未装备此牌则该牌5项全0；不表示被弃置,0.0
state,78,78,本人牌区,own_card.arien-03.InHand,本人arien-03是否处于在手,相等为1，否则0,未装备此牌则该牌5项全0；不表示被弃置,0.0
state,79,79,本人牌区,own_card.arien-03.Selected,本人arien-03是否处于本人已暗选,相等为1，否则0,未装备此牌则该牌5项全0；不表示被弃置,0.0
state,80,80,本人牌区,own_card.arien-03.PlayedUnresolved,本人arien-03是否处于已揭示尚未结算,相等为1，否则0,未装备此牌则该牌5项全0；不表示被弃置,0.0
state,81,81,本人牌区,own_card.arien-03.PlayedResolved,本人arien-03是否处于已结算,相等为1，否则0,未装备此牌则该牌5项全0；不表示被弃置,0.0
state,82,82,本人牌区,own_card.arien-03.Discarded,本人arien-03是否处于已弃置,相等为1，否则0,未装备此牌则该牌5项全0；不表示被弃置,0.0
state,83,83,本人牌区,own_card.arien-04.InHand,本人arien-04是否处于在手,相等为1，否则0,未装备此牌则该牌5项全0；不表示被弃置,0.0
state,84,84,本人牌区,own_card.arien-04.Selected,本人arien-04是否处于本人已暗选,相等为1，否则0,未装备此牌则该牌5项全0；不表示被弃置,0.0
state,85,85,本人牌区,own_card.arien-04.PlayedUnresolved,本人arien-04是否处于已揭示尚未结算,相等为1，否则0,未装备此牌则该牌5项全0；不表示被弃置,0.0
state,86,86,本人牌区,own_card.arien-04.PlayedResolved,本人arien-04是否处于已结算,相等为1，否则0,未装备此牌则该牌5项全0；不表示被弃置,0.0
state,87,87,本人牌区,own_card.arien-04.Discarded,本人arien-04是否处于已弃置,相等为1，否则0,未装备此牌则该牌5项全0；不表示被弃置,0.0
state,88,88,本人牌区,own_card.arien-05.InHand,本人arien-05是否处于在手,相等为1，否则0,未装备此牌则该牌5项全0；不表示被弃置,0.0
state,89,89,本人牌区,own_card.arien-05.Selected,本人arien-05是否处于本人已暗选,相等为1，否则0,未装备此牌则该牌5项全0；不表示被弃置,0.0
state,90,90,本人牌区,own_card.arien-05.PlayedUnresolved,本人arien-05是否处于已揭示尚未结算,相等为1，否则0,未装备此牌则该牌5项全0；不表示被弃置,0.0
state,91,91,本人牌区,own_card.arien-05.PlayedResolved,本人arien-05是否处于已结算,相等为1，否则0,未装备此牌则该牌5项全0；不表示被弃置,0.0
state,92,92,本人牌区,own_card.arien-05.Discarded,本人arien-05是否处于已弃置,相等为1，否则0,未装备此牌则该牌5项全0；不表示被弃置,0.0
state,93,93,本人牌区,own_card.arien-06.InHand,本人arien-06是否处于在手,相等为1，否则0,未装备此牌则该牌5项全0；不表示被弃置,0.0
state,94,94,本人牌区,own_card.arien-06.Selected,本人arien-06是否处于本人已暗选,相等为1，否则0,未装备此牌则该牌5项全0；不表示被弃置,0.0
state,95,95,本人牌区,own_card.arien-06.PlayedUnresolved,本人arien-06是否处于已揭示尚未结算,相等为1，否则0,未装备此牌则该牌5项全0；不表示被弃置,0.0
state,96,96,本人牌区,own_card.arien-06.PlayedResolved,本人arien-06是否处于已结算,相等为1，否则0,未装备此牌则该牌5项全0；不表示被弃置,0.0
state,97,97,本人牌区,own_card.arien-06.Discarded,本人arien-06是否处于已弃置,相等为1，否则0,未装备此牌则该牌5项全0；不表示被弃置,0.0
state,98,98,本人牌区,own_card.arien-07.InHand,本人arien-07是否处于在手,相等为1，否则0,未装备此牌则该牌5项全0；不表示被弃置,0.0
state,99,99,本人牌区,own_card.arien-07.Selected,本人arien-07是否处于本人已暗选,相等为1，否则0,未装备此牌则该牌5项全0；不表示被弃置,0.0
state,100,100,本人牌区,own_card.arien-07.PlayedUnresolved,本人arien-07是否处于已揭示尚未结算,相等为1，否则0,未装备此牌则该牌5项全0；不表示被弃置,0.0
state,101,101,本人牌区,own_card.arien-07.PlayedResolved,本人arien-07是否处于已结算,相等为1，否则0,未装备此牌则该牌5项全0；不表示被弃置,0.0
state,102,102,本人牌区,own_card.arien-07.Discarded,本人arien-07是否处于已弃置,相等为1，否则0,未装备此牌则该牌5项全0；不表示被弃置,0.0
state,103,103,本人牌区,own_card.arien-08.InHand,本人arien-08是否处于在手,相等为1，否则0,未装备此牌则该牌5项全0；不表示被弃置,0.0
state,104,104,本人牌区,own_card.arien-08.Selected,本人arien-08是否处于本人已暗选,相等为1，否则0,未装备此牌则该牌5项全0；不表示被弃置,0.0
state,105,105,本人牌区,own_card.arien-08.PlayedUnresolved,本人arien-08是否处于已揭示尚未结算,相等为1，否则0,未装备此牌则该牌5项全0；不表示被弃置,0.0
state,106,106,本人牌区,own_card.arien-08.PlayedResolved,本人arien-08是否处于已结算,相等为1，否则0,未装备此牌则该牌5项全0；不表示被弃置,0.0
state,107,107,本人牌区,own_card.arien-08.Discarded,本人arien-08是否处于已弃置,相等为1，否则0,未装备此牌则该牌5项全0；不表示被弃置,0.0
state,108,108,本人牌区,own_card.arien-09.InHand,本人arien-09是否处于在手,相等为1，否则0,未装备此牌则该牌5项全0；不表示被弃置,0.0
state,109,109,本人牌区,own_card.arien-09.Selected,本人arien-09是否处于本人已暗选,相等为1，否则0,未装备此牌则该牌5项全0；不表示被弃置,0.0
state,110,110,本人牌区,own_card.arien-09.PlayedUnresolved,本人arien-09是否处于已揭示尚未结算,相等为1，否则0,未装备此牌则该牌5项全0；不表示被弃置,0.0
state,111,111,本人牌区,own_card.arien-09.PlayedResolved,本人arien-09是否处于已结算,相等为1，否则0,未装备此牌则该牌5项全0；不表示被弃置,0.0
state,112,112,本人牌区,own_card.arien-09.Discarded,本人arien-09是否处于已弃置,相等为1，否则0,未装备此牌则该牌5项全0；不表示被弃置,0.0
state,113,113,本人牌区,own_card.arien-10.InHand,本人arien-10是否处于在手,相等为1，否则0,未装备此牌则该牌5项全0；不表示被弃置,0.0
state,114,114,本人牌区,own_card.arien-10.Selected,本人arien-10是否处于本人已暗选,相等为1，否则0,未装备此牌则该牌5项全0；不表示被弃置,0.0
state,115,115,本人牌区,own_card.arien-10.PlayedUnresolved,本人arien-10是否处于已揭示尚未结算,相等为1，否则0,未装备此牌则该牌5项全0；不表示被弃置,0.0
state,116,116,本人牌区,own_card.arien-10.PlayedResolved,本人arien-10是否处于已结算,相等为1，否则0,未装备此牌则该牌5项全0；不表示被弃置,0.0
state,117,117,本人牌区,own_card.arien-10.Discarded,本人arien-10是否处于已弃置,相等为1，否则0,未装备此牌则该牌5项全0；不表示被弃置,0.0
state,118,118,本人牌区,own_card.arien-11.InHand,本人arien-11是否处于在手,相等为1，否则0,未装备此牌则该牌5项全0；不表示被弃置,0.0
state,119,119,本人牌区,own_card.arien-11.Selected,本人arien-11是否处于本人已暗选,相等为1，否则0,未装备此牌则该牌5项全0；不表示被弃置,0.0
state,120,120,本人牌区,own_card.arien-11.PlayedUnresolved,本人arien-11是否处于已揭示尚未结算,相等为1，否则0,未装备此牌则该牌5项全0；不表示被弃置,0.0
state,121,121,本人牌区,own_card.arien-11.PlayedResolved,本人arien-11是否处于已结算,相等为1，否则0,未装备此牌则该牌5项全0；不表示被弃置,0.0
state,122,122,本人牌区,own_card.arien-11.Discarded,本人arien-11是否处于已弃置,相等为1，否则0,未装备此牌则该牌5项全0；不表示被弃置,0.0
state,123,123,本人牌区,own_card.arien-12.InHand,本人arien-12是否处于在手,相等为1，否则0,未装备此牌则该牌5项全0；不表示被弃置,0.0
state,124,124,本人牌区,own_card.arien-12.Selected,本人arien-12是否处于本人已暗选,相等为1，否则0,未装备此牌则该牌5项全0；不表示被弃置,0.0
state,125,125,本人牌区,own_card.arien-12.PlayedUnresolved,本人arien-12是否处于已揭示尚未结算,相等为1，否则0,未装备此牌则该牌5项全0；不表示被弃置,0.0
state,126,126,本人牌区,own_card.arien-12.PlayedResolved,本人arien-12是否处于已结算,相等为1，否则0,未装备此牌则该牌5项全0；不表示被弃置,0.0
state,127,127,本人牌区,own_card.arien-12.Discarded,本人arien-12是否处于已弃置,相等为1，否则0,未装备此牌则该牌5项全0；不表示被弃置,0.0
state,128,128,本人牌区,own_card.arien-13.InHand,本人arien-13是否处于在手,相等为1，否则0,未装备此牌则该牌5项全0；不表示被弃置,0.0
state,129,129,本人牌区,own_card.arien-13.Selected,本人arien-13是否处于本人已暗选,相等为1，否则0,未装备此牌则该牌5项全0；不表示被弃置,0.0
state,130,130,本人牌区,own_card.arien-13.PlayedUnresolved,本人arien-13是否处于已揭示尚未结算,相等为1，否则0,未装备此牌则该牌5项全0；不表示被弃置,0.0
state,131,131,本人牌区,own_card.arien-13.PlayedResolved,本人arien-13是否处于已结算,相等为1，否则0,未装备此牌则该牌5项全0；不表示被弃置,0.0
state,132,132,本人牌区,own_card.arien-13.Discarded,本人arien-13是否处于已弃置,相等为1，否则0,未装备此牌则该牌5项全0；不表示被弃置,0.0
state,133,133,本人牌区,own_card.arien-14.InHand,本人arien-14是否处于在手,相等为1，否则0,未装备此牌则该牌5项全0；不表示被弃置,0.0
state,134,134,本人牌区,own_card.arien-14.Selected,本人arien-14是否处于本人已暗选,相等为1，否则0,未装备此牌则该牌5项全0；不表示被弃置,0.0
state,135,135,本人牌区,own_card.arien-14.PlayedUnresolved,本人arien-14是否处于已揭示尚未结算,相等为1，否则0,未装备此牌则该牌5项全0；不表示被弃置,0.0
state,136,136,本人牌区,own_card.arien-14.PlayedResolved,本人arien-14是否处于已结算,相等为1，否则0,未装备此牌则该牌5项全0；不表示被弃置,0.0
state,137,137,本人牌区,own_card.arien-14.Discarded,本人arien-14是否处于已弃置,相等为1，否则0,未装备此牌则该牌5项全0；不表示被弃置,0.0
state,138,138,本人牌区,own_card.arien-15.InHand,本人arien-15是否处于在手,相等为1，否则0,未装备此牌则该牌5项全0；不表示被弃置,0.0
state,139,139,本人牌区,own_card.arien-15.Selected,本人arien-15是否处于本人已暗选,相等为1，否则0,未装备此牌则该牌5项全0；不表示被弃置,0.0
state,140,140,本人牌区,own_card.arien-15.PlayedUnresolved,本人arien-15是否处于已揭示尚未结算,相等为1，否则0,未装备此牌则该牌5项全0；不表示被弃置,0.0
state,141,141,本人牌区,own_card.arien-15.PlayedResolved,本人arien-15是否处于已结算,相等为1，否则0,未装备此牌则该牌5项全0；不表示被弃置,0.0
state,142,142,本人牌区,own_card.arien-15.Discarded,本人arien-15是否处于已弃置,相等为1，否则0,未装备此牌则该牌5项全0；不表示被弃置,0.0
state,143,143,本人牌区,own_card.arien-16.InHand,本人arien-16是否处于在手,相等为1，否则0,未装备此牌则该牌5项全0；不表示被弃置,0.0
state,144,144,本人牌区,own_card.arien-16.Selected,本人arien-16是否处于本人已暗选,相等为1，否则0,未装备此牌则该牌5项全0；不表示被弃置,0.0
state,145,145,本人牌区,own_card.arien-16.PlayedUnresolved,本人arien-16是否处于已揭示尚未结算,相等为1，否则0,未装备此牌则该牌5项全0；不表示被弃置,0.0
state,146,146,本人牌区,own_card.arien-16.PlayedResolved,本人arien-16是否处于已结算,相等为1，否则0,未装备此牌则该牌5项全0；不表示被弃置,0.0
state,147,147,本人牌区,own_card.arien-16.Discarded,本人arien-16是否处于已弃置,相等为1，否则0,未装备此牌则该牌5项全0；不表示被弃置,0.0
state,148,148,本人牌区,own_card.arien-17.InHand,本人arien-17是否处于在手,相等为1，否则0,未装备此牌则该牌5项全0；不表示被弃置,0.0
state,149,149,本人牌区,own_card.arien-17.Selected,本人arien-17是否处于本人已暗选,相等为1，否则0,未装备此牌则该牌5项全0；不表示被弃置,0.0
state,150,150,本人牌区,own_card.arien-17.PlayedUnresolved,本人arien-17是否处于已揭示尚未结算,相等为1，否则0,未装备此牌则该牌5项全0；不表示被弃置,0.0
state,151,151,本人牌区,own_card.arien-17.PlayedResolved,本人arien-17是否处于已结算,相等为1，否则0,未装备此牌则该牌5项全0；不表示被弃置,0.0
state,152,152,本人牌区,own_card.arien-17.Discarded,本人arien-17是否处于已弃置,相等为1，否则0,未装备此牌则该牌5项全0；不表示被弃置,0.0
state,153,153,本人牌区,own_card.brogan-00.InHand,本人brogan-00是否处于在手,相等为1，否则0,未装备此牌则该牌5项全0；不表示被弃置,0.0
state,154,154,本人牌区,own_card.brogan-00.Selected,本人brogan-00是否处于本人已暗选,相等为1，否则0,未装备此牌则该牌5项全0；不表示被弃置,0.0
state,155,155,本人牌区,own_card.brogan-00.PlayedUnresolved,本人brogan-00是否处于已揭示尚未结算,相等为1，否则0,未装备此牌则该牌5项全0；不表示被弃置,0.0
state,156,156,本人牌区,own_card.brogan-00.PlayedResolved,本人brogan-00是否处于已结算,相等为1，否则0,未装备此牌则该牌5项全0；不表示被弃置,0.0
state,157,157,本人牌区,own_card.brogan-00.Discarded,本人brogan-00是否处于已弃置,相等为1，否则0,未装备此牌则该牌5项全0；不表示被弃置,0.0
state,158,158,本人牌区,own_card.brogan-01.InHand,本人brogan-01是否处于在手,相等为1，否则0,未装备此牌则该牌5项全0；不表示被弃置,0.0
state,159,159,本人牌区,own_card.brogan-01.Selected,本人brogan-01是否处于本人已暗选,相等为1，否则0,未装备此牌则该牌5项全0；不表示被弃置,0.0
state,160,160,本人牌区,own_card.brogan-01.PlayedUnresolved,本人brogan-01是否处于已揭示尚未结算,相等为1，否则0,未装备此牌则该牌5项全0；不表示被弃置,0.0
state,161,161,本人牌区,own_card.brogan-01.PlayedResolved,本人brogan-01是否处于已结算,相等为1，否则0,未装备此牌则该牌5项全0；不表示被弃置,0.0
state,162,162,本人牌区,own_card.brogan-01.Discarded,本人brogan-01是否处于已弃置,相等为1，否则0,未装备此牌则该牌5项全0；不表示被弃置,0.0
state,163,163,本人牌区,own_card.brogan-02.InHand,本人brogan-02是否处于在手,相等为1，否则0,未装备此牌则该牌5项全0；不表示被弃置,0.0
state,164,164,本人牌区,own_card.brogan-02.Selected,本人brogan-02是否处于本人已暗选,相等为1，否则0,未装备此牌则该牌5项全0；不表示被弃置,0.0
state,165,165,本人牌区,own_card.brogan-02.PlayedUnresolved,本人brogan-02是否处于已揭示尚未结算,相等为1，否则0,未装备此牌则该牌5项全0；不表示被弃置,0.0
state,166,166,本人牌区,own_card.brogan-02.PlayedResolved,本人brogan-02是否处于已结算,相等为1，否则0,未装备此牌则该牌5项全0；不表示被弃置,0.0
state,167,167,本人牌区,own_card.brogan-02.Discarded,本人brogan-02是否处于已弃置,相等为1，否则0,未装备此牌则该牌5项全0；不表示被弃置,0.0
state,168,168,本人牌区,own_card.brogan-03.InHand,本人brogan-03是否处于在手,相等为1，否则0,未装备此牌则该牌5项全0；不表示被弃置,0.0
state,169,169,本人牌区,own_card.brogan-03.Selected,本人brogan-03是否处于本人已暗选,相等为1，否则0,未装备此牌则该牌5项全0；不表示被弃置,0.0
state,170,170,本人牌区,own_card.brogan-03.PlayedUnresolved,本人brogan-03是否处于已揭示尚未结算,相等为1，否则0,未装备此牌则该牌5项全0；不表示被弃置,0.0
state,171,171,本人牌区,own_card.brogan-03.PlayedResolved,本人brogan-03是否处于已结算,相等为1，否则0,未装备此牌则该牌5项全0；不表示被弃置,0.0
state,172,172,本人牌区,own_card.brogan-03.Discarded,本人brogan-03是否处于已弃置,相等为1，否则0,未装备此牌则该牌5项全0；不表示被弃置,0.0
state,173,173,本人牌区,own_card.brogan-04.InHand,本人brogan-04是否处于在手,相等为1，否则0,未装备此牌则该牌5项全0；不表示被弃置,0.0
state,174,174,本人牌区,own_card.brogan-04.Selected,本人brogan-04是否处于本人已暗选,相等为1，否则0,未装备此牌则该牌5项全0；不表示被弃置,0.0
state,175,175,本人牌区,own_card.brogan-04.PlayedUnresolved,本人brogan-04是否处于已揭示尚未结算,相等为1，否则0,未装备此牌则该牌5项全0；不表示被弃置,0.0
state,176,176,本人牌区,own_card.brogan-04.PlayedResolved,本人brogan-04是否处于已结算,相等为1，否则0,未装备此牌则该牌5项全0；不表示被弃置,0.0
state,177,177,本人牌区,own_card.brogan-04.Discarded,本人brogan-04是否处于已弃置,相等为1，否则0,未装备此牌则该牌5项全0；不表示被弃置,0.0
state,178,178,本人牌区,own_card.brogan-05.InHand,本人brogan-05是否处于在手,相等为1，否则0,未装备此牌则该牌5项全0；不表示被弃置,0.0
state,179,179,本人牌区,own_card.brogan-05.Selected,本人brogan-05是否处于本人已暗选,相等为1，否则0,未装备此牌则该牌5项全0；不表示被弃置,0.0
state,180,180,本人牌区,own_card.brogan-05.PlayedUnresolved,本人brogan-05是否处于已揭示尚未结算,相等为1，否则0,未装备此牌则该牌5项全0；不表示被弃置,0.0
state,181,181,本人牌区,own_card.brogan-05.PlayedResolved,本人brogan-05是否处于已结算,相等为1，否则0,未装备此牌则该牌5项全0；不表示被弃置,0.0
state,182,182,本人牌区,own_card.brogan-05.Discarded,本人brogan-05是否处于已弃置,相等为1，否则0,未装备此牌则该牌5项全0；不表示被弃置,0.0
state,183,183,本人牌区,own_card.brogan-06.InHand,本人brogan-06是否处于在手,相等为1，否则0,未装备此牌则该牌5项全0；不表示被弃置,0.0
state,184,184,本人牌区,own_card.brogan-06.Selected,本人brogan-06是否处于本人已暗选,相等为1，否则0,未装备此牌则该牌5项全0；不表示被弃置,0.0
state,185,185,本人牌区,own_card.brogan-06.PlayedUnresolved,本人brogan-06是否处于已揭示尚未结算,相等为1，否则0,未装备此牌则该牌5项全0；不表示被弃置,0.0
state,186,186,本人牌区,own_card.brogan-06.PlayedResolved,本人brogan-06是否处于已结算,相等为1，否则0,未装备此牌则该牌5项全0；不表示被弃置,0.0
state,187,187,本人牌区,own_card.brogan-06.Discarded,本人brogan-06是否处于已弃置,相等为1，否则0,未装备此牌则该牌5项全0；不表示被弃置,0.0
state,188,188,本人牌区,own_card.brogan-07.InHand,本人brogan-07是否处于在手,相等为1，否则0,未装备此牌则该牌5项全0；不表示被弃置,0.0
state,189,189,本人牌区,own_card.brogan-07.Selected,本人brogan-07是否处于本人已暗选,相等为1，否则0,未装备此牌则该牌5项全0；不表示被弃置,0.0
state,190,190,本人牌区,own_card.brogan-07.PlayedUnresolved,本人brogan-07是否处于已揭示尚未结算,相等为1，否则0,未装备此牌则该牌5项全0；不表示被弃置,0.0
state,191,191,本人牌区,own_card.brogan-07.PlayedResolved,本人brogan-07是否处于已结算,相等为1，否则0,未装备此牌则该牌5项全0；不表示被弃置,0.0
state,192,192,本人牌区,own_card.brogan-07.Discarded,本人brogan-07是否处于已弃置,相等为1，否则0,未装备此牌则该牌5项全0；不表示被弃置,0.0
state,193,193,本人牌区,own_card.brogan-08.InHand,本人brogan-08是否处于在手,相等为1，否则0,未装备此牌则该牌5项全0；不表示被弃置,0.0
state,194,194,本人牌区,own_card.brogan-08.Selected,本人brogan-08是否处于本人已暗选,相等为1，否则0,未装备此牌则该牌5项全0；不表示被弃置,0.0
state,195,195,本人牌区,own_card.brogan-08.PlayedUnresolved,本人brogan-08是否处于已揭示尚未结算,相等为1，否则0,未装备此牌则该牌5项全0；不表示被弃置,0.0
state,196,196,本人牌区,own_card.brogan-08.PlayedResolved,本人brogan-08是否处于已结算,相等为1，否则0,未装备此牌则该牌5项全0；不表示被弃置,0.0
state,197,197,本人牌区,own_card.brogan-08.Discarded,本人brogan-08是否处于已弃置,相等为1，否则0,未装备此牌则该牌5项全0；不表示被弃置,0.0
state,198,198,本人牌区,own_card.brogan-09.InHand,本人brogan-09是否处于在手,相等为1，否则0,未装备此牌则该牌5项全0；不表示被弃置,0.0
state,199,199,本人牌区,own_card.brogan-09.Selected,本人brogan-09是否处于本人已暗选,相等为1，否则0,未装备此牌则该牌5项全0；不表示被弃置,0.0
state,200,200,本人牌区,own_card.brogan-09.PlayedUnresolved,本人brogan-09是否处于已揭示尚未结算,相等为1，否则0,未装备此牌则该牌5项全0；不表示被弃置,0.0
state,201,201,本人牌区,own_card.brogan-09.PlayedResolved,本人brogan-09是否处于已结算,相等为1，否则0,未装备此牌则该牌5项全0；不表示被弃置,0.0
state,202,202,本人牌区,own_card.brogan-09.Discarded,本人brogan-09是否处于已弃置,相等为1，否则0,未装备此牌则该牌5项全0；不表示被弃置,0.0
state,203,203,本人牌区,own_card.brogan-10.InHand,本人brogan-10是否处于在手,相等为1，否则0,未装备此牌则该牌5项全0；不表示被弃置,0.0
state,204,204,本人牌区,own_card.brogan-10.Selected,本人brogan-10是否处于本人已暗选,相等为1，否则0,未装备此牌则该牌5项全0；不表示被弃置,0.0
state,205,205,本人牌区,own_card.brogan-10.PlayedUnresolved,本人brogan-10是否处于已揭示尚未结算,相等为1，否则0,未装备此牌则该牌5项全0；不表示被弃置,0.0
state,206,206,本人牌区,own_card.brogan-10.PlayedResolved,本人brogan-10是否处于已结算,相等为1，否则0,未装备此牌则该牌5项全0；不表示被弃置,0.0
state,207,207,本人牌区,own_card.brogan-10.Discarded,本人brogan-10是否处于已弃置,相等为1，否则0,未装备此牌则该牌5项全0；不表示被弃置,0.0
state,208,208,本人牌区,own_card.brogan-11.InHand,本人brogan-11是否处于在手,相等为1，否则0,未装备此牌则该牌5项全0；不表示被弃置,0.0
state,209,209,本人牌区,own_card.brogan-11.Selected,本人brogan-11是否处于本人已暗选,相等为1，否则0,未装备此牌则该牌5项全0；不表示被弃置,0.0
state,210,210,本人牌区,own_card.brogan-11.PlayedUnresolved,本人brogan-11是否处于已揭示尚未结算,相等为1，否则0,未装备此牌则该牌5项全0；不表示被弃置,0.0
state,211,211,本人牌区,own_card.brogan-11.PlayedResolved,本人brogan-11是否处于已结算,相等为1，否则0,未装备此牌则该牌5项全0；不表示被弃置,0.0
state,212,212,本人牌区,own_card.brogan-11.Discarded,本人brogan-11是否处于已弃置,相等为1，否则0,未装备此牌则该牌5项全0；不表示被弃置,0.0
state,213,213,本人牌区,own_card.brogan-12.InHand,本人brogan-12是否处于在手,相等为1，否则0,未装备此牌则该牌5项全0；不表示被弃置,0.0
state,214,214,本人牌区,own_card.brogan-12.Selected,本人brogan-12是否处于本人已暗选,相等为1，否则0,未装备此牌则该牌5项全0；不表示被弃置,0.0
state,215,215,本人牌区,own_card.brogan-12.PlayedUnresolved,本人brogan-12是否处于已揭示尚未结算,相等为1，否则0,未装备此牌则该牌5项全0；不表示被弃置,0.0
state,216,216,本人牌区,own_card.brogan-12.PlayedResolved,本人brogan-12是否处于已结算,相等为1，否则0,未装备此牌则该牌5项全0；不表示被弃置,0.0
state,217,217,本人牌区,own_card.brogan-12.Discarded,本人brogan-12是否处于已弃置,相等为1，否则0,未装备此牌则该牌5项全0；不表示被弃置,0.0
state,218,218,本人牌区,own_card.brogan-13.InHand,本人brogan-13是否处于在手,相等为1，否则0,未装备此牌则该牌5项全0；不表示被弃置,0.0
state,219,219,本人牌区,own_card.brogan-13.Selected,本人brogan-13是否处于本人已暗选,相等为1，否则0,未装备此牌则该牌5项全0；不表示被弃置,0.0
state,220,220,本人牌区,own_card.brogan-13.PlayedUnresolved,本人brogan-13是否处于已揭示尚未结算,相等为1，否则0,未装备此牌则该牌5项全0；不表示被弃置,0.0
state,221,221,本人牌区,own_card.brogan-13.PlayedResolved,本人brogan-13是否处于已结算,相等为1，否则0,未装备此牌则该牌5项全0；不表示被弃置,0.0
state,222,222,本人牌区,own_card.brogan-13.Discarded,本人brogan-13是否处于已弃置,相等为1，否则0,未装备此牌则该牌5项全0；不表示被弃置,0.0
state,223,223,本人牌区,own_card.brogan-14.InHand,本人brogan-14是否处于在手,相等为1，否则0,未装备此牌则该牌5项全0；不表示被弃置,0.0
state,224,224,本人牌区,own_card.brogan-14.Selected,本人brogan-14是否处于本人已暗选,相等为1，否则0,未装备此牌则该牌5项全0；不表示被弃置,0.0
state,225,225,本人牌区,own_card.brogan-14.PlayedUnresolved,本人brogan-14是否处于已揭示尚未结算,相等为1，否则0,未装备此牌则该牌5项全0；不表示被弃置,0.0
state,226,226,本人牌区,own_card.brogan-14.PlayedResolved,本人brogan-14是否处于已结算,相等为1，否则0,未装备此牌则该牌5项全0；不表示被弃置,0.0
state,227,227,本人牌区,own_card.brogan-14.Discarded,本人brogan-14是否处于已弃置,相等为1，否则0,未装备此牌则该牌5项全0；不表示被弃置,0.0
state,228,228,本人牌区,own_card.brogan-15.InHand,本人brogan-15是否处于在手,相等为1，否则0,未装备此牌则该牌5项全0；不表示被弃置,0.0
state,229,229,本人牌区,own_card.brogan-15.Selected,本人brogan-15是否处于本人已暗选,相等为1，否则0,未装备此牌则该牌5项全0；不表示被弃置,0.0
state,230,230,本人牌区,own_card.brogan-15.PlayedUnresolved,本人brogan-15是否处于已揭示尚未结算,相等为1，否则0,未装备此牌则该牌5项全0；不表示被弃置,0.0
state,231,231,本人牌区,own_card.brogan-15.PlayedResolved,本人brogan-15是否处于已结算,相等为1，否则0,未装备此牌则该牌5项全0；不表示被弃置,0.0
state,232,232,本人牌区,own_card.brogan-15.Discarded,本人brogan-15是否处于已弃置,相等为1，否则0,未装备此牌则该牌5项全0；不表示被弃置,0.0
state,233,233,本人牌区,own_card.brogan-16.InHand,本人brogan-16是否处于在手,相等为1，否则0,未装备此牌则该牌5项全0；不表示被弃置,0.0
state,234,234,本人牌区,own_card.brogan-16.Selected,本人brogan-16是否处于本人已暗选,相等为1，否则0,未装备此牌则该牌5项全0；不表示被弃置,0.0
state,235,235,本人牌区,own_card.brogan-16.PlayedUnresolved,本人brogan-16是否处于已揭示尚未结算,相等为1，否则0,未装备此牌则该牌5项全0；不表示被弃置,0.0
state,236,236,本人牌区,own_card.brogan-16.PlayedResolved,本人brogan-16是否处于已结算,相等为1，否则0,未装备此牌则该牌5项全0；不表示被弃置,0.0
state,237,237,本人牌区,own_card.brogan-16.Discarded,本人brogan-16是否处于已弃置,相等为1，否则0,未装备此牌则该牌5项全0；不表示被弃置,0.0
state,238,238,本人牌区,own_card.brogan-17.InHand,本人brogan-17是否处于在手,相等为1，否则0,未装备此牌则该牌5项全0；不表示被弃置,0.0
state,239,239,本人牌区,own_card.brogan-17.Selected,本人brogan-17是否处于本人已暗选,相等为1，否则0,未装备此牌则该牌5项全0；不表示被弃置,0.0
state,240,240,本人牌区,own_card.brogan-17.PlayedUnresolved,本人brogan-17是否处于已揭示尚未结算,相等为1，否则0,未装备此牌则该牌5项全0；不表示被弃置,0.0
state,241,241,本人牌区,own_card.brogan-17.PlayedResolved,本人brogan-17是否处于已结算,相等为1，否则0,未装备此牌则该牌5项全0；不表示被弃置,0.0
state,242,242,本人牌区,own_card.brogan-17.Discarded,本人brogan-17是否处于已弃置,相等为1，否则0,未装备此牌则该牌5项全0；不表示被弃置,0.0
state,243,243,本人牌区,own_card.sabina-00.InHand,本人sabina-00是否处于在手,相等为1，否则0,未装备此牌则该牌5项全0；不表示被弃置,1.0
state,244,244,本人牌区,own_card.sabina-00.Selected,本人sabina-00是否处于本人已暗选,相等为1，否则0,未装备此牌则该牌5项全0；不表示被弃置,0.0
state,245,245,本人牌区,own_card.sabina-00.PlayedUnresolved,本人sabina-00是否处于已揭示尚未结算,相等为1，否则0,未装备此牌则该牌5项全0；不表示被弃置,0.0
state,246,246,本人牌区,own_card.sabina-00.PlayedResolved,本人sabina-00是否处于已结算,相等为1，否则0,未装备此牌则该牌5项全0；不表示被弃置,0.0
state,247,247,本人牌区,own_card.sabina-00.Discarded,本人sabina-00是否处于已弃置,相等为1，否则0,未装备此牌则该牌5项全0；不表示被弃置,0.0
state,248,248,本人牌区,own_card.sabina-01.InHand,本人sabina-01是否处于在手,相等为1，否则0,未装备此牌则该牌5项全0；不表示被弃置,1.0
state,249,249,本人牌区,own_card.sabina-01.Selected,本人sabina-01是否处于本人已暗选,相等为1，否则0,未装备此牌则该牌5项全0；不表示被弃置,0.0
state,250,250,本人牌区,own_card.sabina-01.PlayedUnresolved,本人sabina-01是否处于已揭示尚未结算,相等为1，否则0,未装备此牌则该牌5项全0；不表示被弃置,0.0
state,251,251,本人牌区,own_card.sabina-01.PlayedResolved,本人sabina-01是否处于已结算,相等为1，否则0,未装备此牌则该牌5项全0；不表示被弃置,0.0
state,252,252,本人牌区,own_card.sabina-01.Discarded,本人sabina-01是否处于已弃置,相等为1，否则0,未装备此牌则该牌5项全0；不表示被弃置,0.0
state,253,253,本人牌区,own_card.sabina-02.InHand,本人sabina-02是否处于在手,相等为1，否则0,未装备此牌则该牌5项全0；不表示被弃置,0.0
state,254,254,本人牌区,own_card.sabina-02.Selected,本人sabina-02是否处于本人已暗选,相等为1，否则0,未装备此牌则该牌5项全0；不表示被弃置,0.0
state,255,255,本人牌区,own_card.sabina-02.PlayedUnresolved,本人sabina-02是否处于已揭示尚未结算,相等为1，否则0,未装备此牌则该牌5项全0；不表示被弃置,0.0
state,256,256,本人牌区,own_card.sabina-02.PlayedResolved,本人sabina-02是否处于已结算,相等为1，否则0,未装备此牌则该牌5项全0；不表示被弃置,0.0
state,257,257,本人牌区,own_card.sabina-02.Discarded,本人sabina-02是否处于已弃置,相等为1，否则0,未装备此牌则该牌5项全0；不表示被弃置,0.0
state,258,258,本人牌区,own_card.sabina-03.InHand,本人sabina-03是否处于在手,相等为1，否则0,未装备此牌则该牌5项全0；不表示被弃置,0.0
state,259,259,本人牌区,own_card.sabina-03.Selected,本人sabina-03是否处于本人已暗选,相等为1，否则0,未装备此牌则该牌5项全0；不表示被弃置,0.0
state,260,260,本人牌区,own_card.sabina-03.PlayedUnresolved,本人sabina-03是否处于已揭示尚未结算,相等为1，否则0,未装备此牌则该牌5项全0；不表示被弃置,0.0
state,261,261,本人牌区,own_card.sabina-03.PlayedResolved,本人sabina-03是否处于已结算,相等为1，否则0,未装备此牌则该牌5项全0；不表示被弃置,0.0
state,262,262,本人牌区,own_card.sabina-03.Discarded,本人sabina-03是否处于已弃置,相等为1，否则0,未装备此牌则该牌5项全0；不表示被弃置,0.0
state,263,263,本人牌区,own_card.sabina-04.InHand,本人sabina-04是否处于在手,相等为1，否则0,未装备此牌则该牌5项全0；不表示被弃置,0.0
state,264,264,本人牌区,own_card.sabina-04.Selected,本人sabina-04是否处于本人已暗选,相等为1，否则0,未装备此牌则该牌5项全0；不表示被弃置,0.0
state,265,265,本人牌区,own_card.sabina-04.PlayedUnresolved,本人sabina-04是否处于已揭示尚未结算,相等为1，否则0,未装备此牌则该牌5项全0；不表示被弃置,0.0
state,266,266,本人牌区,own_card.sabina-04.PlayedResolved,本人sabina-04是否处于已结算,相等为1，否则0,未装备此牌则该牌5项全0；不表示被弃置,0.0
state,267,267,本人牌区,own_card.sabina-04.Discarded,本人sabina-04是否处于已弃置,相等为1，否则0,未装备此牌则该牌5项全0；不表示被弃置,0.0
state,268,268,本人牌区,own_card.sabina-05.InHand,本人sabina-05是否处于在手,相等为1，否则0,未装备此牌则该牌5项全0；不表示被弃置,0.0
state,269,269,本人牌区,own_card.sabina-05.Selected,本人sabina-05是否处于本人已暗选,相等为1，否则0,未装备此牌则该牌5项全0；不表示被弃置,0.0
state,270,270,本人牌区,own_card.sabina-05.PlayedUnresolved,本人sabina-05是否处于已揭示尚未结算,相等为1，否则0,未装备此牌则该牌5项全0；不表示被弃置,0.0
state,271,271,本人牌区,own_card.sabina-05.PlayedResolved,本人sabina-05是否处于已结算,相等为1，否则0,未装备此牌则该牌5项全0；不表示被弃置,0.0
state,272,272,本人牌区,own_card.sabina-05.Discarded,本人sabina-05是否处于已弃置,相等为1，否则0,未装备此牌则该牌5项全0；不表示被弃置,0.0
state,273,273,本人牌区,own_card.sabina-06.InHand,本人sabina-06是否处于在手,相等为1，否则0,未装备此牌则该牌5项全0；不表示被弃置,1.0
state,274,274,本人牌区,own_card.sabina-06.Selected,本人sabina-06是否处于本人已暗选,相等为1，否则0,未装备此牌则该牌5项全0；不表示被弃置,0.0
state,275,275,本人牌区,own_card.sabina-06.PlayedUnresolved,本人sabina-06是否处于已揭示尚未结算,相等为1，否则0,未装备此牌则该牌5项全0；不表示被弃置,0.0
state,276,276,本人牌区,own_card.sabina-06.PlayedResolved,本人sabina-06是否处于已结算,相等为1，否则0,未装备此牌则该牌5项全0；不表示被弃置,0.0
state,277,277,本人牌区,own_card.sabina-06.Discarded,本人sabina-06是否处于已弃置,相等为1，否则0,未装备此牌则该牌5项全0；不表示被弃置,0.0
state,278,278,本人牌区,own_card.sabina-07.InHand,本人sabina-07是否处于在手,相等为1，否则0,未装备此牌则该牌5项全0；不表示被弃置,1.0
state,279,279,本人牌区,own_card.sabina-07.Selected,本人sabina-07是否处于本人已暗选,相等为1，否则0,未装备此牌则该牌5项全0；不表示被弃置,0.0
state,280,280,本人牌区,own_card.sabina-07.PlayedUnresolved,本人sabina-07是否处于已揭示尚未结算,相等为1，否则0,未装备此牌则该牌5项全0；不表示被弃置,0.0
state,281,281,本人牌区,own_card.sabina-07.PlayedResolved,本人sabina-07是否处于已结算,相等为1，否则0,未装备此牌则该牌5项全0；不表示被弃置,0.0
state,282,282,本人牌区,own_card.sabina-07.Discarded,本人sabina-07是否处于已弃置,相等为1，否则0,未装备此牌则该牌5项全0；不表示被弃置,0.0
state,283,283,本人牌区,own_card.sabina-08.InHand,本人sabina-08是否处于在手,相等为1，否则0,未装备此牌则该牌5项全0；不表示被弃置,0.0
state,284,284,本人牌区,own_card.sabina-08.Selected,本人sabina-08是否处于本人已暗选,相等为1，否则0,未装备此牌则该牌5项全0；不表示被弃置,0.0
state,285,285,本人牌区,own_card.sabina-08.PlayedUnresolved,本人sabina-08是否处于已揭示尚未结算,相等为1，否则0,未装备此牌则该牌5项全0；不表示被弃置,0.0
state,286,286,本人牌区,own_card.sabina-08.PlayedResolved,本人sabina-08是否处于已结算,相等为1，否则0,未装备此牌则该牌5项全0；不表示被弃置,0.0
state,287,287,本人牌区,own_card.sabina-08.Discarded,本人sabina-08是否处于已弃置,相等为1，否则0,未装备此牌则该牌5项全0；不表示被弃置,0.0
state,288,288,本人牌区,own_card.sabina-09.InHand,本人sabina-09是否处于在手,相等为1，否则0,未装备此牌则该牌5项全0；不表示被弃置,0.0
state,289,289,本人牌区,own_card.sabina-09.Selected,本人sabina-09是否处于本人已暗选,相等为1，否则0,未装备此牌则该牌5项全0；不表示被弃置,0.0
state,290,290,本人牌区,own_card.sabina-09.PlayedUnresolved,本人sabina-09是否处于已揭示尚未结算,相等为1，否则0,未装备此牌则该牌5项全0；不表示被弃置,0.0
state,291,291,本人牌区,own_card.sabina-09.PlayedResolved,本人sabina-09是否处于已结算,相等为1，否则0,未装备此牌则该牌5项全0；不表示被弃置,0.0
state,292,292,本人牌区,own_card.sabina-09.Discarded,本人sabina-09是否处于已弃置,相等为1，否则0,未装备此牌则该牌5项全0；不表示被弃置,0.0
state,293,293,本人牌区,own_card.sabina-10.InHand,本人sabina-10是否处于在手,相等为1，否则0,未装备此牌则该牌5项全0；不表示被弃置,0.0
state,294,294,本人牌区,own_card.sabina-10.Selected,本人sabina-10是否处于本人已暗选,相等为1，否则0,未装备此牌则该牌5项全0；不表示被弃置,0.0
state,295,295,本人牌区,own_card.sabina-10.PlayedUnresolved,本人sabina-10是否处于已揭示尚未结算,相等为1，否则0,未装备此牌则该牌5项全0；不表示被弃置,0.0
state,296,296,本人牌区,own_card.sabina-10.PlayedResolved,本人sabina-10是否处于已结算,相等为1，否则0,未装备此牌则该牌5项全0；不表示被弃置,0.0
state,297,297,本人牌区,own_card.sabina-10.Discarded,本人sabina-10是否处于已弃置,相等为1，否则0,未装备此牌则该牌5项全0；不表示被弃置,0.0
state,298,298,本人牌区,own_card.sabina-11.InHand,本人sabina-11是否处于在手,相等为1，否则0,未装备此牌则该牌5项全0；不表示被弃置,0.0
state,299,299,本人牌区,own_card.sabina-11.Selected,本人sabina-11是否处于本人已暗选,相等为1，否则0,未装备此牌则该牌5项全0；不表示被弃置,0.0
state,300,300,本人牌区,own_card.sabina-11.PlayedUnresolved,本人sabina-11是否处于已揭示尚未结算,相等为1，否则0,未装备此牌则该牌5项全0；不表示被弃置,0.0
state,301,301,本人牌区,own_card.sabina-11.PlayedResolved,本人sabina-11是否处于已结算,相等为1，否则0,未装备此牌则该牌5项全0；不表示被弃置,0.0
state,302,302,本人牌区,own_card.sabina-11.Discarded,本人sabina-11是否处于已弃置,相等为1，否则0,未装备此牌则该牌5项全0；不表示被弃置,0.0
state,303,303,本人牌区,own_card.sabina-12.InHand,本人sabina-12是否处于在手,相等为1，否则0,未装备此牌则该牌5项全0；不表示被弃置,0.0
state,304,304,本人牌区,own_card.sabina-12.Selected,本人sabina-12是否处于本人已暗选,相等为1，否则0,未装备此牌则该牌5项全0；不表示被弃置,0.0
state,305,305,本人牌区,own_card.sabina-12.PlayedUnresolved,本人sabina-12是否处于已揭示尚未结算,相等为1，否则0,未装备此牌则该牌5项全0；不表示被弃置,0.0
state,306,306,本人牌区,own_card.sabina-12.PlayedResolved,本人sabina-12是否处于已结算,相等为1，否则0,未装备此牌则该牌5项全0；不表示被弃置,0.0
state,307,307,本人牌区,own_card.sabina-12.Discarded,本人sabina-12是否处于已弃置,相等为1，否则0,未装备此牌则该牌5项全0；不表示被弃置,0.0
state,308,308,本人牌区,own_card.sabina-13.InHand,本人sabina-13是否处于在手,相等为1，否则0,未装备此牌则该牌5项全0；不表示被弃置,0.0
state,309,309,本人牌区,own_card.sabina-13.Selected,本人sabina-13是否处于本人已暗选,相等为1，否则0,未装备此牌则该牌5项全0；不表示被弃置,0.0
state,310,310,本人牌区,own_card.sabina-13.PlayedUnresolved,本人sabina-13是否处于已揭示尚未结算,相等为1，否则0,未装备此牌则该牌5项全0；不表示被弃置,0.0
state,311,311,本人牌区,own_card.sabina-13.PlayedResolved,本人sabina-13是否处于已结算,相等为1，否则0,未装备此牌则该牌5项全0；不表示被弃置,0.0
state,312,312,本人牌区,own_card.sabina-13.Discarded,本人sabina-13是否处于已弃置,相等为1，否则0,未装备此牌则该牌5项全0；不表示被弃置,0.0
state,313,313,本人牌区,own_card.sabina-14.InHand,本人sabina-14是否处于在手,相等为1，否则0,未装备此牌则该牌5项全0；不表示被弃置,0.0
state,314,314,本人牌区,own_card.sabina-14.Selected,本人sabina-14是否处于本人已暗选,相等为1，否则0,未装备此牌则该牌5项全0；不表示被弃置,0.0
state,315,315,本人牌区,own_card.sabina-14.PlayedUnresolved,本人sabina-14是否处于已揭示尚未结算,相等为1，否则0,未装备此牌则该牌5项全0；不表示被弃置,0.0
state,316,316,本人牌区,own_card.sabina-14.PlayedResolved,本人sabina-14是否处于已结算,相等为1，否则0,未装备此牌则该牌5项全0；不表示被弃置,0.0
state,317,317,本人牌区,own_card.sabina-14.Discarded,本人sabina-14是否处于已弃置,相等为1，否则0,未装备此牌则该牌5项全0；不表示被弃置,0.0
state,318,318,本人牌区,own_card.sabina-15.InHand,本人sabina-15是否处于在手,相等为1，否则0,未装备此牌则该牌5项全0；不表示被弃置,0.0
state,319,319,本人牌区,own_card.sabina-15.Selected,本人sabina-15是否处于本人已暗选,相等为1，否则0,未装备此牌则该牌5项全0；不表示被弃置,0.0
state,320,320,本人牌区,own_card.sabina-15.PlayedUnresolved,本人sabina-15是否处于已揭示尚未结算,相等为1，否则0,未装备此牌则该牌5项全0；不表示被弃置,0.0
state,321,321,本人牌区,own_card.sabina-15.PlayedResolved,本人sabina-15是否处于已结算,相等为1，否则0,未装备此牌则该牌5项全0；不表示被弃置,0.0
state,322,322,本人牌区,own_card.sabina-15.Discarded,本人sabina-15是否处于已弃置,相等为1，否则0,未装备此牌则该牌5项全0；不表示被弃置,0.0
state,323,323,本人牌区,own_card.sabina-16.InHand,本人sabina-16是否处于在手,相等为1，否则0,未装备此牌则该牌5项全0；不表示被弃置,0.0
state,324,324,本人牌区,own_card.sabina-16.Selected,本人sabina-16是否处于本人已暗选,相等为1，否则0,未装备此牌则该牌5项全0；不表示被弃置,0.0
state,325,325,本人牌区,own_card.sabina-16.PlayedUnresolved,本人sabina-16是否处于已揭示尚未结算,相等为1，否则0,未装备此牌则该牌5项全0；不表示被弃置,0.0
state,326,326,本人牌区,own_card.sabina-16.PlayedResolved,本人sabina-16是否处于已结算,相等为1，否则0,未装备此牌则该牌5项全0；不表示被弃置,0.0
state,327,327,本人牌区,own_card.sabina-16.Discarded,本人sabina-16是否处于已弃置,相等为1，否则0,未装备此牌则该牌5项全0；不表示被弃置,0.0
state,328,328,本人牌区,own_card.sabina-17.InHand,本人sabina-17是否处于在手,相等为1，否则0,未装备此牌则该牌5项全0；不表示被弃置,1.0
state,329,329,本人牌区,own_card.sabina-17.Selected,本人sabina-17是否处于本人已暗选,相等为1，否则0,未装备此牌则该牌5项全0；不表示被弃置,0.0
state,330,330,本人牌区,own_card.sabina-17.PlayedUnresolved,本人sabina-17是否处于已揭示尚未结算,相等为1，否则0,未装备此牌则该牌5项全0；不表示被弃置,0.0
state,331,331,本人牌区,own_card.sabina-17.PlayedResolved,本人sabina-17是否处于已结算,相等为1，否则0,未装备此牌则该牌5项全0；不表示被弃置,0.0
state,332,332,本人牌区,own_card.sabina-17.Discarded,本人sabina-17是否处于已弃置,相等为1，否则0,未装备此牌则该牌5项全0；不表示被弃置,0.0
state,333,333,本人牌区,own_card.shargatha-00.InHand,本人shargatha-00是否处于在手,相等为1，否则0,未装备此牌则该牌5项全0；不表示被弃置,0.0
state,334,334,本人牌区,own_card.shargatha-00.Selected,本人shargatha-00是否处于本人已暗选,相等为1，否则0,未装备此牌则该牌5项全0；不表示被弃置,0.0
state,335,335,本人牌区,own_card.shargatha-00.PlayedUnresolved,本人shargatha-00是否处于已揭示尚未结算,相等为1，否则0,未装备此牌则该牌5项全0；不表示被弃置,0.0
state,336,336,本人牌区,own_card.shargatha-00.PlayedResolved,本人shargatha-00是否处于已结算,相等为1，否则0,未装备此牌则该牌5项全0；不表示被弃置,0.0
state,337,337,本人牌区,own_card.shargatha-00.Discarded,本人shargatha-00是否处于已弃置,相等为1，否则0,未装备此牌则该牌5项全0；不表示被弃置,0.0
state,338,338,本人牌区,own_card.shargatha-01.InHand,本人shargatha-01是否处于在手,相等为1，否则0,未装备此牌则该牌5项全0；不表示被弃置,0.0
state,339,339,本人牌区,own_card.shargatha-01.Selected,本人shargatha-01是否处于本人已暗选,相等为1，否则0,未装备此牌则该牌5项全0；不表示被弃置,0.0
state,340,340,本人牌区,own_card.shargatha-01.PlayedUnresolved,本人shargatha-01是否处于已揭示尚未结算,相等为1，否则0,未装备此牌则该牌5项全0；不表示被弃置,0.0
state,341,341,本人牌区,own_card.shargatha-01.PlayedResolved,本人shargatha-01是否处于已结算,相等为1，否则0,未装备此牌则该牌5项全0；不表示被弃置,0.0
state,342,342,本人牌区,own_card.shargatha-01.Discarded,本人shargatha-01是否处于已弃置,相等为1，否则0,未装备此牌则该牌5项全0；不表示被弃置,0.0
state,343,343,本人牌区,own_card.shargatha-02.InHand,本人shargatha-02是否处于在手,相等为1，否则0,未装备此牌则该牌5项全0；不表示被弃置,0.0
state,344,344,本人牌区,own_card.shargatha-02.Selected,本人shargatha-02是否处于本人已暗选,相等为1，否则0,未装备此牌则该牌5项全0；不表示被弃置,0.0
state,345,345,本人牌区,own_card.shargatha-02.PlayedUnresolved,本人shargatha-02是否处于已揭示尚未结算,相等为1，否则0,未装备此牌则该牌5项全0；不表示被弃置,0.0
state,346,346,本人牌区,own_card.shargatha-02.PlayedResolved,本人shargatha-02是否处于已结算,相等为1，否则0,未装备此牌则该牌5项全0；不表示被弃置,0.0
state,347,347,本人牌区,own_card.shargatha-02.Discarded,本人shargatha-02是否处于已弃置,相等为1，否则0,未装备此牌则该牌5项全0；不表示被弃置,0.0
state,348,348,本人牌区,own_card.shargatha-03.InHand,本人shargatha-03是否处于在手,相等为1，否则0,未装备此牌则该牌5项全0；不表示被弃置,0.0
state,349,349,本人牌区,own_card.shargatha-03.Selected,本人shargatha-03是否处于本人已暗选,相等为1，否则0,未装备此牌则该牌5项全0；不表示被弃置,0.0
state,350,350,本人牌区,own_card.shargatha-03.PlayedUnresolved,本人shargatha-03是否处于已揭示尚未结算,相等为1，否则0,未装备此牌则该牌5项全0；不表示被弃置,0.0
state,351,351,本人牌区,own_card.shargatha-03.PlayedResolved,本人shargatha-03是否处于已结算,相等为1，否则0,未装备此牌则该牌5项全0；不表示被弃置,0.0
state,352,352,本人牌区,own_card.shargatha-03.Discarded,本人shargatha-03是否处于已弃置,相等为1，否则0,未装备此牌则该牌5项全0；不表示被弃置,0.0
state,353,353,本人牌区,own_card.shargatha-04.InHand,本人shargatha-04是否处于在手,相等为1，否则0,未装备此牌则该牌5项全0；不表示被弃置,0.0
state,354,354,本人牌区,own_card.shargatha-04.Selected,本人shargatha-04是否处于本人已暗选,相等为1，否则0,未装备此牌则该牌5项全0；不表示被弃置,0.0
state,355,355,本人牌区,own_card.shargatha-04.PlayedUnresolved,本人shargatha-04是否处于已揭示尚未结算,相等为1，否则0,未装备此牌则该牌5项全0；不表示被弃置,0.0
state,356,356,本人牌区,own_card.shargatha-04.PlayedResolved,本人shargatha-04是否处于已结算,相等为1，否则0,未装备此牌则该牌5项全0；不表示被弃置,0.0
state,357,357,本人牌区,own_card.shargatha-04.Discarded,本人shargatha-04是否处于已弃置,相等为1，否则0,未装备此牌则该牌5项全0；不表示被弃置,0.0
state,358,358,本人牌区,own_card.shargatha-05.InHand,本人shargatha-05是否处于在手,相等为1，否则0,未装备此牌则该牌5项全0；不表示被弃置,0.0
state,359,359,本人牌区,own_card.shargatha-05.Selected,本人shargatha-05是否处于本人已暗选,相等为1，否则0,未装备此牌则该牌5项全0；不表示被弃置,0.0
state,360,360,本人牌区,own_card.shargatha-05.PlayedUnresolved,本人shargatha-05是否处于已揭示尚未结算,相等为1，否则0,未装备此牌则该牌5项全0；不表示被弃置,0.0
state,361,361,本人牌区,own_card.shargatha-05.PlayedResolved,本人shargatha-05是否处于已结算,相等为1，否则0,未装备此牌则该牌5项全0；不表示被弃置,0.0
state,362,362,本人牌区,own_card.shargatha-05.Discarded,本人shargatha-05是否处于已弃置,相等为1，否则0,未装备此牌则该牌5项全0；不表示被弃置,0.0
state,363,363,本人牌区,own_card.shargatha-06.InHand,本人shargatha-06是否处于在手,相等为1，否则0,未装备此牌则该牌5项全0；不表示被弃置,0.0
state,364,364,本人牌区,own_card.shargatha-06.Selected,本人shargatha-06是否处于本人已暗选,相等为1，否则0,未装备此牌则该牌5项全0；不表示被弃置,0.0
state,365,365,本人牌区,own_card.shargatha-06.PlayedUnresolved,本人shargatha-06是否处于已揭示尚未结算,相等为1，否则0,未装备此牌则该牌5项全0；不表示被弃置,0.0
state,366,366,本人牌区,own_card.shargatha-06.PlayedResolved,本人shargatha-06是否处于已结算,相等为1，否则0,未装备此牌则该牌5项全0；不表示被弃置,0.0
state,367,367,本人牌区,own_card.shargatha-06.Discarded,本人shargatha-06是否处于已弃置,相等为1，否则0,未装备此牌则该牌5项全0；不表示被弃置,0.0
state,368,368,本人牌区,own_card.shargatha-07.InHand,本人shargatha-07是否处于在手,相等为1，否则0,未装备此牌则该牌5项全0；不表示被弃置,0.0
state,369,369,本人牌区,own_card.shargatha-07.Selected,本人shargatha-07是否处于本人已暗选,相等为1，否则0,未装备此牌则该牌5项全0；不表示被弃置,0.0
state,370,370,本人牌区,own_card.shargatha-07.PlayedUnresolved,本人shargatha-07是否处于已揭示尚未结算,相等为1，否则0,未装备此牌则该牌5项全0；不表示被弃置,0.0
state,371,371,本人牌区,own_card.shargatha-07.PlayedResolved,本人shargatha-07是否处于已结算,相等为1，否则0,未装备此牌则该牌5项全0；不表示被弃置,0.0
state,372,372,本人牌区,own_card.shargatha-07.Discarded,本人shargatha-07是否处于已弃置,相等为1，否则0,未装备此牌则该牌5项全0；不表示被弃置,0.0
state,373,373,本人牌区,own_card.shargatha-08.InHand,本人shargatha-08是否处于在手,相等为1，否则0,未装备此牌则该牌5项全0；不表示被弃置,0.0
state,374,374,本人牌区,own_card.shargatha-08.Selected,本人shargatha-08是否处于本人已暗选,相等为1，否则0,未装备此牌则该牌5项全0；不表示被弃置,0.0
state,375,375,本人牌区,own_card.shargatha-08.PlayedUnresolved,本人shargatha-08是否处于已揭示尚未结算,相等为1，否则0,未装备此牌则该牌5项全0；不表示被弃置,0.0
state,376,376,本人牌区,own_card.shargatha-08.PlayedResolved,本人shargatha-08是否处于已结算,相等为1，否则0,未装备此牌则该牌5项全0；不表示被弃置,0.0
state,377,377,本人牌区,own_card.shargatha-08.Discarded,本人shargatha-08是否处于已弃置,相等为1，否则0,未装备此牌则该牌5项全0；不表示被弃置,0.0
state,378,378,本人牌区,own_card.shargatha-09.InHand,本人shargatha-09是否处于在手,相等为1，否则0,未装备此牌则该牌5项全0；不表示被弃置,0.0
state,379,379,本人牌区,own_card.shargatha-09.Selected,本人shargatha-09是否处于本人已暗选,相等为1，否则0,未装备此牌则该牌5项全0；不表示被弃置,0.0
state,380,380,本人牌区,own_card.shargatha-09.PlayedUnresolved,本人shargatha-09是否处于已揭示尚未结算,相等为1，否则0,未装备此牌则该牌5项全0；不表示被弃置,0.0
state,381,381,本人牌区,own_card.shargatha-09.PlayedResolved,本人shargatha-09是否处于已结算,相等为1，否则0,未装备此牌则该牌5项全0；不表示被弃置,0.0
state,382,382,本人牌区,own_card.shargatha-09.Discarded,本人shargatha-09是否处于已弃置,相等为1，否则0,未装备此牌则该牌5项全0；不表示被弃置,0.0
state,383,383,本人牌区,own_card.shargatha-10.InHand,本人shargatha-10是否处于在手,相等为1，否则0,未装备此牌则该牌5项全0；不表示被弃置,0.0
state,384,384,本人牌区,own_card.shargatha-10.Selected,本人shargatha-10是否处于本人已暗选,相等为1，否则0,未装备此牌则该牌5项全0；不表示被弃置,0.0
state,385,385,本人牌区,own_card.shargatha-10.PlayedUnresolved,本人shargatha-10是否处于已揭示尚未结算,相等为1，否则0,未装备此牌则该牌5项全0；不表示被弃置,0.0
state,386,386,本人牌区,own_card.shargatha-10.PlayedResolved,本人shargatha-10是否处于已结算,相等为1，否则0,未装备此牌则该牌5项全0；不表示被弃置,0.0
state,387,387,本人牌区,own_card.shargatha-10.Discarded,本人shargatha-10是否处于已弃置,相等为1，否则0,未装备此牌则该牌5项全0；不表示被弃置,0.0
state,388,388,本人牌区,own_card.shargatha-11.InHand,本人shargatha-11是否处于在手,相等为1，否则0,未装备此牌则该牌5项全0；不表示被弃置,0.0
state,389,389,本人牌区,own_card.shargatha-11.Selected,本人shargatha-11是否处于本人已暗选,相等为1，否则0,未装备此牌则该牌5项全0；不表示被弃置,0.0
state,390,390,本人牌区,own_card.shargatha-11.PlayedUnresolved,本人shargatha-11是否处于已揭示尚未结算,相等为1，否则0,未装备此牌则该牌5项全0；不表示被弃置,0.0
state,391,391,本人牌区,own_card.shargatha-11.PlayedResolved,本人shargatha-11是否处于已结算,相等为1，否则0,未装备此牌则该牌5项全0；不表示被弃置,0.0
state,392,392,本人牌区,own_card.shargatha-11.Discarded,本人shargatha-11是否处于已弃置,相等为1，否则0,未装备此牌则该牌5项全0；不表示被弃置,0.0
state,393,393,本人牌区,own_card.shargatha-12.InHand,本人shargatha-12是否处于在手,相等为1，否则0,未装备此牌则该牌5项全0；不表示被弃置,0.0
state,394,394,本人牌区,own_card.shargatha-12.Selected,本人shargatha-12是否处于本人已暗选,相等为1，否则0,未装备此牌则该牌5项全0；不表示被弃置,0.0
state,395,395,本人牌区,own_card.shargatha-12.PlayedUnresolved,本人shargatha-12是否处于已揭示尚未结算,相等为1，否则0,未装备此牌则该牌5项全0；不表示被弃置,0.0
state,396,396,本人牌区,own_card.shargatha-12.PlayedResolved,本人shargatha-12是否处于已结算,相等为1，否则0,未装备此牌则该牌5项全0；不表示被弃置,0.0
state,397,397,本人牌区,own_card.shargatha-12.Discarded,本人shargatha-12是否处于已弃置,相等为1，否则0,未装备此牌则该牌5项全0；不表示被弃置,0.0
state,398,398,本人牌区,own_card.shargatha-13.InHand,本人shargatha-13是否处于在手,相等为1，否则0,未装备此牌则该牌5项全0；不表示被弃置,0.0
state,399,399,本人牌区,own_card.shargatha-13.Selected,本人shargatha-13是否处于本人已暗选,相等为1，否则0,未装备此牌则该牌5项全0；不表示被弃置,0.0
state,400,400,本人牌区,own_card.shargatha-13.PlayedUnresolved,本人shargatha-13是否处于已揭示尚未结算,相等为1，否则0,未装备此牌则该牌5项全0；不表示被弃置,0.0
state,401,401,本人牌区,own_card.shargatha-13.PlayedResolved,本人shargatha-13是否处于已结算,相等为1，否则0,未装备此牌则该牌5项全0；不表示被弃置,0.0
state,402,402,本人牌区,own_card.shargatha-13.Discarded,本人shargatha-13是否处于已弃置,相等为1，否则0,未装备此牌则该牌5项全0；不表示被弃置,0.0
state,403,403,本人牌区,own_card.shargatha-14.InHand,本人shargatha-14是否处于在手,相等为1，否则0,未装备此牌则该牌5项全0；不表示被弃置,0.0
state,404,404,本人牌区,own_card.shargatha-14.Selected,本人shargatha-14是否处于本人已暗选,相等为1，否则0,未装备此牌则该牌5项全0；不表示被弃置,0.0
state,405,405,本人牌区,own_card.shargatha-14.PlayedUnresolved,本人shargatha-14是否处于已揭示尚未结算,相等为1，否则0,未装备此牌则该牌5项全0；不表示被弃置,0.0
state,406,406,本人牌区,own_card.shargatha-14.PlayedResolved,本人shargatha-14是否处于已结算,相等为1，否则0,未装备此牌则该牌5项全0；不表示被弃置,0.0
state,407,407,本人牌区,own_card.shargatha-14.Discarded,本人shargatha-14是否处于已弃置,相等为1，否则0,未装备此牌则该牌5项全0；不表示被弃置,0.0
state,408,408,本人牌区,own_card.shargatha-15.InHand,本人shargatha-15是否处于在手,相等为1，否则0,未装备此牌则该牌5项全0；不表示被弃置,0.0
state,409,409,本人牌区,own_card.shargatha-15.Selected,本人shargatha-15是否处于本人已暗选,相等为1，否则0,未装备此牌则该牌5项全0；不表示被弃置,0.0
state,410,410,本人牌区,own_card.shargatha-15.PlayedUnresolved,本人shargatha-15是否处于已揭示尚未结算,相等为1，否则0,未装备此牌则该牌5项全0；不表示被弃置,0.0
state,411,411,本人牌区,own_card.shargatha-15.PlayedResolved,本人shargatha-15是否处于已结算,相等为1，否则0,未装备此牌则该牌5项全0；不表示被弃置,0.0
state,412,412,本人牌区,own_card.shargatha-15.Discarded,本人shargatha-15是否处于已弃置,相等为1，否则0,未装备此牌则该牌5项全0；不表示被弃置,0.0
state,413,413,本人牌区,own_card.shargatha-16.InHand,本人shargatha-16是否处于在手,相等为1，否则0,未装备此牌则该牌5项全0；不表示被弃置,0.0
state,414,414,本人牌区,own_card.shargatha-16.Selected,本人shargatha-16是否处于本人已暗选,相等为1，否则0,未装备此牌则该牌5项全0；不表示被弃置,0.0
state,415,415,本人牌区,own_card.shargatha-16.PlayedUnresolved,本人shargatha-16是否处于已揭示尚未结算,相等为1，否则0,未装备此牌则该牌5项全0；不表示被弃置,0.0
state,416,416,本人牌区,own_card.shargatha-16.PlayedResolved,本人shargatha-16是否处于已结算,相等为1，否则0,未装备此牌则该牌5项全0；不表示被弃置,0.0
state,417,417,本人牌区,own_card.shargatha-16.Discarded,本人shargatha-16是否处于已弃置,相等为1，否则0,未装备此牌则该牌5项全0；不表示被弃置,0.0
state,418,418,本人牌区,own_card.shargatha-17.InHand,本人shargatha-17是否处于在手,相等为1，否则0,未装备此牌则该牌5项全0；不表示被弃置,0.0
state,419,419,本人牌区,own_card.shargatha-17.Selected,本人shargatha-17是否处于本人已暗选,相等为1，否则0,未装备此牌则该牌5项全0；不表示被弃置,0.0
state,420,420,本人牌区,own_card.shargatha-17.PlayedUnresolved,本人shargatha-17是否处于已揭示尚未结算,相等为1，否则0,未装备此牌则该牌5项全0；不表示被弃置,0.0
state,421,421,本人牌区,own_card.shargatha-17.PlayedResolved,本人shargatha-17是否处于已结算,相等为1，否则0,未装备此牌则该牌5项全0；不表示被弃置,0.0
state,422,422,本人牌区,own_card.shargatha-17.Discarded,本人shargatha-17是否处于已弃置,相等为1，否则0,未装备此牌则该牌5项全0；不表示被弃置,0.0
state,423,423,本人牌区,own_card.tigerclaw-00.InHand,本人tigerclaw-00是否处于在手,相等为1，否则0,未装备此牌则该牌5项全0；不表示被弃置,0.0
state,424,424,本人牌区,own_card.tigerclaw-00.Selected,本人tigerclaw-00是否处于本人已暗选,相等为1，否则0,未装备此牌则该牌5项全0；不表示被弃置,0.0
state,425,425,本人牌区,own_card.tigerclaw-00.PlayedUnresolved,本人tigerclaw-00是否处于已揭示尚未结算,相等为1，否则0,未装备此牌则该牌5项全0；不表示被弃置,0.0
state,426,426,本人牌区,own_card.tigerclaw-00.PlayedResolved,本人tigerclaw-00是否处于已结算,相等为1，否则0,未装备此牌则该牌5项全0；不表示被弃置,0.0
state,427,427,本人牌区,own_card.tigerclaw-00.Discarded,本人tigerclaw-00是否处于已弃置,相等为1，否则0,未装备此牌则该牌5项全0；不表示被弃置,0.0
state,428,428,本人牌区,own_card.tigerclaw-02.InHand,本人tigerclaw-02是否处于在手,相等为1，否则0,未装备此牌则该牌5项全0；不表示被弃置,0.0
state,429,429,本人牌区,own_card.tigerclaw-02.Selected,本人tigerclaw-02是否处于本人已暗选,相等为1，否则0,未装备此牌则该牌5项全0；不表示被弃置,0.0
state,430,430,本人牌区,own_card.tigerclaw-02.PlayedUnresolved,本人tigerclaw-02是否处于已揭示尚未结算,相等为1，否则0,未装备此牌则该牌5项全0；不表示被弃置,0.0
state,431,431,本人牌区,own_card.tigerclaw-02.PlayedResolved,本人tigerclaw-02是否处于已结算,相等为1，否则0,未装备此牌则该牌5项全0；不表示被弃置,0.0
state,432,432,本人牌区,own_card.tigerclaw-02.Discarded,本人tigerclaw-02是否处于已弃置,相等为1，否则0,未装备此牌则该牌5项全0；不表示被弃置,0.0
state,433,433,本人牌区,own_card.tigerclaw-03.InHand,本人tigerclaw-03是否处于在手,相等为1，否则0,未装备此牌则该牌5项全0；不表示被弃置,0.0
state,434,434,本人牌区,own_card.tigerclaw-03.Selected,本人tigerclaw-03是否处于本人已暗选,相等为1，否则0,未装备此牌则该牌5项全0；不表示被弃置,0.0
state,435,435,本人牌区,own_card.tigerclaw-03.PlayedUnresolved,本人tigerclaw-03是否处于已揭示尚未结算,相等为1，否则0,未装备此牌则该牌5项全0；不表示被弃置,0.0
state,436,436,本人牌区,own_card.tigerclaw-03.PlayedResolved,本人tigerclaw-03是否处于已结算,相等为1，否则0,未装备此牌则该牌5项全0；不表示被弃置,0.0
state,437,437,本人牌区,own_card.tigerclaw-03.Discarded,本人tigerclaw-03是否处于已弃置,相等为1，否则0,未装备此牌则该牌5项全0；不表示被弃置,0.0
state,438,438,本人牌区,own_card.tigerclaw-04.InHand,本人tigerclaw-04是否处于在手,相等为1，否则0,未装备此牌则该牌5项全0；不表示被弃置,0.0
state,439,439,本人牌区,own_card.tigerclaw-04.Selected,本人tigerclaw-04是否处于本人已暗选,相等为1，否则0,未装备此牌则该牌5项全0；不表示被弃置,0.0
state,440,440,本人牌区,own_card.tigerclaw-04.PlayedUnresolved,本人tigerclaw-04是否处于已揭示尚未结算,相等为1，否则0,未装备此牌则该牌5项全0；不表示被弃置,0.0
state,441,441,本人牌区,own_card.tigerclaw-04.PlayedResolved,本人tigerclaw-04是否处于已结算,相等为1，否则0,未装备此牌则该牌5项全0；不表示被弃置,0.0
state,442,442,本人牌区,own_card.tigerclaw-04.Discarded,本人tigerclaw-04是否处于已弃置,相等为1，否则0,未装备此牌则该牌5项全0；不表示被弃置,0.0
state,443,443,本人牌区,own_card.tigerclaw-05.InHand,本人tigerclaw-05是否处于在手,相等为1，否则0,未装备此牌则该牌5项全0；不表示被弃置,0.0
state,444,444,本人牌区,own_card.tigerclaw-05.Selected,本人tigerclaw-05是否处于本人已暗选,相等为1，否则0,未装备此牌则该牌5项全0；不表示被弃置,0.0
state,445,445,本人牌区,own_card.tigerclaw-05.PlayedUnresolved,本人tigerclaw-05是否处于已揭示尚未结算,相等为1，否则0,未装备此牌则该牌5项全0；不表示被弃置,0.0
state,446,446,本人牌区,own_card.tigerclaw-05.PlayedResolved,本人tigerclaw-05是否处于已结算,相等为1，否则0,未装备此牌则该牌5项全0；不表示被弃置,0.0
state,447,447,本人牌区,own_card.tigerclaw-05.Discarded,本人tigerclaw-05是否处于已弃置,相等为1，否则0,未装备此牌则该牌5项全0；不表示被弃置,0.0
state,448,448,本人牌区,own_card.tigerclaw-06.InHand,本人tigerclaw-06是否处于在手,相等为1，否则0,未装备此牌则该牌5项全0；不表示被弃置,0.0
state,449,449,本人牌区,own_card.tigerclaw-06.Selected,本人tigerclaw-06是否处于本人已暗选,相等为1，否则0,未装备此牌则该牌5项全0；不表示被弃置,0.0
state,450,450,本人牌区,own_card.tigerclaw-06.PlayedUnresolved,本人tigerclaw-06是否处于已揭示尚未结算,相等为1，否则0,未装备此牌则该牌5项全0；不表示被弃置,0.0
state,451,451,本人牌区,own_card.tigerclaw-06.PlayedResolved,本人tigerclaw-06是否处于已结算,相等为1，否则0,未装备此牌则该牌5项全0；不表示被弃置,0.0
state,452,452,本人牌区,own_card.tigerclaw-06.Discarded,本人tigerclaw-06是否处于已弃置,相等为1，否则0,未装备此牌则该牌5项全0；不表示被弃置,0.0
state,453,453,本人牌区,own_card.tigerclaw-07.InHand,本人tigerclaw-07是否处于在手,相等为1，否则0,未装备此牌则该牌5项全0；不表示被弃置,0.0
state,454,454,本人牌区,own_card.tigerclaw-07.Selected,本人tigerclaw-07是否处于本人已暗选,相等为1，否则0,未装备此牌则该牌5项全0；不表示被弃置,0.0
state,455,455,本人牌区,own_card.tigerclaw-07.PlayedUnresolved,本人tigerclaw-07是否处于已揭示尚未结算,相等为1，否则0,未装备此牌则该牌5项全0；不表示被弃置,0.0
state,456,456,本人牌区,own_card.tigerclaw-07.PlayedResolved,本人tigerclaw-07是否处于已结算,相等为1，否则0,未装备此牌则该牌5项全0；不表示被弃置,0.0
state,457,457,本人牌区,own_card.tigerclaw-07.Discarded,本人tigerclaw-07是否处于已弃置,相等为1，否则0,未装备此牌则该牌5项全0；不表示被弃置,0.0
state,458,458,本人牌区,own_card.tigerclaw-08.InHand,本人tigerclaw-08是否处于在手,相等为1，否则0,未装备此牌则该牌5项全0；不表示被弃置,0.0
state,459,459,本人牌区,own_card.tigerclaw-08.Selected,本人tigerclaw-08是否处于本人已暗选,相等为1，否则0,未装备此牌则该牌5项全0；不表示被弃置,0.0
state,460,460,本人牌区,own_card.tigerclaw-08.PlayedUnresolved,本人tigerclaw-08是否处于已揭示尚未结算,相等为1，否则0,未装备此牌则该牌5项全0；不表示被弃置,0.0
state,461,461,本人牌区,own_card.tigerclaw-08.PlayedResolved,本人tigerclaw-08是否处于已结算,相等为1，否则0,未装备此牌则该牌5项全0；不表示被弃置,0.0
state,462,462,本人牌区,own_card.tigerclaw-08.Discarded,本人tigerclaw-08是否处于已弃置,相等为1，否则0,未装备此牌则该牌5项全0；不表示被弃置,0.0
state,463,463,本人牌区,own_card.tigerclaw-09.InHand,本人tigerclaw-09是否处于在手,相等为1，否则0,未装备此牌则该牌5项全0；不表示被弃置,0.0
state,464,464,本人牌区,own_card.tigerclaw-09.Selected,本人tigerclaw-09是否处于本人已暗选,相等为1，否则0,未装备此牌则该牌5项全0；不表示被弃置,0.0
state,465,465,本人牌区,own_card.tigerclaw-09.PlayedUnresolved,本人tigerclaw-09是否处于已揭示尚未结算,相等为1，否则0,未装备此牌则该牌5项全0；不表示被弃置,0.0
state,466,466,本人牌区,own_card.tigerclaw-09.PlayedResolved,本人tigerclaw-09是否处于已结算,相等为1，否则0,未装备此牌则该牌5项全0；不表示被弃置,0.0
state,467,467,本人牌区,own_card.tigerclaw-09.Discarded,本人tigerclaw-09是否处于已弃置,相等为1，否则0,未装备此牌则该牌5项全0；不表示被弃置,0.0
state,468,468,本人牌区,own_card.tigerclaw-10.InHand,本人tigerclaw-10是否处于在手,相等为1，否则0,未装备此牌则该牌5项全0；不表示被弃置,0.0
state,469,469,本人牌区,own_card.tigerclaw-10.Selected,本人tigerclaw-10是否处于本人已暗选,相等为1，否则0,未装备此牌则该牌5项全0；不表示被弃置,0.0
state,470,470,本人牌区,own_card.tigerclaw-10.PlayedUnresolved,本人tigerclaw-10是否处于已揭示尚未结算,相等为1，否则0,未装备此牌则该牌5项全0；不表示被弃置,0.0
state,471,471,本人牌区,own_card.tigerclaw-10.PlayedResolved,本人tigerclaw-10是否处于已结算,相等为1，否则0,未装备此牌则该牌5项全0；不表示被弃置,0.0
state,472,472,本人牌区,own_card.tigerclaw-10.Discarded,本人tigerclaw-10是否处于已弃置,相等为1，否则0,未装备此牌则该牌5项全0；不表示被弃置,0.0
state,473,473,本人牌区,own_card.tigerclaw-11.InHand,本人tigerclaw-11是否处于在手,相等为1，否则0,未装备此牌则该牌5项全0；不表示被弃置,0.0
state,474,474,本人牌区,own_card.tigerclaw-11.Selected,本人tigerclaw-11是否处于本人已暗选,相等为1，否则0,未装备此牌则该牌5项全0；不表示被弃置,0.0
state,475,475,本人牌区,own_card.tigerclaw-11.PlayedUnresolved,本人tigerclaw-11是否处于已揭示尚未结算,相等为1，否则0,未装备此牌则该牌5项全0；不表示被弃置,0.0
state,476,476,本人牌区,own_card.tigerclaw-11.PlayedResolved,本人tigerclaw-11是否处于已结算,相等为1，否则0,未装备此牌则该牌5项全0；不表示被弃置,0.0
state,477,477,本人牌区,own_card.tigerclaw-11.Discarded,本人tigerclaw-11是否处于已弃置,相等为1，否则0,未装备此牌则该牌5项全0；不表示被弃置,0.0
state,478,478,本人牌区,own_card.tigerclaw-12.InHand,本人tigerclaw-12是否处于在手,相等为1，否则0,未装备此牌则该牌5项全0；不表示被弃置,0.0
state,479,479,本人牌区,own_card.tigerclaw-12.Selected,本人tigerclaw-12是否处于本人已暗选,相等为1，否则0,未装备此牌则该牌5项全0；不表示被弃置,0.0
state,480,480,本人牌区,own_card.tigerclaw-12.PlayedUnresolved,本人tigerclaw-12是否处于已揭示尚未结算,相等为1，否则0,未装备此牌则该牌5项全0；不表示被弃置,0.0
state,481,481,本人牌区,own_card.tigerclaw-12.PlayedResolved,本人tigerclaw-12是否处于已结算,相等为1，否则0,未装备此牌则该牌5项全0；不表示被弃置,0.0
state,482,482,本人牌区,own_card.tigerclaw-12.Discarded,本人tigerclaw-12是否处于已弃置,相等为1，否则0,未装备此牌则该牌5项全0；不表示被弃置,0.0
state,483,483,本人牌区,own_card.tigerclaw-13.InHand,本人tigerclaw-13是否处于在手,相等为1，否则0,未装备此牌则该牌5项全0；不表示被弃置,0.0
state,484,484,本人牌区,own_card.tigerclaw-13.Selected,本人tigerclaw-13是否处于本人已暗选,相等为1，否则0,未装备此牌则该牌5项全0；不表示被弃置,0.0
state,485,485,本人牌区,own_card.tigerclaw-13.PlayedUnresolved,本人tigerclaw-13是否处于已揭示尚未结算,相等为1，否则0,未装备此牌则该牌5项全0；不表示被弃置,0.0
state,486,486,本人牌区,own_card.tigerclaw-13.PlayedResolved,本人tigerclaw-13是否处于已结算,相等为1，否则0,未装备此牌则该牌5项全0；不表示被弃置,0.0
state,487,487,本人牌区,own_card.tigerclaw-13.Discarded,本人tigerclaw-13是否处于已弃置,相等为1，否则0,未装备此牌则该牌5项全0；不表示被弃置,0.0
state,488,488,本人牌区,own_card.tigerclaw-14.InHand,本人tigerclaw-14是否处于在手,相等为1，否则0,未装备此牌则该牌5项全0；不表示被弃置,0.0
state,489,489,本人牌区,own_card.tigerclaw-14.Selected,本人tigerclaw-14是否处于本人已暗选,相等为1，否则0,未装备此牌则该牌5项全0；不表示被弃置,0.0
state,490,490,本人牌区,own_card.tigerclaw-14.PlayedUnresolved,本人tigerclaw-14是否处于已揭示尚未结算,相等为1，否则0,未装备此牌则该牌5项全0；不表示被弃置,0.0
state,491,491,本人牌区,own_card.tigerclaw-14.PlayedResolved,本人tigerclaw-14是否处于已结算,相等为1，否则0,未装备此牌则该牌5项全0；不表示被弃置,0.0
state,492,492,本人牌区,own_card.tigerclaw-14.Discarded,本人tigerclaw-14是否处于已弃置,相等为1，否则0,未装备此牌则该牌5项全0；不表示被弃置,0.0
state,493,493,本人牌区,own_card.tigerclaw-15.InHand,本人tigerclaw-15是否处于在手,相等为1，否则0,未装备此牌则该牌5项全0；不表示被弃置,0.0
state,494,494,本人牌区,own_card.tigerclaw-15.Selected,本人tigerclaw-15是否处于本人已暗选,相等为1，否则0,未装备此牌则该牌5项全0；不表示被弃置,0.0
state,495,495,本人牌区,own_card.tigerclaw-15.PlayedUnresolved,本人tigerclaw-15是否处于已揭示尚未结算,相等为1，否则0,未装备此牌则该牌5项全0；不表示被弃置,0.0
state,496,496,本人牌区,own_card.tigerclaw-15.PlayedResolved,本人tigerclaw-15是否处于已结算,相等为1，否则0,未装备此牌则该牌5项全0；不表示被弃置,0.0
state,497,497,本人牌区,own_card.tigerclaw-15.Discarded,本人tigerclaw-15是否处于已弃置,相等为1，否则0,未装备此牌则该牌5项全0；不表示被弃置,0.0
state,498,498,本人牌区,own_card.tigerclaw-16.InHand,本人tigerclaw-16是否处于在手,相等为1，否则0,未装备此牌则该牌5项全0；不表示被弃置,0.0
state,499,499,本人牌区,own_card.tigerclaw-16.Selected,本人tigerclaw-16是否处于本人已暗选,相等为1，否则0,未装备此牌则该牌5项全0；不表示被弃置,0.0
state,500,500,本人牌区,own_card.tigerclaw-16.PlayedUnresolved,本人tigerclaw-16是否处于已揭示尚未结算,相等为1，否则0,未装备此牌则该牌5项全0；不表示被弃置,0.0
state,501,501,本人牌区,own_card.tigerclaw-16.PlayedResolved,本人tigerclaw-16是否处于已结算,相等为1，否则0,未装备此牌则该牌5项全0；不表示被弃置,0.0
state,502,502,本人牌区,own_card.tigerclaw-16.Discarded,本人tigerclaw-16是否处于已弃置,相等为1，否则0,未装备此牌则该牌5项全0；不表示被弃置,0.0
state,503,503,本人牌区,own_card.tigerclaw-17.InHand,本人tigerclaw-17是否处于在手,相等为1，否则0,未装备此牌则该牌5项全0；不表示被弃置,0.0
state,504,504,本人牌区,own_card.tigerclaw-17.Selected,本人tigerclaw-17是否处于本人已暗选,相等为1，否则0,未装备此牌则该牌5项全0；不表示被弃置,0.0
state,505,505,本人牌区,own_card.tigerclaw-17.PlayedUnresolved,本人tigerclaw-17是否处于已揭示尚未结算,相等为1，否则0,未装备此牌则该牌5项全0；不表示被弃置,0.0
state,506,506,本人牌区,own_card.tigerclaw-17.PlayedResolved,本人tigerclaw-17是否处于已结算,相等为1，否则0,未装备此牌则该牌5项全0；不表示被弃置,0.0
state,507,507,本人牌区,own_card.tigerclaw-17.Discarded,本人tigerclaw-17是否处于已弃置,相等为1，否则0,未装备此牌则该牌5项全0；不表示被弃置,0.0
state,508,508,本人牌区,own_card.tigerclaw-18.InHand,本人tigerclaw-18是否处于在手,相等为1，否则0,未装备此牌则该牌5项全0；不表示被弃置,0.0
state,509,509,本人牌区,own_card.tigerclaw-18.Selected,本人tigerclaw-18是否处于本人已暗选,相等为1，否则0,未装备此牌则该牌5项全0；不表示被弃置,0.0
state,510,510,本人牌区,own_card.tigerclaw-18.PlayedUnresolved,本人tigerclaw-18是否处于已揭示尚未结算,相等为1，否则0,未装备此牌则该牌5项全0；不表示被弃置,0.0
state,511,511,本人牌区,own_card.tigerclaw-18.PlayedResolved,本人tigerclaw-18是否处于已结算,相等为1，否则0,未装备此牌则该牌5项全0；不表示被弃置,0.0
state,512,512,本人牌区,own_card.tigerclaw-18.Discarded,本人tigerclaw-18是否处于已弃置,相等为1，否则0,未装备此牌则该牌5项全0；不表示被弃置,0.0
state,513,513,本人牌区,own_card.wasp-00.InHand,本人wasp-00是否处于在手,相等为1，否则0,未装备此牌则该牌5项全0；不表示被弃置,0.0
state,514,514,本人牌区,own_card.wasp-00.Selected,本人wasp-00是否处于本人已暗选,相等为1，否则0,未装备此牌则该牌5项全0；不表示被弃置,0.0
state,515,515,本人牌区,own_card.wasp-00.PlayedUnresolved,本人wasp-00是否处于已揭示尚未结算,相等为1，否则0,未装备此牌则该牌5项全0；不表示被弃置,0.0
state,516,516,本人牌区,own_card.wasp-00.PlayedResolved,本人wasp-00是否处于已结算,相等为1，否则0,未装备此牌则该牌5项全0；不表示被弃置,0.0
state,517,517,本人牌区,own_card.wasp-00.Discarded,本人wasp-00是否处于已弃置,相等为1，否则0,未装备此牌则该牌5项全0；不表示被弃置,0.0
state,518,518,本人牌区,own_card.wasp-01.InHand,本人wasp-01是否处于在手,相等为1，否则0,未装备此牌则该牌5项全0；不表示被弃置,0.0
state,519,519,本人牌区,own_card.wasp-01.Selected,本人wasp-01是否处于本人已暗选,相等为1，否则0,未装备此牌则该牌5项全0；不表示被弃置,0.0
state,520,520,本人牌区,own_card.wasp-01.PlayedUnresolved,本人wasp-01是否处于已揭示尚未结算,相等为1，否则0,未装备此牌则该牌5项全0；不表示被弃置,0.0
state,521,521,本人牌区,own_card.wasp-01.PlayedResolved,本人wasp-01是否处于已结算,相等为1，否则0,未装备此牌则该牌5项全0；不表示被弃置,0.0
state,522,522,本人牌区,own_card.wasp-01.Discarded,本人wasp-01是否处于已弃置,相等为1，否则0,未装备此牌则该牌5项全0；不表示被弃置,0.0
state,523,523,本人牌区,own_card.wasp-02.InHand,本人wasp-02是否处于在手,相等为1，否则0,未装备此牌则该牌5项全0；不表示被弃置,0.0
state,524,524,本人牌区,own_card.wasp-02.Selected,本人wasp-02是否处于本人已暗选,相等为1，否则0,未装备此牌则该牌5项全0；不表示被弃置,0.0
state,525,525,本人牌区,own_card.wasp-02.PlayedUnresolved,本人wasp-02是否处于已揭示尚未结算,相等为1，否则0,未装备此牌则该牌5项全0；不表示被弃置,0.0
state,526,526,本人牌区,own_card.wasp-02.PlayedResolved,本人wasp-02是否处于已结算,相等为1，否则0,未装备此牌则该牌5项全0；不表示被弃置,0.0
state,527,527,本人牌区,own_card.wasp-02.Discarded,本人wasp-02是否处于已弃置,相等为1，否则0,未装备此牌则该牌5项全0；不表示被弃置,0.0
state,528,528,本人牌区,own_card.wasp-03.InHand,本人wasp-03是否处于在手,相等为1，否则0,未装备此牌则该牌5项全0；不表示被弃置,0.0
state,529,529,本人牌区,own_card.wasp-03.Selected,本人wasp-03是否处于本人已暗选,相等为1，否则0,未装备此牌则该牌5项全0；不表示被弃置,0.0
state,530,530,本人牌区,own_card.wasp-03.PlayedUnresolved,本人wasp-03是否处于已揭示尚未结算,相等为1，否则0,未装备此牌则该牌5项全0；不表示被弃置,0.0
state,531,531,本人牌区,own_card.wasp-03.PlayedResolved,本人wasp-03是否处于已结算,相等为1，否则0,未装备此牌则该牌5项全0；不表示被弃置,0.0
state,532,532,本人牌区,own_card.wasp-03.Discarded,本人wasp-03是否处于已弃置,相等为1，否则0,未装备此牌则该牌5项全0；不表示被弃置,0.0
state,533,533,本人牌区,own_card.wasp-04.InHand,本人wasp-04是否处于在手,相等为1，否则0,未装备此牌则该牌5项全0；不表示被弃置,0.0
state,534,534,本人牌区,own_card.wasp-04.Selected,本人wasp-04是否处于本人已暗选,相等为1，否则0,未装备此牌则该牌5项全0；不表示被弃置,0.0
state,535,535,本人牌区,own_card.wasp-04.PlayedUnresolved,本人wasp-04是否处于已揭示尚未结算,相等为1，否则0,未装备此牌则该牌5项全0；不表示被弃置,0.0
state,536,536,本人牌区,own_card.wasp-04.PlayedResolved,本人wasp-04是否处于已结算,相等为1，否则0,未装备此牌则该牌5项全0；不表示被弃置,0.0
state,537,537,本人牌区,own_card.wasp-04.Discarded,本人wasp-04是否处于已弃置,相等为1，否则0,未装备此牌则该牌5项全0；不表示被弃置,0.0
state,538,538,本人牌区,own_card.wasp-05.InHand,本人wasp-05是否处于在手,相等为1，否则0,未装备此牌则该牌5项全0；不表示被弃置,0.0
state,539,539,本人牌区,own_card.wasp-05.Selected,本人wasp-05是否处于本人已暗选,相等为1，否则0,未装备此牌则该牌5项全0；不表示被弃置,0.0
state,540,540,本人牌区,own_card.wasp-05.PlayedUnresolved,本人wasp-05是否处于已揭示尚未结算,相等为1，否则0,未装备此牌则该牌5项全0；不表示被弃置,0.0
state,541,541,本人牌区,own_card.wasp-05.PlayedResolved,本人wasp-05是否处于已结算,相等为1，否则0,未装备此牌则该牌5项全0；不表示被弃置,0.0
state,542,542,本人牌区,own_card.wasp-05.Discarded,本人wasp-05是否处于已弃置,相等为1，否则0,未装备此牌则该牌5项全0；不表示被弃置,0.0
state,543,543,本人牌区,own_card.wasp-06.InHand,本人wasp-06是否处于在手,相等为1，否则0,未装备此牌则该牌5项全0；不表示被弃置,0.0
state,544,544,本人牌区,own_card.wasp-06.Selected,本人wasp-06是否处于本人已暗选,相等为1，否则0,未装备此牌则该牌5项全0；不表示被弃置,0.0
state,545,545,本人牌区,own_card.wasp-06.PlayedUnresolved,本人wasp-06是否处于已揭示尚未结算,相等为1，否则0,未装备此牌则该牌5项全0；不表示被弃置,0.0
state,546,546,本人牌区,own_card.wasp-06.PlayedResolved,本人wasp-06是否处于已结算,相等为1，否则0,未装备此牌则该牌5项全0；不表示被弃置,0.0
state,547,547,本人牌区,own_card.wasp-06.Discarded,本人wasp-06是否处于已弃置,相等为1，否则0,未装备此牌则该牌5项全0；不表示被弃置,0.0
state,548,548,本人牌区,own_card.wasp-07.InHand,本人wasp-07是否处于在手,相等为1，否则0,未装备此牌则该牌5项全0；不表示被弃置,0.0
state,549,549,本人牌区,own_card.wasp-07.Selected,本人wasp-07是否处于本人已暗选,相等为1，否则0,未装备此牌则该牌5项全0；不表示被弃置,0.0
state,550,550,本人牌区,own_card.wasp-07.PlayedUnresolved,本人wasp-07是否处于已揭示尚未结算,相等为1，否则0,未装备此牌则该牌5项全0；不表示被弃置,0.0
state,551,551,本人牌区,own_card.wasp-07.PlayedResolved,本人wasp-07是否处于已结算,相等为1，否则0,未装备此牌则该牌5项全0；不表示被弃置,0.0
state,552,552,本人牌区,own_card.wasp-07.Discarded,本人wasp-07是否处于已弃置,相等为1，否则0,未装备此牌则该牌5项全0；不表示被弃置,0.0
state,553,553,本人牌区,own_card.wasp-08.InHand,本人wasp-08是否处于在手,相等为1，否则0,未装备此牌则该牌5项全0；不表示被弃置,0.0
state,554,554,本人牌区,own_card.wasp-08.Selected,本人wasp-08是否处于本人已暗选,相等为1，否则0,未装备此牌则该牌5项全0；不表示被弃置,0.0
state,555,555,本人牌区,own_card.wasp-08.PlayedUnresolved,本人wasp-08是否处于已揭示尚未结算,相等为1，否则0,未装备此牌则该牌5项全0；不表示被弃置,0.0
state,556,556,本人牌区,own_card.wasp-08.PlayedResolved,本人wasp-08是否处于已结算,相等为1，否则0,未装备此牌则该牌5项全0；不表示被弃置,0.0
state,557,557,本人牌区,own_card.wasp-08.Discarded,本人wasp-08是否处于已弃置,相等为1，否则0,未装备此牌则该牌5项全0；不表示被弃置,0.0
state,558,558,本人牌区,own_card.wasp-09.InHand,本人wasp-09是否处于在手,相等为1，否则0,未装备此牌则该牌5项全0；不表示被弃置,0.0
state,559,559,本人牌区,own_card.wasp-09.Selected,本人wasp-09是否处于本人已暗选,相等为1，否则0,未装备此牌则该牌5项全0；不表示被弃置,0.0
state,560,560,本人牌区,own_card.wasp-09.PlayedUnresolved,本人wasp-09是否处于已揭示尚未结算,相等为1，否则0,未装备此牌则该牌5项全0；不表示被弃置,0.0
state,561,561,本人牌区,own_card.wasp-09.PlayedResolved,本人wasp-09是否处于已结算,相等为1，否则0,未装备此牌则该牌5项全0；不表示被弃置,0.0
state,562,562,本人牌区,own_card.wasp-09.Discarded,本人wasp-09是否处于已弃置,相等为1，否则0,未装备此牌则该牌5项全0；不表示被弃置,0.0
state,563,563,本人牌区,own_card.wasp-10.InHand,本人wasp-10是否处于在手,相等为1，否则0,未装备此牌则该牌5项全0；不表示被弃置,0.0
state,564,564,本人牌区,own_card.wasp-10.Selected,本人wasp-10是否处于本人已暗选,相等为1，否则0,未装备此牌则该牌5项全0；不表示被弃置,0.0
state,565,565,本人牌区,own_card.wasp-10.PlayedUnresolved,本人wasp-10是否处于已揭示尚未结算,相等为1，否则0,未装备此牌则该牌5项全0；不表示被弃置,0.0
state,566,566,本人牌区,own_card.wasp-10.PlayedResolved,本人wasp-10是否处于已结算,相等为1，否则0,未装备此牌则该牌5项全0；不表示被弃置,0.0
state,567,567,本人牌区,own_card.wasp-10.Discarded,本人wasp-10是否处于已弃置,相等为1，否则0,未装备此牌则该牌5项全0；不表示被弃置,0.0
state,568,568,本人牌区,own_card.wasp-11.InHand,本人wasp-11是否处于在手,相等为1，否则0,未装备此牌则该牌5项全0；不表示被弃置,0.0
state,569,569,本人牌区,own_card.wasp-11.Selected,本人wasp-11是否处于本人已暗选,相等为1，否则0,未装备此牌则该牌5项全0；不表示被弃置,0.0
state,570,570,本人牌区,own_card.wasp-11.PlayedUnresolved,本人wasp-11是否处于已揭示尚未结算,相等为1，否则0,未装备此牌则该牌5项全0；不表示被弃置,0.0
state,571,571,本人牌区,own_card.wasp-11.PlayedResolved,本人wasp-11是否处于已结算,相等为1，否则0,未装备此牌则该牌5项全0；不表示被弃置,0.0
state,572,572,本人牌区,own_card.wasp-11.Discarded,本人wasp-11是否处于已弃置,相等为1，否则0,未装备此牌则该牌5项全0；不表示被弃置,0.0
state,573,573,本人牌区,own_card.wasp-12.InHand,本人wasp-12是否处于在手,相等为1，否则0,未装备此牌则该牌5项全0；不表示被弃置,0.0
state,574,574,本人牌区,own_card.wasp-12.Selected,本人wasp-12是否处于本人已暗选,相等为1，否则0,未装备此牌则该牌5项全0；不表示被弃置,0.0
state,575,575,本人牌区,own_card.wasp-12.PlayedUnresolved,本人wasp-12是否处于已揭示尚未结算,相等为1，否则0,未装备此牌则该牌5项全0；不表示被弃置,0.0
state,576,576,本人牌区,own_card.wasp-12.PlayedResolved,本人wasp-12是否处于已结算,相等为1，否则0,未装备此牌则该牌5项全0；不表示被弃置,0.0
state,577,577,本人牌区,own_card.wasp-12.Discarded,本人wasp-12是否处于已弃置,相等为1，否则0,未装备此牌则该牌5项全0；不表示被弃置,0.0
state,578,578,本人牌区,own_card.wasp-13.InHand,本人wasp-13是否处于在手,相等为1，否则0,未装备此牌则该牌5项全0；不表示被弃置,0.0
state,579,579,本人牌区,own_card.wasp-13.Selected,本人wasp-13是否处于本人已暗选,相等为1，否则0,未装备此牌则该牌5项全0；不表示被弃置,0.0
state,580,580,本人牌区,own_card.wasp-13.PlayedUnresolved,本人wasp-13是否处于已揭示尚未结算,相等为1，否则0,未装备此牌则该牌5项全0；不表示被弃置,0.0
state,581,581,本人牌区,own_card.wasp-13.PlayedResolved,本人wasp-13是否处于已结算,相等为1，否则0,未装备此牌则该牌5项全0；不表示被弃置,0.0
state,582,582,本人牌区,own_card.wasp-13.Discarded,本人wasp-13是否处于已弃置,相等为1，否则0,未装备此牌则该牌5项全0；不表示被弃置,0.0
state,583,583,本人牌区,own_card.wasp-14.InHand,本人wasp-14是否处于在手,相等为1，否则0,未装备此牌则该牌5项全0；不表示被弃置,0.0
state,584,584,本人牌区,own_card.wasp-14.Selected,本人wasp-14是否处于本人已暗选,相等为1，否则0,未装备此牌则该牌5项全0；不表示被弃置,0.0
state,585,585,本人牌区,own_card.wasp-14.PlayedUnresolved,本人wasp-14是否处于已揭示尚未结算,相等为1，否则0,未装备此牌则该牌5项全0；不表示被弃置,0.0
state,586,586,本人牌区,own_card.wasp-14.PlayedResolved,本人wasp-14是否处于已结算,相等为1，否则0,未装备此牌则该牌5项全0；不表示被弃置,0.0
state,587,587,本人牌区,own_card.wasp-14.Discarded,本人wasp-14是否处于已弃置,相等为1，否则0,未装备此牌则该牌5项全0；不表示被弃置,0.0
state,588,588,本人牌区,own_card.wasp-15.InHand,本人wasp-15是否处于在手,相等为1，否则0,未装备此牌则该牌5项全0；不表示被弃置,0.0
state,589,589,本人牌区,own_card.wasp-15.Selected,本人wasp-15是否处于本人已暗选,相等为1，否则0,未装备此牌则该牌5项全0；不表示被弃置,0.0
state,590,590,本人牌区,own_card.wasp-15.PlayedUnresolved,本人wasp-15是否处于已揭示尚未结算,相等为1，否则0,未装备此牌则该牌5项全0；不表示被弃置,0.0
state,591,591,本人牌区,own_card.wasp-15.PlayedResolved,本人wasp-15是否处于已结算,相等为1，否则0,未装备此牌则该牌5项全0；不表示被弃置,0.0
state,592,592,本人牌区,own_card.wasp-15.Discarded,本人wasp-15是否处于已弃置,相等为1，否则0,未装备此牌则该牌5项全0；不表示被弃置,0.0
state,593,593,本人牌区,own_card.wasp-16.InHand,本人wasp-16是否处于在手,相等为1，否则0,未装备此牌则该牌5项全0；不表示被弃置,0.0
state,594,594,本人牌区,own_card.wasp-16.Selected,本人wasp-16是否处于本人已暗选,相等为1，否则0,未装备此牌则该牌5项全0；不表示被弃置,0.0
state,595,595,本人牌区,own_card.wasp-16.PlayedUnresolved,本人wasp-16是否处于已揭示尚未结算,相等为1，否则0,未装备此牌则该牌5项全0；不表示被弃置,0.0
state,596,596,本人牌区,own_card.wasp-16.PlayedResolved,本人wasp-16是否处于已结算,相等为1，否则0,未装备此牌则该牌5项全0；不表示被弃置,0.0
state,597,597,本人牌区,own_card.wasp-16.Discarded,本人wasp-16是否处于已弃置,相等为1，否则0,未装备此牌则该牌5项全0；不表示被弃置,0.0
state,598,598,本人牌区,own_card.wasp-17.InHand,本人wasp-17是否处于在手,相等为1，否则0,未装备此牌则该牌5项全0；不表示被弃置,0.0
state,599,599,本人牌区,own_card.wasp-17.Selected,本人wasp-17是否处于本人已暗选,相等为1，否则0,未装备此牌则该牌5项全0；不表示被弃置,0.0
state,600,600,本人牌区,own_card.wasp-17.PlayedUnresolved,本人wasp-17是否处于已揭示尚未结算,相等为1，否则0,未装备此牌则该牌5项全0；不表示被弃置,0.0
state,601,601,本人牌区,own_card.wasp-17.PlayedResolved,本人wasp-17是否处于已结算,相等为1，否则0,未装备此牌则该牌5项全0；不表示被弃置,0.0
state,602,602,本人牌区,own_card.wasp-17.Discarded,本人wasp-17是否处于已弃置,相等为1，否则0,未装备此牌则该牌5项全0；不表示被弃置,0.0
state,603,603,当前公开牌,current_card.arien-00,当前公开焦点牌是否为arien-00,相等为1，否则0,CurrentCard空则108项全0,0.0
state,604,604,当前公开牌,current_card.arien-01,当前公开焦点牌是否为arien-01,相等为1，否则0,CurrentCard空则108项全0,0.0
state,605,605,当前公开牌,current_card.arien-02,当前公开焦点牌是否为arien-02,相等为1，否则0,CurrentCard空则108项全0,0.0
state,606,606,当前公开牌,current_card.arien-03,当前公开焦点牌是否为arien-03,相等为1，否则0,CurrentCard空则108项全0,0.0
state,607,607,当前公开牌,current_card.arien-04,当前公开焦点牌是否为arien-04,相等为1，否则0,CurrentCard空则108项全0,0.0
state,608,608,当前公开牌,current_card.arien-05,当前公开焦点牌是否为arien-05,相等为1，否则0,CurrentCard空则108项全0,0.0
state,609,609,当前公开牌,current_card.arien-06,当前公开焦点牌是否为arien-06,相等为1，否则0,CurrentCard空则108项全0,0.0
state,610,610,当前公开牌,current_card.arien-07,当前公开焦点牌是否为arien-07,相等为1，否则0,CurrentCard空则108项全0,0.0
state,611,611,当前公开牌,current_card.arien-08,当前公开焦点牌是否为arien-08,相等为1，否则0,CurrentCard空则108项全0,0.0
state,612,612,当前公开牌,current_card.arien-09,当前公开焦点牌是否为arien-09,相等为1，否则0,CurrentCard空则108项全0,0.0
state,613,613,当前公开牌,current_card.arien-10,当前公开焦点牌是否为arien-10,相等为1，否则0,CurrentCard空则108项全0,0.0
state,614,614,当前公开牌,current_card.arien-11,当前公开焦点牌是否为arien-11,相等为1，否则0,CurrentCard空则108项全0,0.0
state,615,615,当前公开牌,current_card.arien-12,当前公开焦点牌是否为arien-12,相等为1，否则0,CurrentCard空则108项全0,0.0
state,616,616,当前公开牌,current_card.arien-13,当前公开焦点牌是否为arien-13,相等为1，否则0,CurrentCard空则108项全0,0.0
state,617,617,当前公开牌,current_card.arien-14,当前公开焦点牌是否为arien-14,相等为1，否则0,CurrentCard空则108项全0,0.0
state,618,618,当前公开牌,current_card.arien-15,当前公开焦点牌是否为arien-15,相等为1，否则0,CurrentCard空则108项全0,0.0
state,619,619,当前公开牌,current_card.arien-16,当前公开焦点牌是否为arien-16,相等为1，否则0,CurrentCard空则108项全0,0.0
state,620,620,当前公开牌,current_card.arien-17,当前公开焦点牌是否为arien-17,相等为1，否则0,CurrentCard空则108项全0,0.0
state,621,621,当前公开牌,current_card.brogan-00,当前公开焦点牌是否为brogan-00,相等为1，否则0,CurrentCard空则108项全0,0.0
state,622,622,当前公开牌,current_card.brogan-01,当前公开焦点牌是否为brogan-01,相等为1，否则0,CurrentCard空则108项全0,0.0
state,623,623,当前公开牌,current_card.brogan-02,当前公开焦点牌是否为brogan-02,相等为1，否则0,CurrentCard空则108项全0,0.0
state,624,624,当前公开牌,current_card.brogan-03,当前公开焦点牌是否为brogan-03,相等为1，否则0,CurrentCard空则108项全0,0.0
state,625,625,当前公开牌,current_card.brogan-04,当前公开焦点牌是否为brogan-04,相等为1，否则0,CurrentCard空则108项全0,0.0
state,626,626,当前公开牌,current_card.brogan-05,当前公开焦点牌是否为brogan-05,相等为1，否则0,CurrentCard空则108项全0,0.0
state,627,627,当前公开牌,current_card.brogan-06,当前公开焦点牌是否为brogan-06,相等为1，否则0,CurrentCard空则108项全0,0.0
state,628,628,当前公开牌,current_card.brogan-07,当前公开焦点牌是否为brogan-07,相等为1，否则0,CurrentCard空则108项全0,0.0
state,629,629,当前公开牌,current_card.brogan-08,当前公开焦点牌是否为brogan-08,相等为1，否则0,CurrentCard空则108项全0,0.0
state,630,630,当前公开牌,current_card.brogan-09,当前公开焦点牌是否为brogan-09,相等为1，否则0,CurrentCard空则108项全0,0.0
state,631,631,当前公开牌,current_card.brogan-10,当前公开焦点牌是否为brogan-10,相等为1，否则0,CurrentCard空则108项全0,0.0
state,632,632,当前公开牌,current_card.brogan-11,当前公开焦点牌是否为brogan-11,相等为1，否则0,CurrentCard空则108项全0,0.0
state,633,633,当前公开牌,current_card.brogan-12,当前公开焦点牌是否为brogan-12,相等为1，否则0,CurrentCard空则108项全0,0.0
state,634,634,当前公开牌,current_card.brogan-13,当前公开焦点牌是否为brogan-13,相等为1，否则0,CurrentCard空则108项全0,0.0
state,635,635,当前公开牌,current_card.brogan-14,当前公开焦点牌是否为brogan-14,相等为1，否则0,CurrentCard空则108项全0,0.0
state,636,636,当前公开牌,current_card.brogan-15,当前公开焦点牌是否为brogan-15,相等为1，否则0,CurrentCard空则108项全0,0.0
state,637,637,当前公开牌,current_card.brogan-16,当前公开焦点牌是否为brogan-16,相等为1，否则0,CurrentCard空则108项全0,0.0
state,638,638,当前公开牌,current_card.brogan-17,当前公开焦点牌是否为brogan-17,相等为1，否则0,CurrentCard空则108项全0,0.0
state,639,639,当前公开牌,current_card.sabina-00,当前公开焦点牌是否为sabina-00,相等为1，否则0,CurrentCard空则108项全0,0.0
state,640,640,当前公开牌,current_card.sabina-01,当前公开焦点牌是否为sabina-01,相等为1，否则0,CurrentCard空则108项全0,0.0
state,641,641,当前公开牌,current_card.sabina-02,当前公开焦点牌是否为sabina-02,相等为1，否则0,CurrentCard空则108项全0,0.0
state,642,642,当前公开牌,current_card.sabina-03,当前公开焦点牌是否为sabina-03,相等为1，否则0,CurrentCard空则108项全0,0.0
state,643,643,当前公开牌,current_card.sabina-04,当前公开焦点牌是否为sabina-04,相等为1，否则0,CurrentCard空则108项全0,0.0
state,644,644,当前公开牌,current_card.sabina-05,当前公开焦点牌是否为sabina-05,相等为1，否则0,CurrentCard空则108项全0,0.0
state,645,645,当前公开牌,current_card.sabina-06,当前公开焦点牌是否为sabina-06,相等为1，否则0,CurrentCard空则108项全0,0.0
state,646,646,当前公开牌,current_card.sabina-07,当前公开焦点牌是否为sabina-07,相等为1，否则0,CurrentCard空则108项全0,0.0
state,647,647,当前公开牌,current_card.sabina-08,当前公开焦点牌是否为sabina-08,相等为1，否则0,CurrentCard空则108项全0,0.0
state,648,648,当前公开牌,current_card.sabina-09,当前公开焦点牌是否为sabina-09,相等为1，否则0,CurrentCard空则108项全0,0.0
state,649,649,当前公开牌,current_card.sabina-10,当前公开焦点牌是否为sabina-10,相等为1，否则0,CurrentCard空则108项全0,0.0
state,650,650,当前公开牌,current_card.sabina-11,当前公开焦点牌是否为sabina-11,相等为1，否则0,CurrentCard空则108项全0,0.0
state,651,651,当前公开牌,current_card.sabina-12,当前公开焦点牌是否为sabina-12,相等为1，否则0,CurrentCard空则108项全0,0.0
state,652,652,当前公开牌,current_card.sabina-13,当前公开焦点牌是否为sabina-13,相等为1，否则0,CurrentCard空则108项全0,0.0
state,653,653,当前公开牌,current_card.sabina-14,当前公开焦点牌是否为sabina-14,相等为1，否则0,CurrentCard空则108项全0,0.0
state,654,654,当前公开牌,current_card.sabina-15,当前公开焦点牌是否为sabina-15,相等为1，否则0,CurrentCard空则108项全0,0.0
state,655,655,当前公开牌,current_card.sabina-16,当前公开焦点牌是否为sabina-16,相等为1，否则0,CurrentCard空则108项全0,0.0
state,656,656,当前公开牌,current_card.sabina-17,当前公开焦点牌是否为sabina-17,相等为1，否则0,CurrentCard空则108项全0,0.0
state,657,657,当前公开牌,current_card.shargatha-00,当前公开焦点牌是否为shargatha-00,相等为1，否则0,CurrentCard空则108项全0,0.0
state,658,658,当前公开牌,current_card.shargatha-01,当前公开焦点牌是否为shargatha-01,相等为1，否则0,CurrentCard空则108项全0,0.0
state,659,659,当前公开牌,current_card.shargatha-02,当前公开焦点牌是否为shargatha-02,相等为1，否则0,CurrentCard空则108项全0,0.0
state,660,660,当前公开牌,current_card.shargatha-03,当前公开焦点牌是否为shargatha-03,相等为1，否则0,CurrentCard空则108项全0,0.0
state,661,661,当前公开牌,current_card.shargatha-04,当前公开焦点牌是否为shargatha-04,相等为1，否则0,CurrentCard空则108项全0,0.0
state,662,662,当前公开牌,current_card.shargatha-05,当前公开焦点牌是否为shargatha-05,相等为1，否则0,CurrentCard空则108项全0,0.0
state,663,663,当前公开牌,current_card.shargatha-06,当前公开焦点牌是否为shargatha-06,相等为1，否则0,CurrentCard空则108项全0,0.0
state,664,664,当前公开牌,current_card.shargatha-07,当前公开焦点牌是否为shargatha-07,相等为1，否则0,CurrentCard空则108项全0,0.0
state,665,665,当前公开牌,current_card.shargatha-08,当前公开焦点牌是否为shargatha-08,相等为1，否则0,CurrentCard空则108项全0,0.0
state,666,666,当前公开牌,current_card.shargatha-09,当前公开焦点牌是否为shargatha-09,相等为1，否则0,CurrentCard空则108项全0,0.0
state,667,667,当前公开牌,current_card.shargatha-10,当前公开焦点牌是否为shargatha-10,相等为1，否则0,CurrentCard空则108项全0,0.0
state,668,668,当前公开牌,current_card.shargatha-11,当前公开焦点牌是否为shargatha-11,相等为1，否则0,CurrentCard空则108项全0,0.0
state,669,669,当前公开牌,current_card.shargatha-12,当前公开焦点牌是否为shargatha-12,相等为1，否则0,CurrentCard空则108项全0,0.0
state,670,670,当前公开牌,current_card.shargatha-13,当前公开焦点牌是否为shargatha-13,相等为1，否则0,CurrentCard空则108项全0,0.0
state,671,671,当前公开牌,current_card.shargatha-14,当前公开焦点牌是否为shargatha-14,相等为1，否则0,CurrentCard空则108项全0,0.0
state,672,672,当前公开牌,current_card.shargatha-15,当前公开焦点牌是否为shargatha-15,相等为1，否则0,CurrentCard空则108项全0,0.0
state,673,673,当前公开牌,current_card.shargatha-16,当前公开焦点牌是否为shargatha-16,相等为1，否则0,CurrentCard空则108项全0,0.0
state,674,674,当前公开牌,current_card.shargatha-17,当前公开焦点牌是否为shargatha-17,相等为1，否则0,CurrentCard空则108项全0,0.0
state,675,675,当前公开牌,current_card.tigerclaw-00,当前公开焦点牌是否为tigerclaw-00,相等为1，否则0,CurrentCard空则108项全0,0.0
state,676,676,当前公开牌,current_card.tigerclaw-02,当前公开焦点牌是否为tigerclaw-02,相等为1，否则0,CurrentCard空则108项全0,0.0
state,677,677,当前公开牌,current_card.tigerclaw-03,当前公开焦点牌是否为tigerclaw-03,相等为1，否则0,CurrentCard空则108项全0,0.0
state,678,678,当前公开牌,current_card.tigerclaw-04,当前公开焦点牌是否为tigerclaw-04,相等为1，否则0,CurrentCard空则108项全0,0.0
state,679,679,当前公开牌,current_card.tigerclaw-05,当前公开焦点牌是否为tigerclaw-05,相等为1，否则0,CurrentCard空则108项全0,0.0
state,680,680,当前公开牌,current_card.tigerclaw-06,当前公开焦点牌是否为tigerclaw-06,相等为1，否则0,CurrentCard空则108项全0,0.0
state,681,681,当前公开牌,current_card.tigerclaw-07,当前公开焦点牌是否为tigerclaw-07,相等为1，否则0,CurrentCard空则108项全0,0.0
state,682,682,当前公开牌,current_card.tigerclaw-08,当前公开焦点牌是否为tigerclaw-08,相等为1，否则0,CurrentCard空则108项全0,0.0
state,683,683,当前公开牌,current_card.tigerclaw-09,当前公开焦点牌是否为tigerclaw-09,相等为1，否则0,CurrentCard空则108项全0,0.0
state,684,684,当前公开牌,current_card.tigerclaw-10,当前公开焦点牌是否为tigerclaw-10,相等为1，否则0,CurrentCard空则108项全0,0.0
state,685,685,当前公开牌,current_card.tigerclaw-11,当前公开焦点牌是否为tigerclaw-11,相等为1，否则0,CurrentCard空则108项全0,0.0
state,686,686,当前公开牌,current_card.tigerclaw-12,当前公开焦点牌是否为tigerclaw-12,相等为1，否则0,CurrentCard空则108项全0,0.0
state,687,687,当前公开牌,current_card.tigerclaw-13,当前公开焦点牌是否为tigerclaw-13,相等为1，否则0,CurrentCard空则108项全0,0.0
state,688,688,当前公开牌,current_card.tigerclaw-14,当前公开焦点牌是否为tigerclaw-14,相等为1，否则0,CurrentCard空则108项全0,0.0
state,689,689,当前公开牌,current_card.tigerclaw-15,当前公开焦点牌是否为tigerclaw-15,相等为1，否则0,CurrentCard空则108项全0,0.0
state,690,690,当前公开牌,current_card.tigerclaw-16,当前公开焦点牌是否为tigerclaw-16,相等为1，否则0,CurrentCard空则108项全0,0.0
state,691,691,当前公开牌,current_card.tigerclaw-17,当前公开焦点牌是否为tigerclaw-17,相等为1，否则0,CurrentCard空则108项全0,0.0
state,692,692,当前公开牌,current_card.tigerclaw-18,当前公开焦点牌是否为tigerclaw-18,相等为1，否则0,CurrentCard空则108项全0,0.0
state,693,693,当前公开牌,current_card.wasp-00,当前公开焦点牌是否为wasp-00,相等为1，否则0,CurrentCard空则108项全0,0.0
state,694,694,当前公开牌,current_card.wasp-01,当前公开焦点牌是否为wasp-01,相等为1，否则0,CurrentCard空则108项全0,0.0
state,695,695,当前公开牌,current_card.wasp-02,当前公开焦点牌是否为wasp-02,相等为1，否则0,CurrentCard空则108项全0,0.0
state,696,696,当前公开牌,current_card.wasp-03,当前公开焦点牌是否为wasp-03,相等为1，否则0,CurrentCard空则108项全0,0.0
state,697,697,当前公开牌,current_card.wasp-04,当前公开焦点牌是否为wasp-04,相等为1，否则0,CurrentCard空则108项全0,0.0
state,698,698,当前公开牌,current_card.wasp-05,当前公开焦点牌是否为wasp-05,相等为1，否则0,CurrentCard空则108项全0,0.0
state,699,699,当前公开牌,current_card.wasp-06,当前公开焦点牌是否为wasp-06,相等为1，否则0,CurrentCard空则108项全0,0.0
state,700,700,当前公开牌,current_card.wasp-07,当前公开焦点牌是否为wasp-07,相等为1，否则0,CurrentCard空则108项全0,0.0
state,701,701,当前公开牌,current_card.wasp-08,当前公开焦点牌是否为wasp-08,相等为1，否则0,CurrentCard空则108项全0,0.0
state,702,702,当前公开牌,current_card.wasp-09,当前公开焦点牌是否为wasp-09,相等为1，否则0,CurrentCard空则108项全0,0.0
state,703,703,当前公开牌,current_card.wasp-10,当前公开焦点牌是否为wasp-10,相等为1，否则0,CurrentCard空则108项全0,0.0
state,704,704,当前公开牌,current_card.wasp-11,当前公开焦点牌是否为wasp-11,相等为1，否则0,CurrentCard空则108项全0,0.0
state,705,705,当前公开牌,current_card.wasp-12,当前公开焦点牌是否为wasp-12,相等为1，否则0,CurrentCard空则108项全0,0.0
state,706,706,当前公开牌,current_card.wasp-13,当前公开焦点牌是否为wasp-13,相等为1，否则0,CurrentCard空则108项全0,0.0
state,707,707,当前公开牌,current_card.wasp-14,当前公开焦点牌是否为wasp-14,相等为1，否则0,CurrentCard空则108项全0,0.0
state,708,708,当前公开牌,current_card.wasp-15,当前公开焦点牌是否为wasp-15,相等为1，否则0,CurrentCard空则108项全0,0.0
state,709,709,当前公开牌,current_card.wasp-16,当前公开焦点牌是否为wasp-16,相等为1，否则0,CurrentCard空则108项全0,0.0
state,710,710,当前公开牌,current_card.wasp-17,当前公开焦点牌是否为wasp-17,相等为1，否则0,CurrentCard空则108项全0,0.0
state,711,711,他人牌区,teammate.card.arien-00.InHand,己方其他玩家公开的arien-00处于在手的数量,该组匹配数量/全场玩家数（当前为4）,没有则0；他人Selected被投影为InHand,0.0
state,712,712,他人牌区,teammate.card.arien-00.Selected,己方其他玩家公开的arien-00处于本人已暗选的数量,该组匹配数量/全场玩家数（当前为4）,没有则0；他人Selected被投影为InHand,0.0
state,713,713,他人牌区,teammate.card.arien-00.PlayedUnresolved,己方其他玩家公开的arien-00处于已揭示尚未结算的数量,该组匹配数量/全场玩家数（当前为4）,没有则0；他人Selected被投影为InHand,0.0
state,714,714,他人牌区,teammate.card.arien-00.PlayedResolved,己方其他玩家公开的arien-00处于已结算的数量,该组匹配数量/全场玩家数（当前为4）,没有则0；他人Selected被投影为InHand,0.0
state,715,715,他人牌区,teammate.card.arien-00.Discarded,己方其他玩家公开的arien-00处于已弃置的数量,该组匹配数量/全场玩家数（当前为4）,没有则0；他人Selected被投影为InHand,0.0
state,716,716,他人牌区,teammate.card.arien-01.InHand,己方其他玩家公开的arien-01处于在手的数量,该组匹配数量/全场玩家数（当前为4）,没有则0；他人Selected被投影为InHand,0.0
state,717,717,他人牌区,teammate.card.arien-01.Selected,己方其他玩家公开的arien-01处于本人已暗选的数量,该组匹配数量/全场玩家数（当前为4）,没有则0；他人Selected被投影为InHand,0.0
state,718,718,他人牌区,teammate.card.arien-01.PlayedUnresolved,己方其他玩家公开的arien-01处于已揭示尚未结算的数量,该组匹配数量/全场玩家数（当前为4）,没有则0；他人Selected被投影为InHand,0.0
state,719,719,他人牌区,teammate.card.arien-01.PlayedResolved,己方其他玩家公开的arien-01处于已结算的数量,该组匹配数量/全场玩家数（当前为4）,没有则0；他人Selected被投影为InHand,0.0
state,720,720,他人牌区,teammate.card.arien-01.Discarded,己方其他玩家公开的arien-01处于已弃置的数量,该组匹配数量/全场玩家数（当前为4）,没有则0；他人Selected被投影为InHand,0.0
state,721,721,他人牌区,teammate.card.arien-02.InHand,己方其他玩家公开的arien-02处于在手的数量,该组匹配数量/全场玩家数（当前为4）,没有则0；他人Selected被投影为InHand,0.0
state,722,722,他人牌区,teammate.card.arien-02.Selected,己方其他玩家公开的arien-02处于本人已暗选的数量,该组匹配数量/全场玩家数（当前为4）,没有则0；他人Selected被投影为InHand,0.0
state,723,723,他人牌区,teammate.card.arien-02.PlayedUnresolved,己方其他玩家公开的arien-02处于已揭示尚未结算的数量,该组匹配数量/全场玩家数（当前为4）,没有则0；他人Selected被投影为InHand,0.0
state,724,724,他人牌区,teammate.card.arien-02.PlayedResolved,己方其他玩家公开的arien-02处于已结算的数量,该组匹配数量/全场玩家数（当前为4）,没有则0；他人Selected被投影为InHand,0.0
state,725,725,他人牌区,teammate.card.arien-02.Discarded,己方其他玩家公开的arien-02处于已弃置的数量,该组匹配数量/全场玩家数（当前为4）,没有则0；他人Selected被投影为InHand,0.0
state,726,726,他人牌区,teammate.card.arien-03.InHand,己方其他玩家公开的arien-03处于在手的数量,该组匹配数量/全场玩家数（当前为4）,没有则0；他人Selected被投影为InHand,0.0
state,727,727,他人牌区,teammate.card.arien-03.Selected,己方其他玩家公开的arien-03处于本人已暗选的数量,该组匹配数量/全场玩家数（当前为4）,没有则0；他人Selected被投影为InHand,0.0
state,728,728,他人牌区,teammate.card.arien-03.PlayedUnresolved,己方其他玩家公开的arien-03处于已揭示尚未结算的数量,该组匹配数量/全场玩家数（当前为4）,没有则0；他人Selected被投影为InHand,0.0
state,729,729,他人牌区,teammate.card.arien-03.PlayedResolved,己方其他玩家公开的arien-03处于已结算的数量,该组匹配数量/全场玩家数（当前为4）,没有则0；他人Selected被投影为InHand,0.0
state,730,730,他人牌区,teammate.card.arien-03.Discarded,己方其他玩家公开的arien-03处于已弃置的数量,该组匹配数量/全场玩家数（当前为4）,没有则0；他人Selected被投影为InHand,0.0
state,731,731,他人牌区,teammate.card.arien-04.InHand,己方其他玩家公开的arien-04处于在手的数量,该组匹配数量/全场玩家数（当前为4）,没有则0；他人Selected被投影为InHand,0.0
state,732,732,他人牌区,teammate.card.arien-04.Selected,己方其他玩家公开的arien-04处于本人已暗选的数量,该组匹配数量/全场玩家数（当前为4）,没有则0；他人Selected被投影为InHand,0.0
state,733,733,他人牌区,teammate.card.arien-04.PlayedUnresolved,己方其他玩家公开的arien-04处于已揭示尚未结算的数量,该组匹配数量/全场玩家数（当前为4）,没有则0；他人Selected被投影为InHand,0.0
state,734,734,他人牌区,teammate.card.arien-04.PlayedResolved,己方其他玩家公开的arien-04处于已结算的数量,该组匹配数量/全场玩家数（当前为4）,没有则0；他人Selected被投影为InHand,0.0
state,735,735,他人牌区,teammate.card.arien-04.Discarded,己方其他玩家公开的arien-04处于已弃置的数量,该组匹配数量/全场玩家数（当前为4）,没有则0；他人Selected被投影为InHand,0.0
state,736,736,他人牌区,teammate.card.arien-05.InHand,己方其他玩家公开的arien-05处于在手的数量,该组匹配数量/全场玩家数（当前为4）,没有则0；他人Selected被投影为InHand,0.0
state,737,737,他人牌区,teammate.card.arien-05.Selected,己方其他玩家公开的arien-05处于本人已暗选的数量,该组匹配数量/全场玩家数（当前为4）,没有则0；他人Selected被投影为InHand,0.0
state,738,738,他人牌区,teammate.card.arien-05.PlayedUnresolved,己方其他玩家公开的arien-05处于已揭示尚未结算的数量,该组匹配数量/全场玩家数（当前为4）,没有则0；他人Selected被投影为InHand,0.0
state,739,739,他人牌区,teammate.card.arien-05.PlayedResolved,己方其他玩家公开的arien-05处于已结算的数量,该组匹配数量/全场玩家数（当前为4）,没有则0；他人Selected被投影为InHand,0.0
state,740,740,他人牌区,teammate.card.arien-05.Discarded,己方其他玩家公开的arien-05处于已弃置的数量,该组匹配数量/全场玩家数（当前为4）,没有则0；他人Selected被投影为InHand,0.0
state,741,741,他人牌区,teammate.card.arien-06.InHand,己方其他玩家公开的arien-06处于在手的数量,该组匹配数量/全场玩家数（当前为4）,没有则0；他人Selected被投影为InHand,0.0
state,742,742,他人牌区,teammate.card.arien-06.Selected,己方其他玩家公开的arien-06处于本人已暗选的数量,该组匹配数量/全场玩家数（当前为4）,没有则0；他人Selected被投影为InHand,0.0
state,743,743,他人牌区,teammate.card.arien-06.PlayedUnresolved,己方其他玩家公开的arien-06处于已揭示尚未结算的数量,该组匹配数量/全场玩家数（当前为4）,没有则0；他人Selected被投影为InHand,0.0
state,744,744,他人牌区,teammate.card.arien-06.PlayedResolved,己方其他玩家公开的arien-06处于已结算的数量,该组匹配数量/全场玩家数（当前为4）,没有则0；他人Selected被投影为InHand,0.0
state,745,745,他人牌区,teammate.card.arien-06.Discarded,己方其他玩家公开的arien-06处于已弃置的数量,该组匹配数量/全场玩家数（当前为4）,没有则0；他人Selected被投影为InHand,0.0
state,746,746,他人牌区,teammate.card.arien-07.InHand,己方其他玩家公开的arien-07处于在手的数量,该组匹配数量/全场玩家数（当前为4）,没有则0；他人Selected被投影为InHand,0.0
state,747,747,他人牌区,teammate.card.arien-07.Selected,己方其他玩家公开的arien-07处于本人已暗选的数量,该组匹配数量/全场玩家数（当前为4）,没有则0；他人Selected被投影为InHand,0.0
state,748,748,他人牌区,teammate.card.arien-07.PlayedUnresolved,己方其他玩家公开的arien-07处于已揭示尚未结算的数量,该组匹配数量/全场玩家数（当前为4）,没有则0；他人Selected被投影为InHand,0.0
state,749,749,他人牌区,teammate.card.arien-07.PlayedResolved,己方其他玩家公开的arien-07处于已结算的数量,该组匹配数量/全场玩家数（当前为4）,没有则0；他人Selected被投影为InHand,0.0
state,750,750,他人牌区,teammate.card.arien-07.Discarded,己方其他玩家公开的arien-07处于已弃置的数量,该组匹配数量/全场玩家数（当前为4）,没有则0；他人Selected被投影为InHand,0.0
state,751,751,他人牌区,teammate.card.arien-08.InHand,己方其他玩家公开的arien-08处于在手的数量,该组匹配数量/全场玩家数（当前为4）,没有则0；他人Selected被投影为InHand,0.0
state,752,752,他人牌区,teammate.card.arien-08.Selected,己方其他玩家公开的arien-08处于本人已暗选的数量,该组匹配数量/全场玩家数（当前为4）,没有则0；他人Selected被投影为InHand,0.0
state,753,753,他人牌区,teammate.card.arien-08.PlayedUnresolved,己方其他玩家公开的arien-08处于已揭示尚未结算的数量,该组匹配数量/全场玩家数（当前为4）,没有则0；他人Selected被投影为InHand,0.0
state,754,754,他人牌区,teammate.card.arien-08.PlayedResolved,己方其他玩家公开的arien-08处于已结算的数量,该组匹配数量/全场玩家数（当前为4）,没有则0；他人Selected被投影为InHand,0.0
state,755,755,他人牌区,teammate.card.arien-08.Discarded,己方其他玩家公开的arien-08处于已弃置的数量,该组匹配数量/全场玩家数（当前为4）,没有则0；他人Selected被投影为InHand,0.0
state,756,756,他人牌区,teammate.card.arien-09.InHand,己方其他玩家公开的arien-09处于在手的数量,该组匹配数量/全场玩家数（当前为4）,没有则0；他人Selected被投影为InHand,0.0
state,757,757,他人牌区,teammate.card.arien-09.Selected,己方其他玩家公开的arien-09处于本人已暗选的数量,该组匹配数量/全场玩家数（当前为4）,没有则0；他人Selected被投影为InHand,0.0
state,758,758,他人牌区,teammate.card.arien-09.PlayedUnresolved,己方其他玩家公开的arien-09处于已揭示尚未结算的数量,该组匹配数量/全场玩家数（当前为4）,没有则0；他人Selected被投影为InHand,0.0
state,759,759,他人牌区,teammate.card.arien-09.PlayedResolved,己方其他玩家公开的arien-09处于已结算的数量,该组匹配数量/全场玩家数（当前为4）,没有则0；他人Selected被投影为InHand,0.0
state,760,760,他人牌区,teammate.card.arien-09.Discarded,己方其他玩家公开的arien-09处于已弃置的数量,该组匹配数量/全场玩家数（当前为4）,没有则0；他人Selected被投影为InHand,0.0
state,761,761,他人牌区,teammate.card.arien-10.InHand,己方其他玩家公开的arien-10处于在手的数量,该组匹配数量/全场玩家数（当前为4）,没有则0；他人Selected被投影为InHand,0.0
state,762,762,他人牌区,teammate.card.arien-10.Selected,己方其他玩家公开的arien-10处于本人已暗选的数量,该组匹配数量/全场玩家数（当前为4）,没有则0；他人Selected被投影为InHand,0.0
state,763,763,他人牌区,teammate.card.arien-10.PlayedUnresolved,己方其他玩家公开的arien-10处于已揭示尚未结算的数量,该组匹配数量/全场玩家数（当前为4）,没有则0；他人Selected被投影为InHand,0.0
state,764,764,他人牌区,teammate.card.arien-10.PlayedResolved,己方其他玩家公开的arien-10处于已结算的数量,该组匹配数量/全场玩家数（当前为4）,没有则0；他人Selected被投影为InHand,0.0
state,765,765,他人牌区,teammate.card.arien-10.Discarded,己方其他玩家公开的arien-10处于已弃置的数量,该组匹配数量/全场玩家数（当前为4）,没有则0；他人Selected被投影为InHand,0.0
state,766,766,他人牌区,teammate.card.arien-11.InHand,己方其他玩家公开的arien-11处于在手的数量,该组匹配数量/全场玩家数（当前为4）,没有则0；他人Selected被投影为InHand,0.0
state,767,767,他人牌区,teammate.card.arien-11.Selected,己方其他玩家公开的arien-11处于本人已暗选的数量,该组匹配数量/全场玩家数（当前为4）,没有则0；他人Selected被投影为InHand,0.0
state,768,768,他人牌区,teammate.card.arien-11.PlayedUnresolved,己方其他玩家公开的arien-11处于已揭示尚未结算的数量,该组匹配数量/全场玩家数（当前为4）,没有则0；他人Selected被投影为InHand,0.0
state,769,769,他人牌区,teammate.card.arien-11.PlayedResolved,己方其他玩家公开的arien-11处于已结算的数量,该组匹配数量/全场玩家数（当前为4）,没有则0；他人Selected被投影为InHand,0.0
state,770,770,他人牌区,teammate.card.arien-11.Discarded,己方其他玩家公开的arien-11处于已弃置的数量,该组匹配数量/全场玩家数（当前为4）,没有则0；他人Selected被投影为InHand,0.0
state,771,771,他人牌区,teammate.card.arien-12.InHand,己方其他玩家公开的arien-12处于在手的数量,该组匹配数量/全场玩家数（当前为4）,没有则0；他人Selected被投影为InHand,0.0
state,772,772,他人牌区,teammate.card.arien-12.Selected,己方其他玩家公开的arien-12处于本人已暗选的数量,该组匹配数量/全场玩家数（当前为4）,没有则0；他人Selected被投影为InHand,0.0
state,773,773,他人牌区,teammate.card.arien-12.PlayedUnresolved,己方其他玩家公开的arien-12处于已揭示尚未结算的数量,该组匹配数量/全场玩家数（当前为4）,没有则0；他人Selected被投影为InHand,0.0
state,774,774,他人牌区,teammate.card.arien-12.PlayedResolved,己方其他玩家公开的arien-12处于已结算的数量,该组匹配数量/全场玩家数（当前为4）,没有则0；他人Selected被投影为InHand,0.0
state,775,775,他人牌区,teammate.card.arien-12.Discarded,己方其他玩家公开的arien-12处于已弃置的数量,该组匹配数量/全场玩家数（当前为4）,没有则0；他人Selected被投影为InHand,0.0
state,776,776,他人牌区,teammate.card.arien-13.InHand,己方其他玩家公开的arien-13处于在手的数量,该组匹配数量/全场玩家数（当前为4）,没有则0；他人Selected被投影为InHand,0.0
state,777,777,他人牌区,teammate.card.arien-13.Selected,己方其他玩家公开的arien-13处于本人已暗选的数量,该组匹配数量/全场玩家数（当前为4）,没有则0；他人Selected被投影为InHand,0.0
state,778,778,他人牌区,teammate.card.arien-13.PlayedUnresolved,己方其他玩家公开的arien-13处于已揭示尚未结算的数量,该组匹配数量/全场玩家数（当前为4）,没有则0；他人Selected被投影为InHand,0.0
state,779,779,他人牌区,teammate.card.arien-13.PlayedResolved,己方其他玩家公开的arien-13处于已结算的数量,该组匹配数量/全场玩家数（当前为4）,没有则0；他人Selected被投影为InHand,0.0
state,780,780,他人牌区,teammate.card.arien-13.Discarded,己方其他玩家公开的arien-13处于已弃置的数量,该组匹配数量/全场玩家数（当前为4）,没有则0；他人Selected被投影为InHand,0.0
state,781,781,他人牌区,teammate.card.arien-14.InHand,己方其他玩家公开的arien-14处于在手的数量,该组匹配数量/全场玩家数（当前为4）,没有则0；他人Selected被投影为InHand,0.0
state,782,782,他人牌区,teammate.card.arien-14.Selected,己方其他玩家公开的arien-14处于本人已暗选的数量,该组匹配数量/全场玩家数（当前为4）,没有则0；他人Selected被投影为InHand,0.0
state,783,783,他人牌区,teammate.card.arien-14.PlayedUnresolved,己方其他玩家公开的arien-14处于已揭示尚未结算的数量,该组匹配数量/全场玩家数（当前为4）,没有则0；他人Selected被投影为InHand,0.0
state,784,784,他人牌区,teammate.card.arien-14.PlayedResolved,己方其他玩家公开的arien-14处于已结算的数量,该组匹配数量/全场玩家数（当前为4）,没有则0；他人Selected被投影为InHand,0.0
state,785,785,他人牌区,teammate.card.arien-14.Discarded,己方其他玩家公开的arien-14处于已弃置的数量,该组匹配数量/全场玩家数（当前为4）,没有则0；他人Selected被投影为InHand,0.0
state,786,786,他人牌区,teammate.card.arien-15.InHand,己方其他玩家公开的arien-15处于在手的数量,该组匹配数量/全场玩家数（当前为4）,没有则0；他人Selected被投影为InHand,0.0
state,787,787,他人牌区,teammate.card.arien-15.Selected,己方其他玩家公开的arien-15处于本人已暗选的数量,该组匹配数量/全场玩家数（当前为4）,没有则0；他人Selected被投影为InHand,0.0
state,788,788,他人牌区,teammate.card.arien-15.PlayedUnresolved,己方其他玩家公开的arien-15处于已揭示尚未结算的数量,该组匹配数量/全场玩家数（当前为4）,没有则0；他人Selected被投影为InHand,0.0
state,789,789,他人牌区,teammate.card.arien-15.PlayedResolved,己方其他玩家公开的arien-15处于已结算的数量,该组匹配数量/全场玩家数（当前为4）,没有则0；他人Selected被投影为InHand,0.0
state,790,790,他人牌区,teammate.card.arien-15.Discarded,己方其他玩家公开的arien-15处于已弃置的数量,该组匹配数量/全场玩家数（当前为4）,没有则0；他人Selected被投影为InHand,0.0
state,791,791,他人牌区,teammate.card.arien-16.InHand,己方其他玩家公开的arien-16处于在手的数量,该组匹配数量/全场玩家数（当前为4）,没有则0；他人Selected被投影为InHand,0.0
state,792,792,他人牌区,teammate.card.arien-16.Selected,己方其他玩家公开的arien-16处于本人已暗选的数量,该组匹配数量/全场玩家数（当前为4）,没有则0；他人Selected被投影为InHand,0.0
state,793,793,他人牌区,teammate.card.arien-16.PlayedUnresolved,己方其他玩家公开的arien-16处于已揭示尚未结算的数量,该组匹配数量/全场玩家数（当前为4）,没有则0；他人Selected被投影为InHand,0.0
state,794,794,他人牌区,teammate.card.arien-16.PlayedResolved,己方其他玩家公开的arien-16处于已结算的数量,该组匹配数量/全场玩家数（当前为4）,没有则0；他人Selected被投影为InHand,0.0
state,795,795,他人牌区,teammate.card.arien-16.Discarded,己方其他玩家公开的arien-16处于已弃置的数量,该组匹配数量/全场玩家数（当前为4）,没有则0；他人Selected被投影为InHand,0.0
state,796,796,他人牌区,teammate.card.arien-17.InHand,己方其他玩家公开的arien-17处于在手的数量,该组匹配数量/全场玩家数（当前为4）,没有则0；他人Selected被投影为InHand,0.0
state,797,797,他人牌区,teammate.card.arien-17.Selected,己方其他玩家公开的arien-17处于本人已暗选的数量,该组匹配数量/全场玩家数（当前为4）,没有则0；他人Selected被投影为InHand,0.0
state,798,798,他人牌区,teammate.card.arien-17.PlayedUnresolved,己方其他玩家公开的arien-17处于已揭示尚未结算的数量,该组匹配数量/全场玩家数（当前为4）,没有则0；他人Selected被投影为InHand,0.0
state,799,799,他人牌区,teammate.card.arien-17.PlayedResolved,己方其他玩家公开的arien-17处于已结算的数量,该组匹配数量/全场玩家数（当前为4）,没有则0；他人Selected被投影为InHand,0.0
state,800,800,他人牌区,teammate.card.arien-17.Discarded,己方其他玩家公开的arien-17处于已弃置的数量,该组匹配数量/全场玩家数（当前为4）,没有则0；他人Selected被投影为InHand,0.0
state,801,801,他人牌区,teammate.card.brogan-00.InHand,己方其他玩家公开的brogan-00处于在手的数量,该组匹配数量/全场玩家数（当前为4）,没有则0；他人Selected被投影为InHand,0.25
state,802,802,他人牌区,teammate.card.brogan-00.Selected,己方其他玩家公开的brogan-00处于本人已暗选的数量,该组匹配数量/全场玩家数（当前为4）,没有则0；他人Selected被投影为InHand,0.0
state,803,803,他人牌区,teammate.card.brogan-00.PlayedUnresolved,己方其他玩家公开的brogan-00处于已揭示尚未结算的数量,该组匹配数量/全场玩家数（当前为4）,没有则0；他人Selected被投影为InHand,0.0
state,804,804,他人牌区,teammate.card.brogan-00.PlayedResolved,己方其他玩家公开的brogan-00处于已结算的数量,该组匹配数量/全场玩家数（当前为4）,没有则0；他人Selected被投影为InHand,0.0
state,805,805,他人牌区,teammate.card.brogan-00.Discarded,己方其他玩家公开的brogan-00处于已弃置的数量,该组匹配数量/全场玩家数（当前为4）,没有则0；他人Selected被投影为InHand,0.0
state,806,806,他人牌区,teammate.card.brogan-01.InHand,己方其他玩家公开的brogan-01处于在手的数量,该组匹配数量/全场玩家数（当前为4）,没有则0；他人Selected被投影为InHand,0.25
state,807,807,他人牌区,teammate.card.brogan-01.Selected,己方其他玩家公开的brogan-01处于本人已暗选的数量,该组匹配数量/全场玩家数（当前为4）,没有则0；他人Selected被投影为InHand,0.0
state,808,808,他人牌区,teammate.card.brogan-01.PlayedUnresolved,己方其他玩家公开的brogan-01处于已揭示尚未结算的数量,该组匹配数量/全场玩家数（当前为4）,没有则0；他人Selected被投影为InHand,0.0
state,809,809,他人牌区,teammate.card.brogan-01.PlayedResolved,己方其他玩家公开的brogan-01处于已结算的数量,该组匹配数量/全场玩家数（当前为4）,没有则0；他人Selected被投影为InHand,0.0
state,810,810,他人牌区,teammate.card.brogan-01.Discarded,己方其他玩家公开的brogan-01处于已弃置的数量,该组匹配数量/全场玩家数（当前为4）,没有则0；他人Selected被投影为InHand,0.0
state,811,811,他人牌区,teammate.card.brogan-02.InHand,己方其他玩家公开的brogan-02处于在手的数量,该组匹配数量/全场玩家数（当前为4）,没有则0；他人Selected被投影为InHand,0.0
state,812,812,他人牌区,teammate.card.brogan-02.Selected,己方其他玩家公开的brogan-02处于本人已暗选的数量,该组匹配数量/全场玩家数（当前为4）,没有则0；他人Selected被投影为InHand,0.0
state,813,813,他人牌区,teammate.card.brogan-02.PlayedUnresolved,己方其他玩家公开的brogan-02处于已揭示尚未结算的数量,该组匹配数量/全场玩家数（当前为4）,没有则0；他人Selected被投影为InHand,0.0
state,814,814,他人牌区,teammate.card.brogan-02.PlayedResolved,己方其他玩家公开的brogan-02处于已结算的数量,该组匹配数量/全场玩家数（当前为4）,没有则0；他人Selected被投影为InHand,0.0
state,815,815,他人牌区,teammate.card.brogan-02.Discarded,己方其他玩家公开的brogan-02处于已弃置的数量,该组匹配数量/全场玩家数（当前为4）,没有则0；他人Selected被投影为InHand,0.0
state,816,816,他人牌区,teammate.card.brogan-03.InHand,己方其他玩家公开的brogan-03处于在手的数量,该组匹配数量/全场玩家数（当前为4）,没有则0；他人Selected被投影为InHand,0.0
state,817,817,他人牌区,teammate.card.brogan-03.Selected,己方其他玩家公开的brogan-03处于本人已暗选的数量,该组匹配数量/全场玩家数（当前为4）,没有则0；他人Selected被投影为InHand,0.0
state,818,818,他人牌区,teammate.card.brogan-03.PlayedUnresolved,己方其他玩家公开的brogan-03处于已揭示尚未结算的数量,该组匹配数量/全场玩家数（当前为4）,没有则0；他人Selected被投影为InHand,0.0
state,819,819,他人牌区,teammate.card.brogan-03.PlayedResolved,己方其他玩家公开的brogan-03处于已结算的数量,该组匹配数量/全场玩家数（当前为4）,没有则0；他人Selected被投影为InHand,0.0
state,820,820,他人牌区,teammate.card.brogan-03.Discarded,己方其他玩家公开的brogan-03处于已弃置的数量,该组匹配数量/全场玩家数（当前为4）,没有则0；他人Selected被投影为InHand,0.0
state,821,821,他人牌区,teammate.card.brogan-04.InHand,己方其他玩家公开的brogan-04处于在手的数量,该组匹配数量/全场玩家数（当前为4）,没有则0；他人Selected被投影为InHand,0.0
state,822,822,他人牌区,teammate.card.brogan-04.Selected,己方其他玩家公开的brogan-04处于本人已暗选的数量,该组匹配数量/全场玩家数（当前为4）,没有则0；他人Selected被投影为InHand,0.0
state,823,823,他人牌区,teammate.card.brogan-04.PlayedUnresolved,己方其他玩家公开的brogan-04处于已揭示尚未结算的数量,该组匹配数量/全场玩家数（当前为4）,没有则0；他人Selected被投影为InHand,0.0
state,824,824,他人牌区,teammate.card.brogan-04.PlayedResolved,己方其他玩家公开的brogan-04处于已结算的数量,该组匹配数量/全场玩家数（当前为4）,没有则0；他人Selected被投影为InHand,0.0
state,825,825,他人牌区,teammate.card.brogan-04.Discarded,己方其他玩家公开的brogan-04处于已弃置的数量,该组匹配数量/全场玩家数（当前为4）,没有则0；他人Selected被投影为InHand,0.0
state,826,826,他人牌区,teammate.card.brogan-05.InHand,己方其他玩家公开的brogan-05处于在手的数量,该组匹配数量/全场玩家数（当前为4）,没有则0；他人Selected被投影为InHand,0.0
state,827,827,他人牌区,teammate.card.brogan-05.Selected,己方其他玩家公开的brogan-05处于本人已暗选的数量,该组匹配数量/全场玩家数（当前为4）,没有则0；他人Selected被投影为InHand,0.0
state,828,828,他人牌区,teammate.card.brogan-05.PlayedUnresolved,己方其他玩家公开的brogan-05处于已揭示尚未结算的数量,该组匹配数量/全场玩家数（当前为4）,没有则0；他人Selected被投影为InHand,0.0
state,829,829,他人牌区,teammate.card.brogan-05.PlayedResolved,己方其他玩家公开的brogan-05处于已结算的数量,该组匹配数量/全场玩家数（当前为4）,没有则0；他人Selected被投影为InHand,0.0
state,830,830,他人牌区,teammate.card.brogan-05.Discarded,己方其他玩家公开的brogan-05处于已弃置的数量,该组匹配数量/全场玩家数（当前为4）,没有则0；他人Selected被投影为InHand,0.0
state,831,831,他人牌区,teammate.card.brogan-06.InHand,己方其他玩家公开的brogan-06处于在手的数量,该组匹配数量/全场玩家数（当前为4）,没有则0；他人Selected被投影为InHand,0.25
state,832,832,他人牌区,teammate.card.brogan-06.Selected,己方其他玩家公开的brogan-06处于本人已暗选的数量,该组匹配数量/全场玩家数（当前为4）,没有则0；他人Selected被投影为InHand,0.0
state,833,833,他人牌区,teammate.card.brogan-06.PlayedUnresolved,己方其他玩家公开的brogan-06处于已揭示尚未结算的数量,该组匹配数量/全场玩家数（当前为4）,没有则0；他人Selected被投影为InHand,0.0
state,834,834,他人牌区,teammate.card.brogan-06.PlayedResolved,己方其他玩家公开的brogan-06处于已结算的数量,该组匹配数量/全场玩家数（当前为4）,没有则0；他人Selected被投影为InHand,0.0
state,835,835,他人牌区,teammate.card.brogan-06.Discarded,己方其他玩家公开的brogan-06处于已弃置的数量,该组匹配数量/全场玩家数（当前为4）,没有则0；他人Selected被投影为InHand,0.0
state,836,836,他人牌区,teammate.card.brogan-07.InHand,己方其他玩家公开的brogan-07处于在手的数量,该组匹配数量/全场玩家数（当前为4）,没有则0；他人Selected被投影为InHand,0.25
state,837,837,他人牌区,teammate.card.brogan-07.Selected,己方其他玩家公开的brogan-07处于本人已暗选的数量,该组匹配数量/全场玩家数（当前为4）,没有则0；他人Selected被投影为InHand,0.0
state,838,838,他人牌区,teammate.card.brogan-07.PlayedUnresolved,己方其他玩家公开的brogan-07处于已揭示尚未结算的数量,该组匹配数量/全场玩家数（当前为4）,没有则0；他人Selected被投影为InHand,0.0
state,839,839,他人牌区,teammate.card.brogan-07.PlayedResolved,己方其他玩家公开的brogan-07处于已结算的数量,该组匹配数量/全场玩家数（当前为4）,没有则0；他人Selected被投影为InHand,0.0
state,840,840,他人牌区,teammate.card.brogan-07.Discarded,己方其他玩家公开的brogan-07处于已弃置的数量,该组匹配数量/全场玩家数（当前为4）,没有则0；他人Selected被投影为InHand,0.0
state,841,841,他人牌区,teammate.card.brogan-08.InHand,己方其他玩家公开的brogan-08处于在手的数量,该组匹配数量/全场玩家数（当前为4）,没有则0；他人Selected被投影为InHand,0.0
state,842,842,他人牌区,teammate.card.brogan-08.Selected,己方其他玩家公开的brogan-08处于本人已暗选的数量,该组匹配数量/全场玩家数（当前为4）,没有则0；他人Selected被投影为InHand,0.0
state,843,843,他人牌区,teammate.card.brogan-08.PlayedUnresolved,己方其他玩家公开的brogan-08处于已揭示尚未结算的数量,该组匹配数量/全场玩家数（当前为4）,没有则0；他人Selected被投影为InHand,0.0
state,844,844,他人牌区,teammate.card.brogan-08.PlayedResolved,己方其他玩家公开的brogan-08处于已结算的数量,该组匹配数量/全场玩家数（当前为4）,没有则0；他人Selected被投影为InHand,0.0
state,845,845,他人牌区,teammate.card.brogan-08.Discarded,己方其他玩家公开的brogan-08处于已弃置的数量,该组匹配数量/全场玩家数（当前为4）,没有则0；他人Selected被投影为InHand,0.0
state,846,846,他人牌区,teammate.card.brogan-09.InHand,己方其他玩家公开的brogan-09处于在手的数量,该组匹配数量/全场玩家数（当前为4）,没有则0；他人Selected被投影为InHand,0.0
state,847,847,他人牌区,teammate.card.brogan-09.Selected,己方其他玩家公开的brogan-09处于本人已暗选的数量,该组匹配数量/全场玩家数（当前为4）,没有则0；他人Selected被投影为InHand,0.0
state,848,848,他人牌区,teammate.card.brogan-09.PlayedUnresolved,己方其他玩家公开的brogan-09处于已揭示尚未结算的数量,该组匹配数量/全场玩家数（当前为4）,没有则0；他人Selected被投影为InHand,0.0
state,849,849,他人牌区,teammate.card.brogan-09.PlayedResolved,己方其他玩家公开的brogan-09处于已结算的数量,该组匹配数量/全场玩家数（当前为4）,没有则0；他人Selected被投影为InHand,0.0
state,850,850,他人牌区,teammate.card.brogan-09.Discarded,己方其他玩家公开的brogan-09处于已弃置的数量,该组匹配数量/全场玩家数（当前为4）,没有则0；他人Selected被投影为InHand,0.0
state,851,851,他人牌区,teammate.card.brogan-10.InHand,己方其他玩家公开的brogan-10处于在手的数量,该组匹配数量/全场玩家数（当前为4）,没有则0；他人Selected被投影为InHand,0.0
state,852,852,他人牌区,teammate.card.brogan-10.Selected,己方其他玩家公开的brogan-10处于本人已暗选的数量,该组匹配数量/全场玩家数（当前为4）,没有则0；他人Selected被投影为InHand,0.0
state,853,853,他人牌区,teammate.card.brogan-10.PlayedUnresolved,己方其他玩家公开的brogan-10处于已揭示尚未结算的数量,该组匹配数量/全场玩家数（当前为4）,没有则0；他人Selected被投影为InHand,0.0
state,854,854,他人牌区,teammate.card.brogan-10.PlayedResolved,己方其他玩家公开的brogan-10处于已结算的数量,该组匹配数量/全场玩家数（当前为4）,没有则0；他人Selected被投影为InHand,0.0
state,855,855,他人牌区,teammate.card.brogan-10.Discarded,己方其他玩家公开的brogan-10处于已弃置的数量,该组匹配数量/全场玩家数（当前为4）,没有则0；他人Selected被投影为InHand,0.0
state,856,856,他人牌区,teammate.card.brogan-11.InHand,己方其他玩家公开的brogan-11处于在手的数量,该组匹配数量/全场玩家数（当前为4）,没有则0；他人Selected被投影为InHand,0.0
state,857,857,他人牌区,teammate.card.brogan-11.Selected,己方其他玩家公开的brogan-11处于本人已暗选的数量,该组匹配数量/全场玩家数（当前为4）,没有则0；他人Selected被投影为InHand,0.0
state,858,858,他人牌区,teammate.card.brogan-11.PlayedUnresolved,己方其他玩家公开的brogan-11处于已揭示尚未结算的数量,该组匹配数量/全场玩家数（当前为4）,没有则0；他人Selected被投影为InHand,0.0
state,859,859,他人牌区,teammate.card.brogan-11.PlayedResolved,己方其他玩家公开的brogan-11处于已结算的数量,该组匹配数量/全场玩家数（当前为4）,没有则0；他人Selected被投影为InHand,0.0
state,860,860,他人牌区,teammate.card.brogan-11.Discarded,己方其他玩家公开的brogan-11处于已弃置的数量,该组匹配数量/全场玩家数（当前为4）,没有则0；他人Selected被投影为InHand,0.0
state,861,861,他人牌区,teammate.card.brogan-12.InHand,己方其他玩家公开的brogan-12处于在手的数量,该组匹配数量/全场玩家数（当前为4）,没有则0；他人Selected被投影为InHand,0.0
state,862,862,他人牌区,teammate.card.brogan-12.Selected,己方其他玩家公开的brogan-12处于本人已暗选的数量,该组匹配数量/全场玩家数（当前为4）,没有则0；他人Selected被投影为InHand,0.0
state,863,863,他人牌区,teammate.card.brogan-12.PlayedUnresolved,己方其他玩家公开的brogan-12处于已揭示尚未结算的数量,该组匹配数量/全场玩家数（当前为4）,没有则0；他人Selected被投影为InHand,0.0
state,864,864,他人牌区,teammate.card.brogan-12.PlayedResolved,己方其他玩家公开的brogan-12处于已结算的数量,该组匹配数量/全场玩家数（当前为4）,没有则0；他人Selected被投影为InHand,0.0
state,865,865,他人牌区,teammate.card.brogan-12.Discarded,己方其他玩家公开的brogan-12处于已弃置的数量,该组匹配数量/全场玩家数（当前为4）,没有则0；他人Selected被投影为InHand,0.0
state,866,866,他人牌区,teammate.card.brogan-13.InHand,己方其他玩家公开的brogan-13处于在手的数量,该组匹配数量/全场玩家数（当前为4）,没有则0；他人Selected被投影为InHand,0.25
state,867,867,他人牌区,teammate.card.brogan-13.Selected,己方其他玩家公开的brogan-13处于本人已暗选的数量,该组匹配数量/全场玩家数（当前为4）,没有则0；他人Selected被投影为InHand,0.0
state,868,868,他人牌区,teammate.card.brogan-13.PlayedUnresolved,己方其他玩家公开的brogan-13处于已揭示尚未结算的数量,该组匹配数量/全场玩家数（当前为4）,没有则0；他人Selected被投影为InHand,0.0
state,869,869,他人牌区,teammate.card.brogan-13.PlayedResolved,己方其他玩家公开的brogan-13处于已结算的数量,该组匹配数量/全场玩家数（当前为4）,没有则0；他人Selected被投影为InHand,0.0
state,870,870,他人牌区,teammate.card.brogan-13.Discarded,己方其他玩家公开的brogan-13处于已弃置的数量,该组匹配数量/全场玩家数（当前为4）,没有则0；他人Selected被投影为InHand,0.0
state,871,871,他人牌区,teammate.card.brogan-14.InHand,己方其他玩家公开的brogan-14处于在手的数量,该组匹配数量/全场玩家数（当前为4）,没有则0；他人Selected被投影为InHand,0.0
state,872,872,他人牌区,teammate.card.brogan-14.Selected,己方其他玩家公开的brogan-14处于本人已暗选的数量,该组匹配数量/全场玩家数（当前为4）,没有则0；他人Selected被投影为InHand,0.0
state,873,873,他人牌区,teammate.card.brogan-14.PlayedUnresolved,己方其他玩家公开的brogan-14处于已揭示尚未结算的数量,该组匹配数量/全场玩家数（当前为4）,没有则0；他人Selected被投影为InHand,0.0
state,874,874,他人牌区,teammate.card.brogan-14.PlayedResolved,己方其他玩家公开的brogan-14处于已结算的数量,该组匹配数量/全场玩家数（当前为4）,没有则0；他人Selected被投影为InHand,0.0
state,875,875,他人牌区,teammate.card.brogan-14.Discarded,己方其他玩家公开的brogan-14处于已弃置的数量,该组匹配数量/全场玩家数（当前为4）,没有则0；他人Selected被投影为InHand,0.0
state,876,876,他人牌区,teammate.card.brogan-15.InHand,己方其他玩家公开的brogan-15处于在手的数量,该组匹配数量/全场玩家数（当前为4）,没有则0；他人Selected被投影为InHand,0.0
state,877,877,他人牌区,teammate.card.brogan-15.Selected,己方其他玩家公开的brogan-15处于本人已暗选的数量,该组匹配数量/全场玩家数（当前为4）,没有则0；他人Selected被投影为InHand,0.0
state,878,878,他人牌区,teammate.card.brogan-15.PlayedUnresolved,己方其他玩家公开的brogan-15处于已揭示尚未结算的数量,该组匹配数量/全场玩家数（当前为4）,没有则0；他人Selected被投影为InHand,0.0
state,879,879,他人牌区,teammate.card.brogan-15.PlayedResolved,己方其他玩家公开的brogan-15处于已结算的数量,该组匹配数量/全场玩家数（当前为4）,没有则0；他人Selected被投影为InHand,0.0
state,880,880,他人牌区,teammate.card.brogan-15.Discarded,己方其他玩家公开的brogan-15处于已弃置的数量,该组匹配数量/全场玩家数（当前为4）,没有则0；他人Selected被投影为InHand,0.0
state,881,881,他人牌区,teammate.card.brogan-16.InHand,己方其他玩家公开的brogan-16处于在手的数量,该组匹配数量/全场玩家数（当前为4）,没有则0；他人Selected被投影为InHand,0.0
state,882,882,他人牌区,teammate.card.brogan-16.Selected,己方其他玩家公开的brogan-16处于本人已暗选的数量,该组匹配数量/全场玩家数（当前为4）,没有则0；他人Selected被投影为InHand,0.0
state,883,883,他人牌区,teammate.card.brogan-16.PlayedUnresolved,己方其他玩家公开的brogan-16处于已揭示尚未结算的数量,该组匹配数量/全场玩家数（当前为4）,没有则0；他人Selected被投影为InHand,0.0
state,884,884,他人牌区,teammate.card.brogan-16.PlayedResolved,己方其他玩家公开的brogan-16处于已结算的数量,该组匹配数量/全场玩家数（当前为4）,没有则0；他人Selected被投影为InHand,0.0
state,885,885,他人牌区,teammate.card.brogan-16.Discarded,己方其他玩家公开的brogan-16处于已弃置的数量,该组匹配数量/全场玩家数（当前为4）,没有则0；他人Selected被投影为InHand,0.0
state,886,886,他人牌区,teammate.card.brogan-17.InHand,己方其他玩家公开的brogan-17处于在手的数量,该组匹配数量/全场玩家数（当前为4）,没有则0；他人Selected被投影为InHand,0.0
state,887,887,他人牌区,teammate.card.brogan-17.Selected,己方其他玩家公开的brogan-17处于本人已暗选的数量,该组匹配数量/全场玩家数（当前为4）,没有则0；他人Selected被投影为InHand,0.0
state,888,888,他人牌区,teammate.card.brogan-17.PlayedUnresolved,己方其他玩家公开的brogan-17处于已揭示尚未结算的数量,该组匹配数量/全场玩家数（当前为4）,没有则0；他人Selected被投影为InHand,0.0
state,889,889,他人牌区,teammate.card.brogan-17.PlayedResolved,己方其他玩家公开的brogan-17处于已结算的数量,该组匹配数量/全场玩家数（当前为4）,没有则0；他人Selected被投影为InHand,0.0
state,890,890,他人牌区,teammate.card.brogan-17.Discarded,己方其他玩家公开的brogan-17处于已弃置的数量,该组匹配数量/全场玩家数（当前为4）,没有则0；他人Selected被投影为InHand,0.0
state,891,891,他人牌区,teammate.card.sabina-00.InHand,己方其他玩家公开的sabina-00处于在手的数量,该组匹配数量/全场玩家数（当前为4）,没有则0；他人Selected被投影为InHand,0.0
state,892,892,他人牌区,teammate.card.sabina-00.Selected,己方其他玩家公开的sabina-00处于本人已暗选的数量,该组匹配数量/全场玩家数（当前为4）,没有则0；他人Selected被投影为InHand,0.0
state,893,893,他人牌区,teammate.card.sabina-00.PlayedUnresolved,己方其他玩家公开的sabina-00处于已揭示尚未结算的数量,该组匹配数量/全场玩家数（当前为4）,没有则0；他人Selected被投影为InHand,0.0
state,894,894,他人牌区,teammate.card.sabina-00.PlayedResolved,己方其他玩家公开的sabina-00处于已结算的数量,该组匹配数量/全场玩家数（当前为4）,没有则0；他人Selected被投影为InHand,0.0
state,895,895,他人牌区,teammate.card.sabina-00.Discarded,己方其他玩家公开的sabina-00处于已弃置的数量,该组匹配数量/全场玩家数（当前为4）,没有则0；他人Selected被投影为InHand,0.0
state,896,896,他人牌区,teammate.card.sabina-01.InHand,己方其他玩家公开的sabina-01处于在手的数量,该组匹配数量/全场玩家数（当前为4）,没有则0；他人Selected被投影为InHand,0.0
state,897,897,他人牌区,teammate.card.sabina-01.Selected,己方其他玩家公开的sabina-01处于本人已暗选的数量,该组匹配数量/全场玩家数（当前为4）,没有则0；他人Selected被投影为InHand,0.0
state,898,898,他人牌区,teammate.card.sabina-01.PlayedUnresolved,己方其他玩家公开的sabina-01处于已揭示尚未结算的数量,该组匹配数量/全场玩家数（当前为4）,没有则0；他人Selected被投影为InHand,0.0
state,899,899,他人牌区,teammate.card.sabina-01.PlayedResolved,己方其他玩家公开的sabina-01处于已结算的数量,该组匹配数量/全场玩家数（当前为4）,没有则0；他人Selected被投影为InHand,0.0
state,900,900,他人牌区,teammate.card.sabina-01.Discarded,己方其他玩家公开的sabina-01处于已弃置的数量,该组匹配数量/全场玩家数（当前为4）,没有则0；他人Selected被投影为InHand,0.0
state,901,901,他人牌区,teammate.card.sabina-02.InHand,己方其他玩家公开的sabina-02处于在手的数量,该组匹配数量/全场玩家数（当前为4）,没有则0；他人Selected被投影为InHand,0.0
state,902,902,他人牌区,teammate.card.sabina-02.Selected,己方其他玩家公开的sabina-02处于本人已暗选的数量,该组匹配数量/全场玩家数（当前为4）,没有则0；他人Selected被投影为InHand,0.0
state,903,903,他人牌区,teammate.card.sabina-02.PlayedUnresolved,己方其他玩家公开的sabina-02处于已揭示尚未结算的数量,该组匹配数量/全场玩家数（当前为4）,没有则0；他人Selected被投影为InHand,0.0
state,904,904,他人牌区,teammate.card.sabina-02.PlayedResolved,己方其他玩家公开的sabina-02处于已结算的数量,该组匹配数量/全场玩家数（当前为4）,没有则0；他人Selected被投影为InHand,0.0
state,905,905,他人牌区,teammate.card.sabina-02.Discarded,己方其他玩家公开的sabina-02处于已弃置的数量,该组匹配数量/全场玩家数（当前为4）,没有则0；他人Selected被投影为InHand,0.0
state,906,906,他人牌区,teammate.card.sabina-03.InHand,己方其他玩家公开的sabina-03处于在手的数量,该组匹配数量/全场玩家数（当前为4）,没有则0；他人Selected被投影为InHand,0.0
state,907,907,他人牌区,teammate.card.sabina-03.Selected,己方其他玩家公开的sabina-03处于本人已暗选的数量,该组匹配数量/全场玩家数（当前为4）,没有则0；他人Selected被投影为InHand,0.0
state,908,908,他人牌区,teammate.card.sabina-03.PlayedUnresolved,己方其他玩家公开的sabina-03处于已揭示尚未结算的数量,该组匹配数量/全场玩家数（当前为4）,没有则0；他人Selected被投影为InHand,0.0
state,909,909,他人牌区,teammate.card.sabina-03.PlayedResolved,己方其他玩家公开的sabina-03处于已结算的数量,该组匹配数量/全场玩家数（当前为4）,没有则0；他人Selected被投影为InHand,0.0
state,910,910,他人牌区,teammate.card.sabina-03.Discarded,己方其他玩家公开的sabina-03处于已弃置的数量,该组匹配数量/全场玩家数（当前为4）,没有则0；他人Selected被投影为InHand,0.0
state,911,911,他人牌区,teammate.card.sabina-04.InHand,己方其他玩家公开的sabina-04处于在手的数量,该组匹配数量/全场玩家数（当前为4）,没有则0；他人Selected被投影为InHand,0.0
state,912,912,他人牌区,teammate.card.sabina-04.Selected,己方其他玩家公开的sabina-04处于本人已暗选的数量,该组匹配数量/全场玩家数（当前为4）,没有则0；他人Selected被投影为InHand,0.0
state,913,913,他人牌区,teammate.card.sabina-04.PlayedUnresolved,己方其他玩家公开的sabina-04处于已揭示尚未结算的数量,该组匹配数量/全场玩家数（当前为4）,没有则0；他人Selected被投影为InHand,0.0
state,914,914,他人牌区,teammate.card.sabina-04.PlayedResolved,己方其他玩家公开的sabina-04处于已结算的数量,该组匹配数量/全场玩家数（当前为4）,没有则0；他人Selected被投影为InHand,0.0
state,915,915,他人牌区,teammate.card.sabina-04.Discarded,己方其他玩家公开的sabina-04处于已弃置的数量,该组匹配数量/全场玩家数（当前为4）,没有则0；他人Selected被投影为InHand,0.0
state,916,916,他人牌区,teammate.card.sabina-05.InHand,己方其他玩家公开的sabina-05处于在手的数量,该组匹配数量/全场玩家数（当前为4）,没有则0；他人Selected被投影为InHand,0.0
state,917,917,他人牌区,teammate.card.sabina-05.Selected,己方其他玩家公开的sabina-05处于本人已暗选的数量,该组匹配数量/全场玩家数（当前为4）,没有则0；他人Selected被投影为InHand,0.0
state,918,918,他人牌区,teammate.card.sabina-05.PlayedUnresolved,己方其他玩家公开的sabina-05处于已揭示尚未结算的数量,该组匹配数量/全场玩家数（当前为4）,没有则0；他人Selected被投影为InHand,0.0
state,919,919,他人牌区,teammate.card.sabina-05.PlayedResolved,己方其他玩家公开的sabina-05处于已结算的数量,该组匹配数量/全场玩家数（当前为4）,没有则0；他人Selected被投影为InHand,0.0
state,920,920,他人牌区,teammate.card.sabina-05.Discarded,己方其他玩家公开的sabina-05处于已弃置的数量,该组匹配数量/全场玩家数（当前为4）,没有则0；他人Selected被投影为InHand,0.0
state,921,921,他人牌区,teammate.card.sabina-06.InHand,己方其他玩家公开的sabina-06处于在手的数量,该组匹配数量/全场玩家数（当前为4）,没有则0；他人Selected被投影为InHand,0.0
state,922,922,他人牌区,teammate.card.sabina-06.Selected,己方其他玩家公开的sabina-06处于本人已暗选的数量,该组匹配数量/全场玩家数（当前为4）,没有则0；他人Selected被投影为InHand,0.0
state,923,923,他人牌区,teammate.card.sabina-06.PlayedUnresolved,己方其他玩家公开的sabina-06处于已揭示尚未结算的数量,该组匹配数量/全场玩家数（当前为4）,没有则0；他人Selected被投影为InHand,0.0
state,924,924,他人牌区,teammate.card.sabina-06.PlayedResolved,己方其他玩家公开的sabina-06处于已结算的数量,该组匹配数量/全场玩家数（当前为4）,没有则0；他人Selected被投影为InHand,0.0
state,925,925,他人牌区,teammate.card.sabina-06.Discarded,己方其他玩家公开的sabina-06处于已弃置的数量,该组匹配数量/全场玩家数（当前为4）,没有则0；他人Selected被投影为InHand,0.0
state,926,926,他人牌区,teammate.card.sabina-07.InHand,己方其他玩家公开的sabina-07处于在手的数量,该组匹配数量/全场玩家数（当前为4）,没有则0；他人Selected被投影为InHand,0.0
state,927,927,他人牌区,teammate.card.sabina-07.Selected,己方其他玩家公开的sabina-07处于本人已暗选的数量,该组匹配数量/全场玩家数（当前为4）,没有则0；他人Selected被投影为InHand,0.0
state,928,928,他人牌区,teammate.card.sabina-07.PlayedUnresolved,己方其他玩家公开的sabina-07处于已揭示尚未结算的数量,该组匹配数量/全场玩家数（当前为4）,没有则0；他人Selected被投影为InHand,0.0
state,929,929,他人牌区,teammate.card.sabina-07.PlayedResolved,己方其他玩家公开的sabina-07处于已结算的数量,该组匹配数量/全场玩家数（当前为4）,没有则0；他人Selected被投影为InHand,0.0
state,930,930,他人牌区,teammate.card.sabina-07.Discarded,己方其他玩家公开的sabina-07处于已弃置的数量,该组匹配数量/全场玩家数（当前为4）,没有则0；他人Selected被投影为InHand,0.0
state,931,931,他人牌区,teammate.card.sabina-08.InHand,己方其他玩家公开的sabina-08处于在手的数量,该组匹配数量/全场玩家数（当前为4）,没有则0；他人Selected被投影为InHand,0.0
state,932,932,他人牌区,teammate.card.sabina-08.Selected,己方其他玩家公开的sabina-08处于本人已暗选的数量,该组匹配数量/全场玩家数（当前为4）,没有则0；他人Selected被投影为InHand,0.0
state,933,933,他人牌区,teammate.card.sabina-08.PlayedUnresolved,己方其他玩家公开的sabina-08处于已揭示尚未结算的数量,该组匹配数量/全场玩家数（当前为4）,没有则0；他人Selected被投影为InHand,0.0
state,934,934,他人牌区,teammate.card.sabina-08.PlayedResolved,己方其他玩家公开的sabina-08处于已结算的数量,该组匹配数量/全场玩家数（当前为4）,没有则0；他人Selected被投影为InHand,0.0
state,935,935,他人牌区,teammate.card.sabina-08.Discarded,己方其他玩家公开的sabina-08处于已弃置的数量,该组匹配数量/全场玩家数（当前为4）,没有则0；他人Selected被投影为InHand,0.0
state,936,936,他人牌区,teammate.card.sabina-09.InHand,己方其他玩家公开的sabina-09处于在手的数量,该组匹配数量/全场玩家数（当前为4）,没有则0；他人Selected被投影为InHand,0.0
state,937,937,他人牌区,teammate.card.sabina-09.Selected,己方其他玩家公开的sabina-09处于本人已暗选的数量,该组匹配数量/全场玩家数（当前为4）,没有则0；他人Selected被投影为InHand,0.0
state,938,938,他人牌区,teammate.card.sabina-09.PlayedUnresolved,己方其他玩家公开的sabina-09处于已揭示尚未结算的数量,该组匹配数量/全场玩家数（当前为4）,没有则0；他人Selected被投影为InHand,0.0
state,939,939,他人牌区,teammate.card.sabina-09.PlayedResolved,己方其他玩家公开的sabina-09处于已结算的数量,该组匹配数量/全场玩家数（当前为4）,没有则0；他人Selected被投影为InHand,0.0
state,940,940,他人牌区,teammate.card.sabina-09.Discarded,己方其他玩家公开的sabina-09处于已弃置的数量,该组匹配数量/全场玩家数（当前为4）,没有则0；他人Selected被投影为InHand,0.0
state,941,941,他人牌区,teammate.card.sabina-10.InHand,己方其他玩家公开的sabina-10处于在手的数量,该组匹配数量/全场玩家数（当前为4）,没有则0；他人Selected被投影为InHand,0.0
state,942,942,他人牌区,teammate.card.sabina-10.Selected,己方其他玩家公开的sabina-10处于本人已暗选的数量,该组匹配数量/全场玩家数（当前为4）,没有则0；他人Selected被投影为InHand,0.0
state,943,943,他人牌区,teammate.card.sabina-10.PlayedUnresolved,己方其他玩家公开的sabina-10处于已揭示尚未结算的数量,该组匹配数量/全场玩家数（当前为4）,没有则0；他人Selected被投影为InHand,0.0
state,944,944,他人牌区,teammate.card.sabina-10.PlayedResolved,己方其他玩家公开的sabina-10处于已结算的数量,该组匹配数量/全场玩家数（当前为4）,没有则0；他人Selected被投影为InHand,0.0
state,945,945,他人牌区,teammate.card.sabina-10.Discarded,己方其他玩家公开的sabina-10处于已弃置的数量,该组匹配数量/全场玩家数（当前为4）,没有则0；他人Selected被投影为InHand,0.0
state,946,946,他人牌区,teammate.card.sabina-11.InHand,己方其他玩家公开的sabina-11处于在手的数量,该组匹配数量/全场玩家数（当前为4）,没有则0；他人Selected被投影为InHand,0.0
state,947,947,他人牌区,teammate.card.sabina-11.Selected,己方其他玩家公开的sabina-11处于本人已暗选的数量,该组匹配数量/全场玩家数（当前为4）,没有则0；他人Selected被投影为InHand,0.0
state,948,948,他人牌区,teammate.card.sabina-11.PlayedUnresolved,己方其他玩家公开的sabina-11处于已揭示尚未结算的数量,该组匹配数量/全场玩家数（当前为4）,没有则0；他人Selected被投影为InHand,0.0
state,949,949,他人牌区,teammate.card.sabina-11.PlayedResolved,己方其他玩家公开的sabina-11处于已结算的数量,该组匹配数量/全场玩家数（当前为4）,没有则0；他人Selected被投影为InHand,0.0
state,950,950,他人牌区,teammate.card.sabina-11.Discarded,己方其他玩家公开的sabina-11处于已弃置的数量,该组匹配数量/全场玩家数（当前为4）,没有则0；他人Selected被投影为InHand,0.0
state,951,951,他人牌区,teammate.card.sabina-12.InHand,己方其他玩家公开的sabina-12处于在手的数量,该组匹配数量/全场玩家数（当前为4）,没有则0；他人Selected被投影为InHand,0.0
state,952,952,他人牌区,teammate.card.sabina-12.Selected,己方其他玩家公开的sabina-12处于本人已暗选的数量,该组匹配数量/全场玩家数（当前为4）,没有则0；他人Selected被投影为InHand,0.0
state,953,953,他人牌区,teammate.card.sabina-12.PlayedUnresolved,己方其他玩家公开的sabina-12处于已揭示尚未结算的数量,该组匹配数量/全场玩家数（当前为4）,没有则0；他人Selected被投影为InHand,0.0
state,954,954,他人牌区,teammate.card.sabina-12.PlayedResolved,己方其他玩家公开的sabina-12处于已结算的数量,该组匹配数量/全场玩家数（当前为4）,没有则0；他人Selected被投影为InHand,0.0
state,955,955,他人牌区,teammate.card.sabina-12.Discarded,己方其他玩家公开的sabina-12处于已弃置的数量,该组匹配数量/全场玩家数（当前为4）,没有则0；他人Selected被投影为InHand,0.0
state,956,956,他人牌区,teammate.card.sabina-13.InHand,己方其他玩家公开的sabina-13处于在手的数量,该组匹配数量/全场玩家数（当前为4）,没有则0；他人Selected被投影为InHand,0.0
state,957,957,他人牌区,teammate.card.sabina-13.Selected,己方其他玩家公开的sabina-13处于本人已暗选的数量,该组匹配数量/全场玩家数（当前为4）,没有则0；他人Selected被投影为InHand,0.0
state,958,958,他人牌区,teammate.card.sabina-13.PlayedUnresolved,己方其他玩家公开的sabina-13处于已揭示尚未结算的数量,该组匹配数量/全场玩家数（当前为4）,没有则0；他人Selected被投影为InHand,0.0
state,959,959,他人牌区,teammate.card.sabina-13.PlayedResolved,己方其他玩家公开的sabina-13处于已结算的数量,该组匹配数量/全场玩家数（当前为4）,没有则0；他人Selected被投影为InHand,0.0
state,960,960,他人牌区,teammate.card.sabina-13.Discarded,己方其他玩家公开的sabina-13处于已弃置的数量,该组匹配数量/全场玩家数（当前为4）,没有则0；他人Selected被投影为InHand,0.0
state,961,961,他人牌区,teammate.card.sabina-14.InHand,己方其他玩家公开的sabina-14处于在手的数量,该组匹配数量/全场玩家数（当前为4）,没有则0；他人Selected被投影为InHand,0.0
state,962,962,他人牌区,teammate.card.sabina-14.Selected,己方其他玩家公开的sabina-14处于本人已暗选的数量,该组匹配数量/全场玩家数（当前为4）,没有则0；他人Selected被投影为InHand,0.0
state,963,963,他人牌区,teammate.card.sabina-14.PlayedUnresolved,己方其他玩家公开的sabina-14处于已揭示尚未结算的数量,该组匹配数量/全场玩家数（当前为4）,没有则0；他人Selected被投影为InHand,0.0
state,964,964,他人牌区,teammate.card.sabina-14.PlayedResolved,己方其他玩家公开的sabina-14处于已结算的数量,该组匹配数量/全场玩家数（当前为4）,没有则0；他人Selected被投影为InHand,0.0
state,965,965,他人牌区,teammate.card.sabina-14.Discarded,己方其他玩家公开的sabina-14处于已弃置的数量,该组匹配数量/全场玩家数（当前为4）,没有则0；他人Selected被投影为InHand,0.0
state,966,966,他人牌区,teammate.card.sabina-15.InHand,己方其他玩家公开的sabina-15处于在手的数量,该组匹配数量/全场玩家数（当前为4）,没有则0；他人Selected被投影为InHand,0.0
state,967,967,他人牌区,teammate.card.sabina-15.Selected,己方其他玩家公开的sabina-15处于本人已暗选的数量,该组匹配数量/全场玩家数（当前为4）,没有则0；他人Selected被投影为InHand,0.0
state,968,968,他人牌区,teammate.card.sabina-15.PlayedUnresolved,己方其他玩家公开的sabina-15处于已揭示尚未结算的数量,该组匹配数量/全场玩家数（当前为4）,没有则0；他人Selected被投影为InHand,0.0
state,969,969,他人牌区,teammate.card.sabina-15.PlayedResolved,己方其他玩家公开的sabina-15处于已结算的数量,该组匹配数量/全场玩家数（当前为4）,没有则0；他人Selected被投影为InHand,0.0
state,970,970,他人牌区,teammate.card.sabina-15.Discarded,己方其他玩家公开的sabina-15处于已弃置的数量,该组匹配数量/全场玩家数（当前为4）,没有则0；他人Selected被投影为InHand,0.0
state,971,971,他人牌区,teammate.card.sabina-16.InHand,己方其他玩家公开的sabina-16处于在手的数量,该组匹配数量/全场玩家数（当前为4）,没有则0；他人Selected被投影为InHand,0.0
state,972,972,他人牌区,teammate.card.sabina-16.Selected,己方其他玩家公开的sabina-16处于本人已暗选的数量,该组匹配数量/全场玩家数（当前为4）,没有则0；他人Selected被投影为InHand,0.0
state,973,973,他人牌区,teammate.card.sabina-16.PlayedUnresolved,己方其他玩家公开的sabina-16处于已揭示尚未结算的数量,该组匹配数量/全场玩家数（当前为4）,没有则0；他人Selected被投影为InHand,0.0
state,974,974,他人牌区,teammate.card.sabina-16.PlayedResolved,己方其他玩家公开的sabina-16处于已结算的数量,该组匹配数量/全场玩家数（当前为4）,没有则0；他人Selected被投影为InHand,0.0
state,975,975,他人牌区,teammate.card.sabina-16.Discarded,己方其他玩家公开的sabina-16处于已弃置的数量,该组匹配数量/全场玩家数（当前为4）,没有则0；他人Selected被投影为InHand,0.0
state,976,976,他人牌区,teammate.card.sabina-17.InHand,己方其他玩家公开的sabina-17处于在手的数量,该组匹配数量/全场玩家数（当前为4）,没有则0；他人Selected被投影为InHand,0.0
state,977,977,他人牌区,teammate.card.sabina-17.Selected,己方其他玩家公开的sabina-17处于本人已暗选的数量,该组匹配数量/全场玩家数（当前为4）,没有则0；他人Selected被投影为InHand,0.0
state,978,978,他人牌区,teammate.card.sabina-17.PlayedUnresolved,己方其他玩家公开的sabina-17处于已揭示尚未结算的数量,该组匹配数量/全场玩家数（当前为4）,没有则0；他人Selected被投影为InHand,0.0
state,979,979,他人牌区,teammate.card.sabina-17.PlayedResolved,己方其他玩家公开的sabina-17处于已结算的数量,该组匹配数量/全场玩家数（当前为4）,没有则0；他人Selected被投影为InHand,0.0
state,980,980,他人牌区,teammate.card.sabina-17.Discarded,己方其他玩家公开的sabina-17处于已弃置的数量,该组匹配数量/全场玩家数（当前为4）,没有则0；他人Selected被投影为InHand,0.0
state,981,981,他人牌区,teammate.card.shargatha-00.InHand,己方其他玩家公开的shargatha-00处于在手的数量,该组匹配数量/全场玩家数（当前为4）,没有则0；他人Selected被投影为InHand,0.0
state,982,982,他人牌区,teammate.card.shargatha-00.Selected,己方其他玩家公开的shargatha-00处于本人已暗选的数量,该组匹配数量/全场玩家数（当前为4）,没有则0；他人Selected被投影为InHand,0.0
state,983,983,他人牌区,teammate.card.shargatha-00.PlayedUnresolved,己方其他玩家公开的shargatha-00处于已揭示尚未结算的数量,该组匹配数量/全场玩家数（当前为4）,没有则0；他人Selected被投影为InHand,0.0
state,984,984,他人牌区,teammate.card.shargatha-00.PlayedResolved,己方其他玩家公开的shargatha-00处于已结算的数量,该组匹配数量/全场玩家数（当前为4）,没有则0；他人Selected被投影为InHand,0.0
state,985,985,他人牌区,teammate.card.shargatha-00.Discarded,己方其他玩家公开的shargatha-00处于已弃置的数量,该组匹配数量/全场玩家数（当前为4）,没有则0；他人Selected被投影为InHand,0.0
state,986,986,他人牌区,teammate.card.shargatha-01.InHand,己方其他玩家公开的shargatha-01处于在手的数量,该组匹配数量/全场玩家数（当前为4）,没有则0；他人Selected被投影为InHand,0.0
state,987,987,他人牌区,teammate.card.shargatha-01.Selected,己方其他玩家公开的shargatha-01处于本人已暗选的数量,该组匹配数量/全场玩家数（当前为4）,没有则0；他人Selected被投影为InHand,0.0
state,988,988,他人牌区,teammate.card.shargatha-01.PlayedUnresolved,己方其他玩家公开的shargatha-01处于已揭示尚未结算的数量,该组匹配数量/全场玩家数（当前为4）,没有则0；他人Selected被投影为InHand,0.0
state,989,989,他人牌区,teammate.card.shargatha-01.PlayedResolved,己方其他玩家公开的shargatha-01处于已结算的数量,该组匹配数量/全场玩家数（当前为4）,没有则0；他人Selected被投影为InHand,0.0
state,990,990,他人牌区,teammate.card.shargatha-01.Discarded,己方其他玩家公开的shargatha-01处于已弃置的数量,该组匹配数量/全场玩家数（当前为4）,没有则0；他人Selected被投影为InHand,0.0
state,991,991,他人牌区,teammate.card.shargatha-02.InHand,己方其他玩家公开的shargatha-02处于在手的数量,该组匹配数量/全场玩家数（当前为4）,没有则0；他人Selected被投影为InHand,0.0
state,992,992,他人牌区,teammate.card.shargatha-02.Selected,己方其他玩家公开的shargatha-02处于本人已暗选的数量,该组匹配数量/全场玩家数（当前为4）,没有则0；他人Selected被投影为InHand,0.0
state,993,993,他人牌区,teammate.card.shargatha-02.PlayedUnresolved,己方其他玩家公开的shargatha-02处于已揭示尚未结算的数量,该组匹配数量/全场玩家数（当前为4）,没有则0；他人Selected被投影为InHand,0.0
state,994,994,他人牌区,teammate.card.shargatha-02.PlayedResolved,己方其他玩家公开的shargatha-02处于已结算的数量,该组匹配数量/全场玩家数（当前为4）,没有则0；他人Selected被投影为InHand,0.0
state,995,995,他人牌区,teammate.card.shargatha-02.Discarded,己方其他玩家公开的shargatha-02处于已弃置的数量,该组匹配数量/全场玩家数（当前为4）,没有则0；他人Selected被投影为InHand,0.0
state,996,996,他人牌区,teammate.card.shargatha-03.InHand,己方其他玩家公开的shargatha-03处于在手的数量,该组匹配数量/全场玩家数（当前为4）,没有则0；他人Selected被投影为InHand,0.0
state,997,997,他人牌区,teammate.card.shargatha-03.Selected,己方其他玩家公开的shargatha-03处于本人已暗选的数量,该组匹配数量/全场玩家数（当前为4）,没有则0；他人Selected被投影为InHand,0.0
state,998,998,他人牌区,teammate.card.shargatha-03.PlayedUnresolved,己方其他玩家公开的shargatha-03处于已揭示尚未结算的数量,该组匹配数量/全场玩家数（当前为4）,没有则0；他人Selected被投影为InHand,0.0
state,999,999,他人牌区,teammate.card.shargatha-03.PlayedResolved,己方其他玩家公开的shargatha-03处于已结算的数量,该组匹配数量/全场玩家数（当前为4）,没有则0；他人Selected被投影为InHand,0.0
state,1000,1000,他人牌区,teammate.card.shargatha-03.Discarded,己方其他玩家公开的shargatha-03处于已弃置的数量,该组匹配数量/全场玩家数（当前为4）,没有则0；他人Selected被投影为InHand,0.0
state,1001,1001,他人牌区,teammate.card.shargatha-04.InHand,己方其他玩家公开的shargatha-04处于在手的数量,该组匹配数量/全场玩家数（当前为4）,没有则0；他人Selected被投影为InHand,0.0
state,1002,1002,他人牌区,teammate.card.shargatha-04.Selected,己方其他玩家公开的shargatha-04处于本人已暗选的数量,该组匹配数量/全场玩家数（当前为4）,没有则0；他人Selected被投影为InHand,0.0
state,1003,1003,他人牌区,teammate.card.shargatha-04.PlayedUnresolved,己方其他玩家公开的shargatha-04处于已揭示尚未结算的数量,该组匹配数量/全场玩家数（当前为4）,没有则0；他人Selected被投影为InHand,0.0
state,1004,1004,他人牌区,teammate.card.shargatha-04.PlayedResolved,己方其他玩家公开的shargatha-04处于已结算的数量,该组匹配数量/全场玩家数（当前为4）,没有则0；他人Selected被投影为InHand,0.0
state,1005,1005,他人牌区,teammate.card.shargatha-04.Discarded,己方其他玩家公开的shargatha-04处于已弃置的数量,该组匹配数量/全场玩家数（当前为4）,没有则0；他人Selected被投影为InHand,0.0
state,1006,1006,他人牌区,teammate.card.shargatha-05.InHand,己方其他玩家公开的shargatha-05处于在手的数量,该组匹配数量/全场玩家数（当前为4）,没有则0；他人Selected被投影为InHand,0.0
state,1007,1007,他人牌区,teammate.card.shargatha-05.Selected,己方其他玩家公开的shargatha-05处于本人已暗选的数量,该组匹配数量/全场玩家数（当前为4）,没有则0；他人Selected被投影为InHand,0.0
state,1008,1008,他人牌区,teammate.card.shargatha-05.PlayedUnresolved,己方其他玩家公开的shargatha-05处于已揭示尚未结算的数量,该组匹配数量/全场玩家数（当前为4）,没有则0；他人Selected被投影为InHand,0.0
state,1009,1009,他人牌区,teammate.card.shargatha-05.PlayedResolved,己方其他玩家公开的shargatha-05处于已结算的数量,该组匹配数量/全场玩家数（当前为4）,没有则0；他人Selected被投影为InHand,0.0
state,1010,1010,他人牌区,teammate.card.shargatha-05.Discarded,己方其他玩家公开的shargatha-05处于已弃置的数量,该组匹配数量/全场玩家数（当前为4）,没有则0；他人Selected被投影为InHand,0.0
state,1011,1011,他人牌区,teammate.card.shargatha-06.InHand,己方其他玩家公开的shargatha-06处于在手的数量,该组匹配数量/全场玩家数（当前为4）,没有则0；他人Selected被投影为InHand,0.0
state,1012,1012,他人牌区,teammate.card.shargatha-06.Selected,己方其他玩家公开的shargatha-06处于本人已暗选的数量,该组匹配数量/全场玩家数（当前为4）,没有则0；他人Selected被投影为InHand,0.0
state,1013,1013,他人牌区,teammate.card.shargatha-06.PlayedUnresolved,己方其他玩家公开的shargatha-06处于已揭示尚未结算的数量,该组匹配数量/全场玩家数（当前为4）,没有则0；他人Selected被投影为InHand,0.0
state,1014,1014,他人牌区,teammate.card.shargatha-06.PlayedResolved,己方其他玩家公开的shargatha-06处于已结算的数量,该组匹配数量/全场玩家数（当前为4）,没有则0；他人Selected被投影为InHand,0.0
state,1015,1015,他人牌区,teammate.card.shargatha-06.Discarded,己方其他玩家公开的shargatha-06处于已弃置的数量,该组匹配数量/全场玩家数（当前为4）,没有则0；他人Selected被投影为InHand,0.0
state,1016,1016,他人牌区,teammate.card.shargatha-07.InHand,己方其他玩家公开的shargatha-07处于在手的数量,该组匹配数量/全场玩家数（当前为4）,没有则0；他人Selected被投影为InHand,0.0
state,1017,1017,他人牌区,teammate.card.shargatha-07.Selected,己方其他玩家公开的shargatha-07处于本人已暗选的数量,该组匹配数量/全场玩家数（当前为4）,没有则0；他人Selected被投影为InHand,0.0
state,1018,1018,他人牌区,teammate.card.shargatha-07.PlayedUnresolved,己方其他玩家公开的shargatha-07处于已揭示尚未结算的数量,该组匹配数量/全场玩家数（当前为4）,没有则0；他人Selected被投影为InHand,0.0
state,1019,1019,他人牌区,teammate.card.shargatha-07.PlayedResolved,己方其他玩家公开的shargatha-07处于已结算的数量,该组匹配数量/全场玩家数（当前为4）,没有则0；他人Selected被投影为InHand,0.0
state,1020,1020,他人牌区,teammate.card.shargatha-07.Discarded,己方其他玩家公开的shargatha-07处于已弃置的数量,该组匹配数量/全场玩家数（当前为4）,没有则0；他人Selected被投影为InHand,0.0
state,1021,1021,他人牌区,teammate.card.shargatha-08.InHand,己方其他玩家公开的shargatha-08处于在手的数量,该组匹配数量/全场玩家数（当前为4）,没有则0；他人Selected被投影为InHand,0.0
state,1022,1022,他人牌区,teammate.card.shargatha-08.Selected,己方其他玩家公开的shargatha-08处于本人已暗选的数量,该组匹配数量/全场玩家数（当前为4）,没有则0；他人Selected被投影为InHand,0.0
state,1023,1023,他人牌区,teammate.card.shargatha-08.PlayedUnresolved,己方其他玩家公开的shargatha-08处于已揭示尚未结算的数量,该组匹配数量/全场玩家数（当前为4）,没有则0；他人Selected被投影为InHand,0.0
state,1024,1024,他人牌区,teammate.card.shargatha-08.PlayedResolved,己方其他玩家公开的shargatha-08处于已结算的数量,该组匹配数量/全场玩家数（当前为4）,没有则0；他人Selected被投影为InHand,0.0
state,1025,1025,他人牌区,teammate.card.shargatha-08.Discarded,己方其他玩家公开的shargatha-08处于已弃置的数量,该组匹配数量/全场玩家数（当前为4）,没有则0；他人Selected被投影为InHand,0.0
state,1026,1026,他人牌区,teammate.card.shargatha-09.InHand,己方其他玩家公开的shargatha-09处于在手的数量,该组匹配数量/全场玩家数（当前为4）,没有则0；他人Selected被投影为InHand,0.0
state,1027,1027,他人牌区,teammate.card.shargatha-09.Selected,己方其他玩家公开的shargatha-09处于本人已暗选的数量,该组匹配数量/全场玩家数（当前为4）,没有则0；他人Selected被投影为InHand,0.0
state,1028,1028,他人牌区,teammate.card.shargatha-09.PlayedUnresolved,己方其他玩家公开的shargatha-09处于已揭示尚未结算的数量,该组匹配数量/全场玩家数（当前为4）,没有则0；他人Selected被投影为InHand,0.0
state,1029,1029,他人牌区,teammate.card.shargatha-09.PlayedResolved,己方其他玩家公开的shargatha-09处于已结算的数量,该组匹配数量/全场玩家数（当前为4）,没有则0；他人Selected被投影为InHand,0.0
state,1030,1030,他人牌区,teammate.card.shargatha-09.Discarded,己方其他玩家公开的shargatha-09处于已弃置的数量,该组匹配数量/全场玩家数（当前为4）,没有则0；他人Selected被投影为InHand,0.0
state,1031,1031,他人牌区,teammate.card.shargatha-10.InHand,己方其他玩家公开的shargatha-10处于在手的数量,该组匹配数量/全场玩家数（当前为4）,没有则0；他人Selected被投影为InHand,0.0
state,1032,1032,他人牌区,teammate.card.shargatha-10.Selected,己方其他玩家公开的shargatha-10处于本人已暗选的数量,该组匹配数量/全场玩家数（当前为4）,没有则0；他人Selected被投影为InHand,0.0
state,1033,1033,他人牌区,teammate.card.shargatha-10.PlayedUnresolved,己方其他玩家公开的shargatha-10处于已揭示尚未结算的数量,该组匹配数量/全场玩家数（当前为4）,没有则0；他人Selected被投影为InHand,0.0
state,1034,1034,他人牌区,teammate.card.shargatha-10.PlayedResolved,己方其他玩家公开的shargatha-10处于已结算的数量,该组匹配数量/全场玩家数（当前为4）,没有则0；他人Selected被投影为InHand,0.0
state,1035,1035,他人牌区,teammate.card.shargatha-10.Discarded,己方其他玩家公开的shargatha-10处于已弃置的数量,该组匹配数量/全场玩家数（当前为4）,没有则0；他人Selected被投影为InHand,0.0
state,1036,1036,他人牌区,teammate.card.shargatha-11.InHand,己方其他玩家公开的shargatha-11处于在手的数量,该组匹配数量/全场玩家数（当前为4）,没有则0；他人Selected被投影为InHand,0.0
state,1037,1037,他人牌区,teammate.card.shargatha-11.Selected,己方其他玩家公开的shargatha-11处于本人已暗选的数量,该组匹配数量/全场玩家数（当前为4）,没有则0；他人Selected被投影为InHand,0.0
state,1038,1038,他人牌区,teammate.card.shargatha-11.PlayedUnresolved,己方其他玩家公开的shargatha-11处于已揭示尚未结算的数量,该组匹配数量/全场玩家数（当前为4）,没有则0；他人Selected被投影为InHand,0.0
state,1039,1039,他人牌区,teammate.card.shargatha-11.PlayedResolved,己方其他玩家公开的shargatha-11处于已结算的数量,该组匹配数量/全场玩家数（当前为4）,没有则0；他人Selected被投影为InHand,0.0
state,1040,1040,他人牌区,teammate.card.shargatha-11.Discarded,己方其他玩家公开的shargatha-11处于已弃置的数量,该组匹配数量/全场玩家数（当前为4）,没有则0；他人Selected被投影为InHand,0.0
state,1041,1041,他人牌区,teammate.card.shargatha-12.InHand,己方其他玩家公开的shargatha-12处于在手的数量,该组匹配数量/全场玩家数（当前为4）,没有则0；他人Selected被投影为InHand,0.0
state,1042,1042,他人牌区,teammate.card.shargatha-12.Selected,己方其他玩家公开的shargatha-12处于本人已暗选的数量,该组匹配数量/全场玩家数（当前为4）,没有则0；他人Selected被投影为InHand,0.0
state,1043,1043,他人牌区,teammate.card.shargatha-12.PlayedUnresolved,己方其他玩家公开的shargatha-12处于已揭示尚未结算的数量,该组匹配数量/全场玩家数（当前为4）,没有则0；他人Selected被投影为InHand,0.0
state,1044,1044,他人牌区,teammate.card.shargatha-12.PlayedResolved,己方其他玩家公开的shargatha-12处于已结算的数量,该组匹配数量/全场玩家数（当前为4）,没有则0；他人Selected被投影为InHand,0.0
state,1045,1045,他人牌区,teammate.card.shargatha-12.Discarded,己方其他玩家公开的shargatha-12处于已弃置的数量,该组匹配数量/全场玩家数（当前为4）,没有则0；他人Selected被投影为InHand,0.0
state,1046,1046,他人牌区,teammate.card.shargatha-13.InHand,己方其他玩家公开的shargatha-13处于在手的数量,该组匹配数量/全场玩家数（当前为4）,没有则0；他人Selected被投影为InHand,0.0
state,1047,1047,他人牌区,teammate.card.shargatha-13.Selected,己方其他玩家公开的shargatha-13处于本人已暗选的数量,该组匹配数量/全场玩家数（当前为4）,没有则0；他人Selected被投影为InHand,0.0
state,1048,1048,他人牌区,teammate.card.shargatha-13.PlayedUnresolved,己方其他玩家公开的shargatha-13处于已揭示尚未结算的数量,该组匹配数量/全场玩家数（当前为4）,没有则0；他人Selected被投影为InHand,0.0
state,1049,1049,他人牌区,teammate.card.shargatha-13.PlayedResolved,己方其他玩家公开的shargatha-13处于已结算的数量,该组匹配数量/全场玩家数（当前为4）,没有则0；他人Selected被投影为InHand,0.0
state,1050,1050,他人牌区,teammate.card.shargatha-13.Discarded,己方其他玩家公开的shargatha-13处于已弃置的数量,该组匹配数量/全场玩家数（当前为4）,没有则0；他人Selected被投影为InHand,0.0
state,1051,1051,他人牌区,teammate.card.shargatha-14.InHand,己方其他玩家公开的shargatha-14处于在手的数量,该组匹配数量/全场玩家数（当前为4）,没有则0；他人Selected被投影为InHand,0.0
state,1052,1052,他人牌区,teammate.card.shargatha-14.Selected,己方其他玩家公开的shargatha-14处于本人已暗选的数量,该组匹配数量/全场玩家数（当前为4）,没有则0；他人Selected被投影为InHand,0.0
state,1053,1053,他人牌区,teammate.card.shargatha-14.PlayedUnresolved,己方其他玩家公开的shargatha-14处于已揭示尚未结算的数量,该组匹配数量/全场玩家数（当前为4）,没有则0；他人Selected被投影为InHand,0.0
state,1054,1054,他人牌区,teammate.card.shargatha-14.PlayedResolved,己方其他玩家公开的shargatha-14处于已结算的数量,该组匹配数量/全场玩家数（当前为4）,没有则0；他人Selected被投影为InHand,0.0
state,1055,1055,他人牌区,teammate.card.shargatha-14.Discarded,己方其他玩家公开的shargatha-14处于已弃置的数量,该组匹配数量/全场玩家数（当前为4）,没有则0；他人Selected被投影为InHand,0.0
state,1056,1056,他人牌区,teammate.card.shargatha-15.InHand,己方其他玩家公开的shargatha-15处于在手的数量,该组匹配数量/全场玩家数（当前为4）,没有则0；他人Selected被投影为InHand,0.0
state,1057,1057,他人牌区,teammate.card.shargatha-15.Selected,己方其他玩家公开的shargatha-15处于本人已暗选的数量,该组匹配数量/全场玩家数（当前为4）,没有则0；他人Selected被投影为InHand,0.0
state,1058,1058,他人牌区,teammate.card.shargatha-15.PlayedUnresolved,己方其他玩家公开的shargatha-15处于已揭示尚未结算的数量,该组匹配数量/全场玩家数（当前为4）,没有则0；他人Selected被投影为InHand,0.0
state,1059,1059,他人牌区,teammate.card.shargatha-15.PlayedResolved,己方其他玩家公开的shargatha-15处于已结算的数量,该组匹配数量/全场玩家数（当前为4）,没有则0；他人Selected被投影为InHand,0.0
state,1060,1060,他人牌区,teammate.card.shargatha-15.Discarded,己方其他玩家公开的shargatha-15处于已弃置的数量,该组匹配数量/全场玩家数（当前为4）,没有则0；他人Selected被投影为InHand,0.0
state,1061,1061,他人牌区,teammate.card.shargatha-16.InHand,己方其他玩家公开的shargatha-16处于在手的数量,该组匹配数量/全场玩家数（当前为4）,没有则0；他人Selected被投影为InHand,0.0
state,1062,1062,他人牌区,teammate.card.shargatha-16.Selected,己方其他玩家公开的shargatha-16处于本人已暗选的数量,该组匹配数量/全场玩家数（当前为4）,没有则0；他人Selected被投影为InHand,0.0
state,1063,1063,他人牌区,teammate.card.shargatha-16.PlayedUnresolved,己方其他玩家公开的shargatha-16处于已揭示尚未结算的数量,该组匹配数量/全场玩家数（当前为4）,没有则0；他人Selected被投影为InHand,0.0
state,1064,1064,他人牌区,teammate.card.shargatha-16.PlayedResolved,己方其他玩家公开的shargatha-16处于已结算的数量,该组匹配数量/全场玩家数（当前为4）,没有则0；他人Selected被投影为InHand,0.0
state,1065,1065,他人牌区,teammate.card.shargatha-16.Discarded,己方其他玩家公开的shargatha-16处于已弃置的数量,该组匹配数量/全场玩家数（当前为4）,没有则0；他人Selected被投影为InHand,0.0
state,1066,1066,他人牌区,teammate.card.shargatha-17.InHand,己方其他玩家公开的shargatha-17处于在手的数量,该组匹配数量/全场玩家数（当前为4）,没有则0；他人Selected被投影为InHand,0.0
state,1067,1067,他人牌区,teammate.card.shargatha-17.Selected,己方其他玩家公开的shargatha-17处于本人已暗选的数量,该组匹配数量/全场玩家数（当前为4）,没有则0；他人Selected被投影为InHand,0.0
state,1068,1068,他人牌区,teammate.card.shargatha-17.PlayedUnresolved,己方其他玩家公开的shargatha-17处于已揭示尚未结算的数量,该组匹配数量/全场玩家数（当前为4）,没有则0；他人Selected被投影为InHand,0.0
state,1069,1069,他人牌区,teammate.card.shargatha-17.PlayedResolved,己方其他玩家公开的shargatha-17处于已结算的数量,该组匹配数量/全场玩家数（当前为4）,没有则0；他人Selected被投影为InHand,0.0
state,1070,1070,他人牌区,teammate.card.shargatha-17.Discarded,己方其他玩家公开的shargatha-17处于已弃置的数量,该组匹配数量/全场玩家数（当前为4）,没有则0；他人Selected被投影为InHand,0.0
state,1071,1071,他人牌区,teammate.card.tigerclaw-00.InHand,己方其他玩家公开的tigerclaw-00处于在手的数量,该组匹配数量/全场玩家数（当前为4）,没有则0；他人Selected被投影为InHand,0.0
state,1072,1072,他人牌区,teammate.card.tigerclaw-00.Selected,己方其他玩家公开的tigerclaw-00处于本人已暗选的数量,该组匹配数量/全场玩家数（当前为4）,没有则0；他人Selected被投影为InHand,0.0
state,1073,1073,他人牌区,teammate.card.tigerclaw-00.PlayedUnresolved,己方其他玩家公开的tigerclaw-00处于已揭示尚未结算的数量,该组匹配数量/全场玩家数（当前为4）,没有则0；他人Selected被投影为InHand,0.0
state,1074,1074,他人牌区,teammate.card.tigerclaw-00.PlayedResolved,己方其他玩家公开的tigerclaw-00处于已结算的数量,该组匹配数量/全场玩家数（当前为4）,没有则0；他人Selected被投影为InHand,0.0
state,1075,1075,他人牌区,teammate.card.tigerclaw-00.Discarded,己方其他玩家公开的tigerclaw-00处于已弃置的数量,该组匹配数量/全场玩家数（当前为4）,没有则0；他人Selected被投影为InHand,0.0
state,1076,1076,他人牌区,teammate.card.tigerclaw-02.InHand,己方其他玩家公开的tigerclaw-02处于在手的数量,该组匹配数量/全场玩家数（当前为4）,没有则0；他人Selected被投影为InHand,0.0
state,1077,1077,他人牌区,teammate.card.tigerclaw-02.Selected,己方其他玩家公开的tigerclaw-02处于本人已暗选的数量,该组匹配数量/全场玩家数（当前为4）,没有则0；他人Selected被投影为InHand,0.0
state,1078,1078,他人牌区,teammate.card.tigerclaw-02.PlayedUnresolved,己方其他玩家公开的tigerclaw-02处于已揭示尚未结算的数量,该组匹配数量/全场玩家数（当前为4）,没有则0；他人Selected被投影为InHand,0.0
state,1079,1079,他人牌区,teammate.card.tigerclaw-02.PlayedResolved,己方其他玩家公开的tigerclaw-02处于已结算的数量,该组匹配数量/全场玩家数（当前为4）,没有则0；他人Selected被投影为InHand,0.0
state,1080,1080,他人牌区,teammate.card.tigerclaw-02.Discarded,己方其他玩家公开的tigerclaw-02处于已弃置的数量,该组匹配数量/全场玩家数（当前为4）,没有则0；他人Selected被投影为InHand,0.0
state,1081,1081,他人牌区,teammate.card.tigerclaw-03.InHand,己方其他玩家公开的tigerclaw-03处于在手的数量,该组匹配数量/全场玩家数（当前为4）,没有则0；他人Selected被投影为InHand,0.0
state,1082,1082,他人牌区,teammate.card.tigerclaw-03.Selected,己方其他玩家公开的tigerclaw-03处于本人已暗选的数量,该组匹配数量/全场玩家数（当前为4）,没有则0；他人Selected被投影为InHand,0.0
state,1083,1083,他人牌区,teammate.card.tigerclaw-03.PlayedUnresolved,己方其他玩家公开的tigerclaw-03处于已揭示尚未结算的数量,该组匹配数量/全场玩家数（当前为4）,没有则0；他人Selected被投影为InHand,0.0
state,1084,1084,他人牌区,teammate.card.tigerclaw-03.PlayedResolved,己方其他玩家公开的tigerclaw-03处于已结算的数量,该组匹配数量/全场玩家数（当前为4）,没有则0；他人Selected被投影为InHand,0.0
state,1085,1085,他人牌区,teammate.card.tigerclaw-03.Discarded,己方其他玩家公开的tigerclaw-03处于已弃置的数量,该组匹配数量/全场玩家数（当前为4）,没有则0；他人Selected被投影为InHand,0.0
state,1086,1086,他人牌区,teammate.card.tigerclaw-04.InHand,己方其他玩家公开的tigerclaw-04处于在手的数量,该组匹配数量/全场玩家数（当前为4）,没有则0；他人Selected被投影为InHand,0.0
state,1087,1087,他人牌区,teammate.card.tigerclaw-04.Selected,己方其他玩家公开的tigerclaw-04处于本人已暗选的数量,该组匹配数量/全场玩家数（当前为4）,没有则0；他人Selected被投影为InHand,0.0
state,1088,1088,他人牌区,teammate.card.tigerclaw-04.PlayedUnresolved,己方其他玩家公开的tigerclaw-04处于已揭示尚未结算的数量,该组匹配数量/全场玩家数（当前为4）,没有则0；他人Selected被投影为InHand,0.0
state,1089,1089,他人牌区,teammate.card.tigerclaw-04.PlayedResolved,己方其他玩家公开的tigerclaw-04处于已结算的数量,该组匹配数量/全场玩家数（当前为4）,没有则0；他人Selected被投影为InHand,0.0
state,1090,1090,他人牌区,teammate.card.tigerclaw-04.Discarded,己方其他玩家公开的tigerclaw-04处于已弃置的数量,该组匹配数量/全场玩家数（当前为4）,没有则0；他人Selected被投影为InHand,0.0
state,1091,1091,他人牌区,teammate.card.tigerclaw-05.InHand,己方其他玩家公开的tigerclaw-05处于在手的数量,该组匹配数量/全场玩家数（当前为4）,没有则0；他人Selected被投影为InHand,0.0
state,1092,1092,他人牌区,teammate.card.tigerclaw-05.Selected,己方其他玩家公开的tigerclaw-05处于本人已暗选的数量,该组匹配数量/全场玩家数（当前为4）,没有则0；他人Selected被投影为InHand,0.0
state,1093,1093,他人牌区,teammate.card.tigerclaw-05.PlayedUnresolved,己方其他玩家公开的tigerclaw-05处于已揭示尚未结算的数量,该组匹配数量/全场玩家数（当前为4）,没有则0；他人Selected被投影为InHand,0.0
state,1094,1094,他人牌区,teammate.card.tigerclaw-05.PlayedResolved,己方其他玩家公开的tigerclaw-05处于已结算的数量,该组匹配数量/全场玩家数（当前为4）,没有则0；他人Selected被投影为InHand,0.0
state,1095,1095,他人牌区,teammate.card.tigerclaw-05.Discarded,己方其他玩家公开的tigerclaw-05处于已弃置的数量,该组匹配数量/全场玩家数（当前为4）,没有则0；他人Selected被投影为InHand,0.0
state,1096,1096,他人牌区,teammate.card.tigerclaw-06.InHand,己方其他玩家公开的tigerclaw-06处于在手的数量,该组匹配数量/全场玩家数（当前为4）,没有则0；他人Selected被投影为InHand,0.0
state,1097,1097,他人牌区,teammate.card.tigerclaw-06.Selected,己方其他玩家公开的tigerclaw-06处于本人已暗选的数量,该组匹配数量/全场玩家数（当前为4）,没有则0；他人Selected被投影为InHand,0.0
state,1098,1098,他人牌区,teammate.card.tigerclaw-06.PlayedUnresolved,己方其他玩家公开的tigerclaw-06处于已揭示尚未结算的数量,该组匹配数量/全场玩家数（当前为4）,没有则0；他人Selected被投影为InHand,0.0
state,1099,1099,他人牌区,teammate.card.tigerclaw-06.PlayedResolved,己方其他玩家公开的tigerclaw-06处于已结算的数量,该组匹配数量/全场玩家数（当前为4）,没有则0；他人Selected被投影为InHand,0.0
state,1100,1100,他人牌区,teammate.card.tigerclaw-06.Discarded,己方其他玩家公开的tigerclaw-06处于已弃置的数量,该组匹配数量/全场玩家数（当前为4）,没有则0；他人Selected被投影为InHand,0.0
state,1101,1101,他人牌区,teammate.card.tigerclaw-07.InHand,己方其他玩家公开的tigerclaw-07处于在手的数量,该组匹配数量/全场玩家数（当前为4）,没有则0；他人Selected被投影为InHand,0.0
state,1102,1102,他人牌区,teammate.card.tigerclaw-07.Selected,己方其他玩家公开的tigerclaw-07处于本人已暗选的数量,该组匹配数量/全场玩家数（当前为4）,没有则0；他人Selected被投影为InHand,0.0
state,1103,1103,他人牌区,teammate.card.tigerclaw-07.PlayedUnresolved,己方其他玩家公开的tigerclaw-07处于已揭示尚未结算的数量,该组匹配数量/全场玩家数（当前为4）,没有则0；他人Selected被投影为InHand,0.0
state,1104,1104,他人牌区,teammate.card.tigerclaw-07.PlayedResolved,己方其他玩家公开的tigerclaw-07处于已结算的数量,该组匹配数量/全场玩家数（当前为4）,没有则0；他人Selected被投影为InHand,0.0
state,1105,1105,他人牌区,teammate.card.tigerclaw-07.Discarded,己方其他玩家公开的tigerclaw-07处于已弃置的数量,该组匹配数量/全场玩家数（当前为4）,没有则0；他人Selected被投影为InHand,0.0
state,1106,1106,他人牌区,teammate.card.tigerclaw-08.InHand,己方其他玩家公开的tigerclaw-08处于在手的数量,该组匹配数量/全场玩家数（当前为4）,没有则0；他人Selected被投影为InHand,0.0
state,1107,1107,他人牌区,teammate.card.tigerclaw-08.Selected,己方其他玩家公开的tigerclaw-08处于本人已暗选的数量,该组匹配数量/全场玩家数（当前为4）,没有则0；他人Selected被投影为InHand,0.0
state,1108,1108,他人牌区,teammate.card.tigerclaw-08.PlayedUnresolved,己方其他玩家公开的tigerclaw-08处于已揭示尚未结算的数量,该组匹配数量/全场玩家数（当前为4）,没有则0；他人Selected被投影为InHand,0.0
state,1109,1109,他人牌区,teammate.card.tigerclaw-08.PlayedResolved,己方其他玩家公开的tigerclaw-08处于已结算的数量,该组匹配数量/全场玩家数（当前为4）,没有则0；他人Selected被投影为InHand,0.0
state,1110,1110,他人牌区,teammate.card.tigerclaw-08.Discarded,己方其他玩家公开的tigerclaw-08处于已弃置的数量,该组匹配数量/全场玩家数（当前为4）,没有则0；他人Selected被投影为InHand,0.0
state,1111,1111,他人牌区,teammate.card.tigerclaw-09.InHand,己方其他玩家公开的tigerclaw-09处于在手的数量,该组匹配数量/全场玩家数（当前为4）,没有则0；他人Selected被投影为InHand,0.0
state,1112,1112,他人牌区,teammate.card.tigerclaw-09.Selected,己方其他玩家公开的tigerclaw-09处于本人已暗选的数量,该组匹配数量/全场玩家数（当前为4）,没有则0；他人Selected被投影为InHand,0.0
state,1113,1113,他人牌区,teammate.card.tigerclaw-09.PlayedUnresolved,己方其他玩家公开的tigerclaw-09处于已揭示尚未结算的数量,该组匹配数量/全场玩家数（当前为4）,没有则0；他人Selected被投影为InHand,0.0
state,1114,1114,他人牌区,teammate.card.tigerclaw-09.PlayedResolved,己方其他玩家公开的tigerclaw-09处于已结算的数量,该组匹配数量/全场玩家数（当前为4）,没有则0；他人Selected被投影为InHand,0.0
state,1115,1115,他人牌区,teammate.card.tigerclaw-09.Discarded,己方其他玩家公开的tigerclaw-09处于已弃置的数量,该组匹配数量/全场玩家数（当前为4）,没有则0；他人Selected被投影为InHand,0.0
state,1116,1116,他人牌区,teammate.card.tigerclaw-10.InHand,己方其他玩家公开的tigerclaw-10处于在手的数量,该组匹配数量/全场玩家数（当前为4）,没有则0；他人Selected被投影为InHand,0.0
state,1117,1117,他人牌区,teammate.card.tigerclaw-10.Selected,己方其他玩家公开的tigerclaw-10处于本人已暗选的数量,该组匹配数量/全场玩家数（当前为4）,没有则0；他人Selected被投影为InHand,0.0
state,1118,1118,他人牌区,teammate.card.tigerclaw-10.PlayedUnresolved,己方其他玩家公开的tigerclaw-10处于已揭示尚未结算的数量,该组匹配数量/全场玩家数（当前为4）,没有则0；他人Selected被投影为InHand,0.0
state,1119,1119,他人牌区,teammate.card.tigerclaw-10.PlayedResolved,己方其他玩家公开的tigerclaw-10处于已结算的数量,该组匹配数量/全场玩家数（当前为4）,没有则0；他人Selected被投影为InHand,0.0
state,1120,1120,他人牌区,teammate.card.tigerclaw-10.Discarded,己方其他玩家公开的tigerclaw-10处于已弃置的数量,该组匹配数量/全场玩家数（当前为4）,没有则0；他人Selected被投影为InHand,0.0
state,1121,1121,他人牌区,teammate.card.tigerclaw-11.InHand,己方其他玩家公开的tigerclaw-11处于在手的数量,该组匹配数量/全场玩家数（当前为4）,没有则0；他人Selected被投影为InHand,0.0
state,1122,1122,他人牌区,teammate.card.tigerclaw-11.Selected,己方其他玩家公开的tigerclaw-11处于本人已暗选的数量,该组匹配数量/全场玩家数（当前为4）,没有则0；他人Selected被投影为InHand,0.0
state,1123,1123,他人牌区,teammate.card.tigerclaw-11.PlayedUnresolved,己方其他玩家公开的tigerclaw-11处于已揭示尚未结算的数量,该组匹配数量/全场玩家数（当前为4）,没有则0；他人Selected被投影为InHand,0.0
state,1124,1124,他人牌区,teammate.card.tigerclaw-11.PlayedResolved,己方其他玩家公开的tigerclaw-11处于已结算的数量,该组匹配数量/全场玩家数（当前为4）,没有则0；他人Selected被投影为InHand,0.0
state,1125,1125,他人牌区,teammate.card.tigerclaw-11.Discarded,己方其他玩家公开的tigerclaw-11处于已弃置的数量,该组匹配数量/全场玩家数（当前为4）,没有则0；他人Selected被投影为InHand,0.0
state,1126,1126,他人牌区,teammate.card.tigerclaw-12.InHand,己方其他玩家公开的tigerclaw-12处于在手的数量,该组匹配数量/全场玩家数（当前为4）,没有则0；他人Selected被投影为InHand,0.0
state,1127,1127,他人牌区,teammate.card.tigerclaw-12.Selected,己方其他玩家公开的tigerclaw-12处于本人已暗选的数量,该组匹配数量/全场玩家数（当前为4）,没有则0；他人Selected被投影为InHand,0.0
state,1128,1128,他人牌区,teammate.card.tigerclaw-12.PlayedUnresolved,己方其他玩家公开的tigerclaw-12处于已揭示尚未结算的数量,该组匹配数量/全场玩家数（当前为4）,没有则0；他人Selected被投影为InHand,0.0
state,1129,1129,他人牌区,teammate.card.tigerclaw-12.PlayedResolved,己方其他玩家公开的tigerclaw-12处于已结算的数量,该组匹配数量/全场玩家数（当前为4）,没有则0；他人Selected被投影为InHand,0.0
state,1130,1130,他人牌区,teammate.card.tigerclaw-12.Discarded,己方其他玩家公开的tigerclaw-12处于已弃置的数量,该组匹配数量/全场玩家数（当前为4）,没有则0；他人Selected被投影为InHand,0.0
state,1131,1131,他人牌区,teammate.card.tigerclaw-13.InHand,己方其他玩家公开的tigerclaw-13处于在手的数量,该组匹配数量/全场玩家数（当前为4）,没有则0；他人Selected被投影为InHand,0.0
state,1132,1132,他人牌区,teammate.card.tigerclaw-13.Selected,己方其他玩家公开的tigerclaw-13处于本人已暗选的数量,该组匹配数量/全场玩家数（当前为4）,没有则0；他人Selected被投影为InHand,0.0
state,1133,1133,他人牌区,teammate.card.tigerclaw-13.PlayedUnresolved,己方其他玩家公开的tigerclaw-13处于已揭示尚未结算的数量,该组匹配数量/全场玩家数（当前为4）,没有则0；他人Selected被投影为InHand,0.0
state,1134,1134,他人牌区,teammate.card.tigerclaw-13.PlayedResolved,己方其他玩家公开的tigerclaw-13处于已结算的数量,该组匹配数量/全场玩家数（当前为4）,没有则0；他人Selected被投影为InHand,0.0
state,1135,1135,他人牌区,teammate.card.tigerclaw-13.Discarded,己方其他玩家公开的tigerclaw-13处于已弃置的数量,该组匹配数量/全场玩家数（当前为4）,没有则0；他人Selected被投影为InHand,0.0
state,1136,1136,他人牌区,teammate.card.tigerclaw-14.InHand,己方其他玩家公开的tigerclaw-14处于在手的数量,该组匹配数量/全场玩家数（当前为4）,没有则0；他人Selected被投影为InHand,0.0
state,1137,1137,他人牌区,teammate.card.tigerclaw-14.Selected,己方其他玩家公开的tigerclaw-14处于本人已暗选的数量,该组匹配数量/全场玩家数（当前为4）,没有则0；他人Selected被投影为InHand,0.0
state,1138,1138,他人牌区,teammate.card.tigerclaw-14.PlayedUnresolved,己方其他玩家公开的tigerclaw-14处于已揭示尚未结算的数量,该组匹配数量/全场玩家数（当前为4）,没有则0；他人Selected被投影为InHand,0.0
state,1139,1139,他人牌区,teammate.card.tigerclaw-14.PlayedResolved,己方其他玩家公开的tigerclaw-14处于已结算的数量,该组匹配数量/全场玩家数（当前为4）,没有则0；他人Selected被投影为InHand,0.0
state,1140,1140,他人牌区,teammate.card.tigerclaw-14.Discarded,己方其他玩家公开的tigerclaw-14处于已弃置的数量,该组匹配数量/全场玩家数（当前为4）,没有则0；他人Selected被投影为InHand,0.0
state,1141,1141,他人牌区,teammate.card.tigerclaw-15.InHand,己方其他玩家公开的tigerclaw-15处于在手的数量,该组匹配数量/全场玩家数（当前为4）,没有则0；他人Selected被投影为InHand,0.0
state,1142,1142,他人牌区,teammate.card.tigerclaw-15.Selected,己方其他玩家公开的tigerclaw-15处于本人已暗选的数量,该组匹配数量/全场玩家数（当前为4）,没有则0；他人Selected被投影为InHand,0.0
state,1143,1143,他人牌区,teammate.card.tigerclaw-15.PlayedUnresolved,己方其他玩家公开的tigerclaw-15处于已揭示尚未结算的数量,该组匹配数量/全场玩家数（当前为4）,没有则0；他人Selected被投影为InHand,0.0
state,1144,1144,他人牌区,teammate.card.tigerclaw-15.PlayedResolved,己方其他玩家公开的tigerclaw-15处于已结算的数量,该组匹配数量/全场玩家数（当前为4）,没有则0；他人Selected被投影为InHand,0.0
state,1145,1145,他人牌区,teammate.card.tigerclaw-15.Discarded,己方其他玩家公开的tigerclaw-15处于已弃置的数量,该组匹配数量/全场玩家数（当前为4）,没有则0；他人Selected被投影为InHand,0.0
state,1146,1146,他人牌区,teammate.card.tigerclaw-16.InHand,己方其他玩家公开的tigerclaw-16处于在手的数量,该组匹配数量/全场玩家数（当前为4）,没有则0；他人Selected被投影为InHand,0.0
state,1147,1147,他人牌区,teammate.card.tigerclaw-16.Selected,己方其他玩家公开的tigerclaw-16处于本人已暗选的数量,该组匹配数量/全场玩家数（当前为4）,没有则0；他人Selected被投影为InHand,0.0
state,1148,1148,他人牌区,teammate.card.tigerclaw-16.PlayedUnresolved,己方其他玩家公开的tigerclaw-16处于已揭示尚未结算的数量,该组匹配数量/全场玩家数（当前为4）,没有则0；他人Selected被投影为InHand,0.0
state,1149,1149,他人牌区,teammate.card.tigerclaw-16.PlayedResolved,己方其他玩家公开的tigerclaw-16处于已结算的数量,该组匹配数量/全场玩家数（当前为4）,没有则0；他人Selected被投影为InHand,0.0
state,1150,1150,他人牌区,teammate.card.tigerclaw-16.Discarded,己方其他玩家公开的tigerclaw-16处于已弃置的数量,该组匹配数量/全场玩家数（当前为4）,没有则0；他人Selected被投影为InHand,0.0
state,1151,1151,他人牌区,teammate.card.tigerclaw-17.InHand,己方其他玩家公开的tigerclaw-17处于在手的数量,该组匹配数量/全场玩家数（当前为4）,没有则0；他人Selected被投影为InHand,0.0
state,1152,1152,他人牌区,teammate.card.tigerclaw-17.Selected,己方其他玩家公开的tigerclaw-17处于本人已暗选的数量,该组匹配数量/全场玩家数（当前为4）,没有则0；他人Selected被投影为InHand,0.0
state,1153,1153,他人牌区,teammate.card.tigerclaw-17.PlayedUnresolved,己方其他玩家公开的tigerclaw-17处于已揭示尚未结算的数量,该组匹配数量/全场玩家数（当前为4）,没有则0；他人Selected被投影为InHand,0.0
state,1154,1154,他人牌区,teammate.card.tigerclaw-17.PlayedResolved,己方其他玩家公开的tigerclaw-17处于已结算的数量,该组匹配数量/全场玩家数（当前为4）,没有则0；他人Selected被投影为InHand,0.0
state,1155,1155,他人牌区,teammate.card.tigerclaw-17.Discarded,己方其他玩家公开的tigerclaw-17处于已弃置的数量,该组匹配数量/全场玩家数（当前为4）,没有则0；他人Selected被投影为InHand,0.0
state,1156,1156,他人牌区,teammate.card.tigerclaw-18.InHand,己方其他玩家公开的tigerclaw-18处于在手的数量,该组匹配数量/全场玩家数（当前为4）,没有则0；他人Selected被投影为InHand,0.0
state,1157,1157,他人牌区,teammate.card.tigerclaw-18.Selected,己方其他玩家公开的tigerclaw-18处于本人已暗选的数量,该组匹配数量/全场玩家数（当前为4）,没有则0；他人Selected被投影为InHand,0.0
state,1158,1158,他人牌区,teammate.card.tigerclaw-18.PlayedUnresolved,己方其他玩家公开的tigerclaw-18处于已揭示尚未结算的数量,该组匹配数量/全场玩家数（当前为4）,没有则0；他人Selected被投影为InHand,0.0
state,1159,1159,他人牌区,teammate.card.tigerclaw-18.PlayedResolved,己方其他玩家公开的tigerclaw-18处于已结算的数量,该组匹配数量/全场玩家数（当前为4）,没有则0；他人Selected被投影为InHand,0.0
state,1160,1160,他人牌区,teammate.card.tigerclaw-18.Discarded,己方其他玩家公开的tigerclaw-18处于已弃置的数量,该组匹配数量/全场玩家数（当前为4）,没有则0；他人Selected被投影为InHand,0.0
state,1161,1161,他人牌区,teammate.card.wasp-00.InHand,己方其他玩家公开的wasp-00处于在手的数量,该组匹配数量/全场玩家数（当前为4）,没有则0；他人Selected被投影为InHand,0.0
state,1162,1162,他人牌区,teammate.card.wasp-00.Selected,己方其他玩家公开的wasp-00处于本人已暗选的数量,该组匹配数量/全场玩家数（当前为4）,没有则0；他人Selected被投影为InHand,0.0
state,1163,1163,他人牌区,teammate.card.wasp-00.PlayedUnresolved,己方其他玩家公开的wasp-00处于已揭示尚未结算的数量,该组匹配数量/全场玩家数（当前为4）,没有则0；他人Selected被投影为InHand,0.0
state,1164,1164,他人牌区,teammate.card.wasp-00.PlayedResolved,己方其他玩家公开的wasp-00处于已结算的数量,该组匹配数量/全场玩家数（当前为4）,没有则0；他人Selected被投影为InHand,0.0
state,1165,1165,他人牌区,teammate.card.wasp-00.Discarded,己方其他玩家公开的wasp-00处于已弃置的数量,该组匹配数量/全场玩家数（当前为4）,没有则0；他人Selected被投影为InHand,0.0
state,1166,1166,他人牌区,teammate.card.wasp-01.InHand,己方其他玩家公开的wasp-01处于在手的数量,该组匹配数量/全场玩家数（当前为4）,没有则0；他人Selected被投影为InHand,0.0
state,1167,1167,他人牌区,teammate.card.wasp-01.Selected,己方其他玩家公开的wasp-01处于本人已暗选的数量,该组匹配数量/全场玩家数（当前为4）,没有则0；他人Selected被投影为InHand,0.0
state,1168,1168,他人牌区,teammate.card.wasp-01.PlayedUnresolved,己方其他玩家公开的wasp-01处于已揭示尚未结算的数量,该组匹配数量/全场玩家数（当前为4）,没有则0；他人Selected被投影为InHand,0.0
state,1169,1169,他人牌区,teammate.card.wasp-01.PlayedResolved,己方其他玩家公开的wasp-01处于已结算的数量,该组匹配数量/全场玩家数（当前为4）,没有则0；他人Selected被投影为InHand,0.0
state,1170,1170,他人牌区,teammate.card.wasp-01.Discarded,己方其他玩家公开的wasp-01处于已弃置的数量,该组匹配数量/全场玩家数（当前为4）,没有则0；他人Selected被投影为InHand,0.0
state,1171,1171,他人牌区,teammate.card.wasp-02.InHand,己方其他玩家公开的wasp-02处于在手的数量,该组匹配数量/全场玩家数（当前为4）,没有则0；他人Selected被投影为InHand,0.0
state,1172,1172,他人牌区,teammate.card.wasp-02.Selected,己方其他玩家公开的wasp-02处于本人已暗选的数量,该组匹配数量/全场玩家数（当前为4）,没有则0；他人Selected被投影为InHand,0.0
state,1173,1173,他人牌区,teammate.card.wasp-02.PlayedUnresolved,己方其他玩家公开的wasp-02处于已揭示尚未结算的数量,该组匹配数量/全场玩家数（当前为4）,没有则0；他人Selected被投影为InHand,0.0
state,1174,1174,他人牌区,teammate.card.wasp-02.PlayedResolved,己方其他玩家公开的wasp-02处于已结算的数量,该组匹配数量/全场玩家数（当前为4）,没有则0；他人Selected被投影为InHand,0.0
state,1175,1175,他人牌区,teammate.card.wasp-02.Discarded,己方其他玩家公开的wasp-02处于已弃置的数量,该组匹配数量/全场玩家数（当前为4）,没有则0；他人Selected被投影为InHand,0.0
state,1176,1176,他人牌区,teammate.card.wasp-03.InHand,己方其他玩家公开的wasp-03处于在手的数量,该组匹配数量/全场玩家数（当前为4）,没有则0；他人Selected被投影为InHand,0.0
state,1177,1177,他人牌区,teammate.card.wasp-03.Selected,己方其他玩家公开的wasp-03处于本人已暗选的数量,该组匹配数量/全场玩家数（当前为4）,没有则0；他人Selected被投影为InHand,0.0
state,1178,1178,他人牌区,teammate.card.wasp-03.PlayedUnresolved,己方其他玩家公开的wasp-03处于已揭示尚未结算的数量,该组匹配数量/全场玩家数（当前为4）,没有则0；他人Selected被投影为InHand,0.0
state,1179,1179,他人牌区,teammate.card.wasp-03.PlayedResolved,己方其他玩家公开的wasp-03处于已结算的数量,该组匹配数量/全场玩家数（当前为4）,没有则0；他人Selected被投影为InHand,0.0
state,1180,1180,他人牌区,teammate.card.wasp-03.Discarded,己方其他玩家公开的wasp-03处于已弃置的数量,该组匹配数量/全场玩家数（当前为4）,没有则0；他人Selected被投影为InHand,0.0
state,1181,1181,他人牌区,teammate.card.wasp-04.InHand,己方其他玩家公开的wasp-04处于在手的数量,该组匹配数量/全场玩家数（当前为4）,没有则0；他人Selected被投影为InHand,0.0
state,1182,1182,他人牌区,teammate.card.wasp-04.Selected,己方其他玩家公开的wasp-04处于本人已暗选的数量,该组匹配数量/全场玩家数（当前为4）,没有则0；他人Selected被投影为InHand,0.0
state,1183,1183,他人牌区,teammate.card.wasp-04.PlayedUnresolved,己方其他玩家公开的wasp-04处于已揭示尚未结算的数量,该组匹配数量/全场玩家数（当前为4）,没有则0；他人Selected被投影为InHand,0.0
state,1184,1184,他人牌区,teammate.card.wasp-04.PlayedResolved,己方其他玩家公开的wasp-04处于已结算的数量,该组匹配数量/全场玩家数（当前为4）,没有则0；他人Selected被投影为InHand,0.0
state,1185,1185,他人牌区,teammate.card.wasp-04.Discarded,己方其他玩家公开的wasp-04处于已弃置的数量,该组匹配数量/全场玩家数（当前为4）,没有则0；他人Selected被投影为InHand,0.0
state,1186,1186,他人牌区,teammate.card.wasp-05.InHand,己方其他玩家公开的wasp-05处于在手的数量,该组匹配数量/全场玩家数（当前为4）,没有则0；他人Selected被投影为InHand,0.0
state,1187,1187,他人牌区,teammate.card.wasp-05.Selected,己方其他玩家公开的wasp-05处于本人已暗选的数量,该组匹配数量/全场玩家数（当前为4）,没有则0；他人Selected被投影为InHand,0.0
state,1188,1188,他人牌区,teammate.card.wasp-05.PlayedUnresolved,己方其他玩家公开的wasp-05处于已揭示尚未结算的数量,该组匹配数量/全场玩家数（当前为4）,没有则0；他人Selected被投影为InHand,0.0
state,1189,1189,他人牌区,teammate.card.wasp-05.PlayedResolved,己方其他玩家公开的wasp-05处于已结算的数量,该组匹配数量/全场玩家数（当前为4）,没有则0；他人Selected被投影为InHand,0.0
state,1190,1190,他人牌区,teammate.card.wasp-05.Discarded,己方其他玩家公开的wasp-05处于已弃置的数量,该组匹配数量/全场玩家数（当前为4）,没有则0；他人Selected被投影为InHand,0.0
state,1191,1191,他人牌区,teammate.card.wasp-06.InHand,己方其他玩家公开的wasp-06处于在手的数量,该组匹配数量/全场玩家数（当前为4）,没有则0；他人Selected被投影为InHand,0.0
state,1192,1192,他人牌区,teammate.card.wasp-06.Selected,己方其他玩家公开的wasp-06处于本人已暗选的数量,该组匹配数量/全场玩家数（当前为4）,没有则0；他人Selected被投影为InHand,0.0
state,1193,1193,他人牌区,teammate.card.wasp-06.PlayedUnresolved,己方其他玩家公开的wasp-06处于已揭示尚未结算的数量,该组匹配数量/全场玩家数（当前为4）,没有则0；他人Selected被投影为InHand,0.0
state,1194,1194,他人牌区,teammate.card.wasp-06.PlayedResolved,己方其他玩家公开的wasp-06处于已结算的数量,该组匹配数量/全场玩家数（当前为4）,没有则0；他人Selected被投影为InHand,0.0
state,1195,1195,他人牌区,teammate.card.wasp-06.Discarded,己方其他玩家公开的wasp-06处于已弃置的数量,该组匹配数量/全场玩家数（当前为4）,没有则0；他人Selected被投影为InHand,0.0
state,1196,1196,他人牌区,teammate.card.wasp-07.InHand,己方其他玩家公开的wasp-07处于在手的数量,该组匹配数量/全场玩家数（当前为4）,没有则0；他人Selected被投影为InHand,0.0
state,1197,1197,他人牌区,teammate.card.wasp-07.Selected,己方其他玩家公开的wasp-07处于本人已暗选的数量,该组匹配数量/全场玩家数（当前为4）,没有则0；他人Selected被投影为InHand,0.0
state,1198,1198,他人牌区,teammate.card.wasp-07.PlayedUnresolved,己方其他玩家公开的wasp-07处于已揭示尚未结算的数量,该组匹配数量/全场玩家数（当前为4）,没有则0；他人Selected被投影为InHand,0.0
state,1199,1199,他人牌区,teammate.card.wasp-07.PlayedResolved,己方其他玩家公开的wasp-07处于已结算的数量,该组匹配数量/全场玩家数（当前为4）,没有则0；他人Selected被投影为InHand,0.0
state,1200,1200,他人牌区,teammate.card.wasp-07.Discarded,己方其他玩家公开的wasp-07处于已弃置的数量,该组匹配数量/全场玩家数（当前为4）,没有则0；他人Selected被投影为InHand,0.0
state,1201,1201,他人牌区,teammate.card.wasp-08.InHand,己方其他玩家公开的wasp-08处于在手的数量,该组匹配数量/全场玩家数（当前为4）,没有则0；他人Selected被投影为InHand,0.0
state,1202,1202,他人牌区,teammate.card.wasp-08.Selected,己方其他玩家公开的wasp-08处于本人已暗选的数量,该组匹配数量/全场玩家数（当前为4）,没有则0；他人Selected被投影为InHand,0.0
state,1203,1203,他人牌区,teammate.card.wasp-08.PlayedUnresolved,己方其他玩家公开的wasp-08处于已揭示尚未结算的数量,该组匹配数量/全场玩家数（当前为4）,没有则0；他人Selected被投影为InHand,0.0
state,1204,1204,他人牌区,teammate.card.wasp-08.PlayedResolved,己方其他玩家公开的wasp-08处于已结算的数量,该组匹配数量/全场玩家数（当前为4）,没有则0；他人Selected被投影为InHand,0.0
state,1205,1205,他人牌区,teammate.card.wasp-08.Discarded,己方其他玩家公开的wasp-08处于已弃置的数量,该组匹配数量/全场玩家数（当前为4）,没有则0；他人Selected被投影为InHand,0.0
state,1206,1206,他人牌区,teammate.card.wasp-09.InHand,己方其他玩家公开的wasp-09处于在手的数量,该组匹配数量/全场玩家数（当前为4）,没有则0；他人Selected被投影为InHand,0.0
state,1207,1207,他人牌区,teammate.card.wasp-09.Selected,己方其他玩家公开的wasp-09处于本人已暗选的数量,该组匹配数量/全场玩家数（当前为4）,没有则0；他人Selected被投影为InHand,0.0
state,1208,1208,他人牌区,teammate.card.wasp-09.PlayedUnresolved,己方其他玩家公开的wasp-09处于已揭示尚未结算的数量,该组匹配数量/全场玩家数（当前为4）,没有则0；他人Selected被投影为InHand,0.0
state,1209,1209,他人牌区,teammate.card.wasp-09.PlayedResolved,己方其他玩家公开的wasp-09处于已结算的数量,该组匹配数量/全场玩家数（当前为4）,没有则0；他人Selected被投影为InHand,0.0
state,1210,1210,他人牌区,teammate.card.wasp-09.Discarded,己方其他玩家公开的wasp-09处于已弃置的数量,该组匹配数量/全场玩家数（当前为4）,没有则0；他人Selected被投影为InHand,0.0
state,1211,1211,他人牌区,teammate.card.wasp-10.InHand,己方其他玩家公开的wasp-10处于在手的数量,该组匹配数量/全场玩家数（当前为4）,没有则0；他人Selected被投影为InHand,0.0
state,1212,1212,他人牌区,teammate.card.wasp-10.Selected,己方其他玩家公开的wasp-10处于本人已暗选的数量,该组匹配数量/全场玩家数（当前为4）,没有则0；他人Selected被投影为InHand,0.0
state,1213,1213,他人牌区,teammate.card.wasp-10.PlayedUnresolved,己方其他玩家公开的wasp-10处于已揭示尚未结算的数量,该组匹配数量/全场玩家数（当前为4）,没有则0；他人Selected被投影为InHand,0.0
state,1214,1214,他人牌区,teammate.card.wasp-10.PlayedResolved,己方其他玩家公开的wasp-10处于已结算的数量,该组匹配数量/全场玩家数（当前为4）,没有则0；他人Selected被投影为InHand,0.0
state,1215,1215,他人牌区,teammate.card.wasp-10.Discarded,己方其他玩家公开的wasp-10处于已弃置的数量,该组匹配数量/全场玩家数（当前为4）,没有则0；他人Selected被投影为InHand,0.0
state,1216,1216,他人牌区,teammate.card.wasp-11.InHand,己方其他玩家公开的wasp-11处于在手的数量,该组匹配数量/全场玩家数（当前为4）,没有则0；他人Selected被投影为InHand,0.0
state,1217,1217,他人牌区,teammate.card.wasp-11.Selected,己方其他玩家公开的wasp-11处于本人已暗选的数量,该组匹配数量/全场玩家数（当前为4）,没有则0；他人Selected被投影为InHand,0.0
state,1218,1218,他人牌区,teammate.card.wasp-11.PlayedUnresolved,己方其他玩家公开的wasp-11处于已揭示尚未结算的数量,该组匹配数量/全场玩家数（当前为4）,没有则0；他人Selected被投影为InHand,0.0
state,1219,1219,他人牌区,teammate.card.wasp-11.PlayedResolved,己方其他玩家公开的wasp-11处于已结算的数量,该组匹配数量/全场玩家数（当前为4）,没有则0；他人Selected被投影为InHand,0.0
state,1220,1220,他人牌区,teammate.card.wasp-11.Discarded,己方其他玩家公开的wasp-11处于已弃置的数量,该组匹配数量/全场玩家数（当前为4）,没有则0；他人Selected被投影为InHand,0.0
state,1221,1221,他人牌区,teammate.card.wasp-12.InHand,己方其他玩家公开的wasp-12处于在手的数量,该组匹配数量/全场玩家数（当前为4）,没有则0；他人Selected被投影为InHand,0.0
state,1222,1222,他人牌区,teammate.card.wasp-12.Selected,己方其他玩家公开的wasp-12处于本人已暗选的数量,该组匹配数量/全场玩家数（当前为4）,没有则0；他人Selected被投影为InHand,0.0
state,1223,1223,他人牌区,teammate.card.wasp-12.PlayedUnresolved,己方其他玩家公开的wasp-12处于已揭示尚未结算的数量,该组匹配数量/全场玩家数（当前为4）,没有则0；他人Selected被投影为InHand,0.0
state,1224,1224,他人牌区,teammate.card.wasp-12.PlayedResolved,己方其他玩家公开的wasp-12处于已结算的数量,该组匹配数量/全场玩家数（当前为4）,没有则0；他人Selected被投影为InHand,0.0
state,1225,1225,他人牌区,teammate.card.wasp-12.Discarded,己方其他玩家公开的wasp-12处于已弃置的数量,该组匹配数量/全场玩家数（当前为4）,没有则0；他人Selected被投影为InHand,0.0
state,1226,1226,他人牌区,teammate.card.wasp-13.InHand,己方其他玩家公开的wasp-13处于在手的数量,该组匹配数量/全场玩家数（当前为4）,没有则0；他人Selected被投影为InHand,0.0
state,1227,1227,他人牌区,teammate.card.wasp-13.Selected,己方其他玩家公开的wasp-13处于本人已暗选的数量,该组匹配数量/全场玩家数（当前为4）,没有则0；他人Selected被投影为InHand,0.0
state,1228,1228,他人牌区,teammate.card.wasp-13.PlayedUnresolved,己方其他玩家公开的wasp-13处于已揭示尚未结算的数量,该组匹配数量/全场玩家数（当前为4）,没有则0；他人Selected被投影为InHand,0.0
state,1229,1229,他人牌区,teammate.card.wasp-13.PlayedResolved,己方其他玩家公开的wasp-13处于已结算的数量,该组匹配数量/全场玩家数（当前为4）,没有则0；他人Selected被投影为InHand,0.0
state,1230,1230,他人牌区,teammate.card.wasp-13.Discarded,己方其他玩家公开的wasp-13处于已弃置的数量,该组匹配数量/全场玩家数（当前为4）,没有则0；他人Selected被投影为InHand,0.0
state,1231,1231,他人牌区,teammate.card.wasp-14.InHand,己方其他玩家公开的wasp-14处于在手的数量,该组匹配数量/全场玩家数（当前为4）,没有则0；他人Selected被投影为InHand,0.0
state,1232,1232,他人牌区,teammate.card.wasp-14.Selected,己方其他玩家公开的wasp-14处于本人已暗选的数量,该组匹配数量/全场玩家数（当前为4）,没有则0；他人Selected被投影为InHand,0.0
state,1233,1233,他人牌区,teammate.card.wasp-14.PlayedUnresolved,己方其他玩家公开的wasp-14处于已揭示尚未结算的数量,该组匹配数量/全场玩家数（当前为4）,没有则0；他人Selected被投影为InHand,0.0
state,1234,1234,他人牌区,teammate.card.wasp-14.PlayedResolved,己方其他玩家公开的wasp-14处于已结算的数量,该组匹配数量/全场玩家数（当前为4）,没有则0；他人Selected被投影为InHand,0.0
state,1235,1235,他人牌区,teammate.card.wasp-14.Discarded,己方其他玩家公开的wasp-14处于已弃置的数量,该组匹配数量/全场玩家数（当前为4）,没有则0；他人Selected被投影为InHand,0.0
state,1236,1236,他人牌区,teammate.card.wasp-15.InHand,己方其他玩家公开的wasp-15处于在手的数量,该组匹配数量/全场玩家数（当前为4）,没有则0；他人Selected被投影为InHand,0.0
state,1237,1237,他人牌区,teammate.card.wasp-15.Selected,己方其他玩家公开的wasp-15处于本人已暗选的数量,该组匹配数量/全场玩家数（当前为4）,没有则0；他人Selected被投影为InHand,0.0
state,1238,1238,他人牌区,teammate.card.wasp-15.PlayedUnresolved,己方其他玩家公开的wasp-15处于已揭示尚未结算的数量,该组匹配数量/全场玩家数（当前为4）,没有则0；他人Selected被投影为InHand,0.0
state,1239,1239,他人牌区,teammate.card.wasp-15.PlayedResolved,己方其他玩家公开的wasp-15处于已结算的数量,该组匹配数量/全场玩家数（当前为4）,没有则0；他人Selected被投影为InHand,0.0
state,1240,1240,他人牌区,teammate.card.wasp-15.Discarded,己方其他玩家公开的wasp-15处于已弃置的数量,该组匹配数量/全场玩家数（当前为4）,没有则0；他人Selected被投影为InHand,0.0
state,1241,1241,他人牌区,teammate.card.wasp-16.InHand,己方其他玩家公开的wasp-16处于在手的数量,该组匹配数量/全场玩家数（当前为4）,没有则0；他人Selected被投影为InHand,0.0
state,1242,1242,他人牌区,teammate.card.wasp-16.Selected,己方其他玩家公开的wasp-16处于本人已暗选的数量,该组匹配数量/全场玩家数（当前为4）,没有则0；他人Selected被投影为InHand,0.0
state,1243,1243,他人牌区,teammate.card.wasp-16.PlayedUnresolved,己方其他玩家公开的wasp-16处于已揭示尚未结算的数量,该组匹配数量/全场玩家数（当前为4）,没有则0；他人Selected被投影为InHand,0.0
state,1244,1244,他人牌区,teammate.card.wasp-16.PlayedResolved,己方其他玩家公开的wasp-16处于已结算的数量,该组匹配数量/全场玩家数（当前为4）,没有则0；他人Selected被投影为InHand,0.0
state,1245,1245,他人牌区,teammate.card.wasp-16.Discarded,己方其他玩家公开的wasp-16处于已弃置的数量,该组匹配数量/全场玩家数（当前为4）,没有则0；他人Selected被投影为InHand,0.0
state,1246,1246,他人牌区,teammate.card.wasp-17.InHand,己方其他玩家公开的wasp-17处于在手的数量,该组匹配数量/全场玩家数（当前为4）,没有则0；他人Selected被投影为InHand,0.0
state,1247,1247,他人牌区,teammate.card.wasp-17.Selected,己方其他玩家公开的wasp-17处于本人已暗选的数量,该组匹配数量/全场玩家数（当前为4）,没有则0；他人Selected被投影为InHand,0.0
state,1248,1248,他人牌区,teammate.card.wasp-17.PlayedUnresolved,己方其他玩家公开的wasp-17处于已揭示尚未结算的数量,该组匹配数量/全场玩家数（当前为4）,没有则0；他人Selected被投影为InHand,0.0
state,1249,1249,他人牌区,teammate.card.wasp-17.PlayedResolved,己方其他玩家公开的wasp-17处于已结算的数量,该组匹配数量/全场玩家数（当前为4）,没有则0；他人Selected被投影为InHand,0.0
state,1250,1250,他人牌区,teammate.card.wasp-17.Discarded,己方其他玩家公开的wasp-17处于已弃置的数量,该组匹配数量/全场玩家数（当前为4）,没有则0；他人Selected被投影为InHand,0.0
state,1251,1251,他人牌区,enemy.card.arien-00.InHand,敌方玩家公开的arien-00处于在手的数量,该组匹配数量/全场玩家数（当前为4）,没有则0；他人Selected被投影为InHand,0.25
state,1252,1252,他人牌区,enemy.card.arien-00.Selected,敌方玩家公开的arien-00处于本人已暗选的数量,该组匹配数量/全场玩家数（当前为4）,没有则0；他人Selected被投影为InHand,0.0
state,1253,1253,他人牌区,enemy.card.arien-00.PlayedUnresolved,敌方玩家公开的arien-00处于已揭示尚未结算的数量,该组匹配数量/全场玩家数（当前为4）,没有则0；他人Selected被投影为InHand,0.0
state,1254,1254,他人牌区,enemy.card.arien-00.PlayedResolved,敌方玩家公开的arien-00处于已结算的数量,该组匹配数量/全场玩家数（当前为4）,没有则0；他人Selected被投影为InHand,0.0
state,1255,1255,他人牌区,enemy.card.arien-00.Discarded,敌方玩家公开的arien-00处于已弃置的数量,该组匹配数量/全场玩家数（当前为4）,没有则0；他人Selected被投影为InHand,0.0
state,1256,1256,他人牌区,enemy.card.arien-01.InHand,敌方玩家公开的arien-01处于在手的数量,该组匹配数量/全场玩家数（当前为4）,没有则0；他人Selected被投影为InHand,0.25
state,1257,1257,他人牌区,enemy.card.arien-01.Selected,敌方玩家公开的arien-01处于本人已暗选的数量,该组匹配数量/全场玩家数（当前为4）,没有则0；他人Selected被投影为InHand,0.0
state,1258,1258,他人牌区,enemy.card.arien-01.PlayedUnresolved,敌方玩家公开的arien-01处于已揭示尚未结算的数量,该组匹配数量/全场玩家数（当前为4）,没有则0；他人Selected被投影为InHand,0.0
state,1259,1259,他人牌区,enemy.card.arien-01.PlayedResolved,敌方玩家公开的arien-01处于已结算的数量,该组匹配数量/全场玩家数（当前为4）,没有则0；他人Selected被投影为InHand,0.0
state,1260,1260,他人牌区,enemy.card.arien-01.Discarded,敌方玩家公开的arien-01处于已弃置的数量,该组匹配数量/全场玩家数（当前为4）,没有则0；他人Selected被投影为InHand,0.0
state,1261,1261,他人牌区,enemy.card.arien-02.InHand,敌方玩家公开的arien-02处于在手的数量,该组匹配数量/全场玩家数（当前为4）,没有则0；他人Selected被投影为InHand,0.0
state,1262,1262,他人牌区,enemy.card.arien-02.Selected,敌方玩家公开的arien-02处于本人已暗选的数量,该组匹配数量/全场玩家数（当前为4）,没有则0；他人Selected被投影为InHand,0.0
state,1263,1263,他人牌区,enemy.card.arien-02.PlayedUnresolved,敌方玩家公开的arien-02处于已揭示尚未结算的数量,该组匹配数量/全场玩家数（当前为4）,没有则0；他人Selected被投影为InHand,0.0
state,1264,1264,他人牌区,enemy.card.arien-02.PlayedResolved,敌方玩家公开的arien-02处于已结算的数量,该组匹配数量/全场玩家数（当前为4）,没有则0；他人Selected被投影为InHand,0.0
state,1265,1265,他人牌区,enemy.card.arien-02.Discarded,敌方玩家公开的arien-02处于已弃置的数量,该组匹配数量/全场玩家数（当前为4）,没有则0；他人Selected被投影为InHand,0.0
state,1266,1266,他人牌区,enemy.card.arien-03.InHand,敌方玩家公开的arien-03处于在手的数量,该组匹配数量/全场玩家数（当前为4）,没有则0；他人Selected被投影为InHand,0.0
state,1267,1267,他人牌区,enemy.card.arien-03.Selected,敌方玩家公开的arien-03处于本人已暗选的数量,该组匹配数量/全场玩家数（当前为4）,没有则0；他人Selected被投影为InHand,0.0
state,1268,1268,他人牌区,enemy.card.arien-03.PlayedUnresolved,敌方玩家公开的arien-03处于已揭示尚未结算的数量,该组匹配数量/全场玩家数（当前为4）,没有则0；他人Selected被投影为InHand,0.0
state,1269,1269,他人牌区,enemy.card.arien-03.PlayedResolved,敌方玩家公开的arien-03处于已结算的数量,该组匹配数量/全场玩家数（当前为4）,没有则0；他人Selected被投影为InHand,0.0
state,1270,1270,他人牌区,enemy.card.arien-03.Discarded,敌方玩家公开的arien-03处于已弃置的数量,该组匹配数量/全场玩家数（当前为4）,没有则0；他人Selected被投影为InHand,0.0
state,1271,1271,他人牌区,enemy.card.arien-04.InHand,敌方玩家公开的arien-04处于在手的数量,该组匹配数量/全场玩家数（当前为4）,没有则0；他人Selected被投影为InHand,0.0
state,1272,1272,他人牌区,enemy.card.arien-04.Selected,敌方玩家公开的arien-04处于本人已暗选的数量,该组匹配数量/全场玩家数（当前为4）,没有则0；他人Selected被投影为InHand,0.0
state,1273,1273,他人牌区,enemy.card.arien-04.PlayedUnresolved,敌方玩家公开的arien-04处于已揭示尚未结算的数量,该组匹配数量/全场玩家数（当前为4）,没有则0；他人Selected被投影为InHand,0.0
state,1274,1274,他人牌区,enemy.card.arien-04.PlayedResolved,敌方玩家公开的arien-04处于已结算的数量,该组匹配数量/全场玩家数（当前为4）,没有则0；他人Selected被投影为InHand,0.0
state,1275,1275,他人牌区,enemy.card.arien-04.Discarded,敌方玩家公开的arien-04处于已弃置的数量,该组匹配数量/全场玩家数（当前为4）,没有则0；他人Selected被投影为InHand,0.0
state,1276,1276,他人牌区,enemy.card.arien-05.InHand,敌方玩家公开的arien-05处于在手的数量,该组匹配数量/全场玩家数（当前为4）,没有则0；他人Selected被投影为InHand,0.0
state,1277,1277,他人牌区,enemy.card.arien-05.Selected,敌方玩家公开的arien-05处于本人已暗选的数量,该组匹配数量/全场玩家数（当前为4）,没有则0；他人Selected被投影为InHand,0.0
state,1278,1278,他人牌区,enemy.card.arien-05.PlayedUnresolved,敌方玩家公开的arien-05处于已揭示尚未结算的数量,该组匹配数量/全场玩家数（当前为4）,没有则0；他人Selected被投影为InHand,0.0
state,1279,1279,他人牌区,enemy.card.arien-05.PlayedResolved,敌方玩家公开的arien-05处于已结算的数量,该组匹配数量/全场玩家数（当前为4）,没有则0；他人Selected被投影为InHand,0.0
state,1280,1280,他人牌区,enemy.card.arien-05.Discarded,敌方玩家公开的arien-05处于已弃置的数量,该组匹配数量/全场玩家数（当前为4）,没有则0；他人Selected被投影为InHand,0.0
state,1281,1281,他人牌区,enemy.card.arien-06.InHand,敌方玩家公开的arien-06处于在手的数量,该组匹配数量/全场玩家数（当前为4）,没有则0；他人Selected被投影为InHand,0.25
state,1282,1282,他人牌区,enemy.card.arien-06.Selected,敌方玩家公开的arien-06处于本人已暗选的数量,该组匹配数量/全场玩家数（当前为4）,没有则0；他人Selected被投影为InHand,0.0
state,1283,1283,他人牌区,enemy.card.arien-06.PlayedUnresolved,敌方玩家公开的arien-06处于已揭示尚未结算的数量,该组匹配数量/全场玩家数（当前为4）,没有则0；他人Selected被投影为InHand,0.0
state,1284,1284,他人牌区,enemy.card.arien-06.PlayedResolved,敌方玩家公开的arien-06处于已结算的数量,该组匹配数量/全场玩家数（当前为4）,没有则0；他人Selected被投影为InHand,0.0
state,1285,1285,他人牌区,enemy.card.arien-06.Discarded,敌方玩家公开的arien-06处于已弃置的数量,该组匹配数量/全场玩家数（当前为4）,没有则0；他人Selected被投影为InHand,0.0
state,1286,1286,他人牌区,enemy.card.arien-07.InHand,敌方玩家公开的arien-07处于在手的数量,该组匹配数量/全场玩家数（当前为4）,没有则0；他人Selected被投影为InHand,0.25
state,1287,1287,他人牌区,enemy.card.arien-07.Selected,敌方玩家公开的arien-07处于本人已暗选的数量,该组匹配数量/全场玩家数（当前为4）,没有则0；他人Selected被投影为InHand,0.0
state,1288,1288,他人牌区,enemy.card.arien-07.PlayedUnresolved,敌方玩家公开的arien-07处于已揭示尚未结算的数量,该组匹配数量/全场玩家数（当前为4）,没有则0；他人Selected被投影为InHand,0.0
state,1289,1289,他人牌区,enemy.card.arien-07.PlayedResolved,敌方玩家公开的arien-07处于已结算的数量,该组匹配数量/全场玩家数（当前为4）,没有则0；他人Selected被投影为InHand,0.0
state,1290,1290,他人牌区,enemy.card.arien-07.Discarded,敌方玩家公开的arien-07处于已弃置的数量,该组匹配数量/全场玩家数（当前为4）,没有则0；他人Selected被投影为InHand,0.0
state,1291,1291,他人牌区,enemy.card.arien-08.InHand,敌方玩家公开的arien-08处于在手的数量,该组匹配数量/全场玩家数（当前为4）,没有则0；他人Selected被投影为InHand,0.0
state,1292,1292,他人牌区,enemy.card.arien-08.Selected,敌方玩家公开的arien-08处于本人已暗选的数量,该组匹配数量/全场玩家数（当前为4）,没有则0；他人Selected被投影为InHand,0.0
state,1293,1293,他人牌区,enemy.card.arien-08.PlayedUnresolved,敌方玩家公开的arien-08处于已揭示尚未结算的数量,该组匹配数量/全场玩家数（当前为4）,没有则0；他人Selected被投影为InHand,0.0
state,1294,1294,他人牌区,enemy.card.arien-08.PlayedResolved,敌方玩家公开的arien-08处于已结算的数量,该组匹配数量/全场玩家数（当前为4）,没有则0；他人Selected被投影为InHand,0.0
state,1295,1295,他人牌区,enemy.card.arien-08.Discarded,敌方玩家公开的arien-08处于已弃置的数量,该组匹配数量/全场玩家数（当前为4）,没有则0；他人Selected被投影为InHand,0.0
state,1296,1296,他人牌区,enemy.card.arien-09.InHand,敌方玩家公开的arien-09处于在手的数量,该组匹配数量/全场玩家数（当前为4）,没有则0；他人Selected被投影为InHand,0.0
state,1297,1297,他人牌区,enemy.card.arien-09.Selected,敌方玩家公开的arien-09处于本人已暗选的数量,该组匹配数量/全场玩家数（当前为4）,没有则0；他人Selected被投影为InHand,0.0
state,1298,1298,他人牌区,enemy.card.arien-09.PlayedUnresolved,敌方玩家公开的arien-09处于已揭示尚未结算的数量,该组匹配数量/全场玩家数（当前为4）,没有则0；他人Selected被投影为InHand,0.0
state,1299,1299,他人牌区,enemy.card.arien-09.PlayedResolved,敌方玩家公开的arien-09处于已结算的数量,该组匹配数量/全场玩家数（当前为4）,没有则0；他人Selected被投影为InHand,0.0
state,1300,1300,他人牌区,enemy.card.arien-09.Discarded,敌方玩家公开的arien-09处于已弃置的数量,该组匹配数量/全场玩家数（当前为4）,没有则0；他人Selected被投影为InHand,0.0
state,1301,1301,他人牌区,enemy.card.arien-10.InHand,敌方玩家公开的arien-10处于在手的数量,该组匹配数量/全场玩家数（当前为4）,没有则0；他人Selected被投影为InHand,0.0
state,1302,1302,他人牌区,enemy.card.arien-10.Selected,敌方玩家公开的arien-10处于本人已暗选的数量,该组匹配数量/全场玩家数（当前为4）,没有则0；他人Selected被投影为InHand,0.0
state,1303,1303,他人牌区,enemy.card.arien-10.PlayedUnresolved,敌方玩家公开的arien-10处于已揭示尚未结算的数量,该组匹配数量/全场玩家数（当前为4）,没有则0；他人Selected被投影为InHand,0.0
state,1304,1304,他人牌区,enemy.card.arien-10.PlayedResolved,敌方玩家公开的arien-10处于已结算的数量,该组匹配数量/全场玩家数（当前为4）,没有则0；他人Selected被投影为InHand,0.0
state,1305,1305,他人牌区,enemy.card.arien-10.Discarded,敌方玩家公开的arien-10处于已弃置的数量,该组匹配数量/全场玩家数（当前为4）,没有则0；他人Selected被投影为InHand,0.0
state,1306,1306,他人牌区,enemy.card.arien-11.InHand,敌方玩家公开的arien-11处于在手的数量,该组匹配数量/全场玩家数（当前为4）,没有则0；他人Selected被投影为InHand,0.0
state,1307,1307,他人牌区,enemy.card.arien-11.Selected,敌方玩家公开的arien-11处于本人已暗选的数量,该组匹配数量/全场玩家数（当前为4）,没有则0；他人Selected被投影为InHand,0.0
state,1308,1308,他人牌区,enemy.card.arien-11.PlayedUnresolved,敌方玩家公开的arien-11处于已揭示尚未结算的数量,该组匹配数量/全场玩家数（当前为4）,没有则0；他人Selected被投影为InHand,0.0
state,1309,1309,他人牌区,enemy.card.arien-11.PlayedResolved,敌方玩家公开的arien-11处于已结算的数量,该组匹配数量/全场玩家数（当前为4）,没有则0；他人Selected被投影为InHand,0.0
state,1310,1310,他人牌区,enemy.card.arien-11.Discarded,敌方玩家公开的arien-11处于已弃置的数量,该组匹配数量/全场玩家数（当前为4）,没有则0；他人Selected被投影为InHand,0.0
state,1311,1311,他人牌区,enemy.card.arien-12.InHand,敌方玩家公开的arien-12处于在手的数量,该组匹配数量/全场玩家数（当前为4）,没有则0；他人Selected被投影为InHand,0.0
state,1312,1312,他人牌区,enemy.card.arien-12.Selected,敌方玩家公开的arien-12处于本人已暗选的数量,该组匹配数量/全场玩家数（当前为4）,没有则0；他人Selected被投影为InHand,0.0
state,1313,1313,他人牌区,enemy.card.arien-12.PlayedUnresolved,敌方玩家公开的arien-12处于已揭示尚未结算的数量,该组匹配数量/全场玩家数（当前为4）,没有则0；他人Selected被投影为InHand,0.0
state,1314,1314,他人牌区,enemy.card.arien-12.PlayedResolved,敌方玩家公开的arien-12处于已结算的数量,该组匹配数量/全场玩家数（当前为4）,没有则0；他人Selected被投影为InHand,0.0
state,1315,1315,他人牌区,enemy.card.arien-12.Discarded,敌方玩家公开的arien-12处于已弃置的数量,该组匹配数量/全场玩家数（当前为4）,没有则0；他人Selected被投影为InHand,0.0
state,1316,1316,他人牌区,enemy.card.arien-13.InHand,敌方玩家公开的arien-13处于在手的数量,该组匹配数量/全场玩家数（当前为4）,没有则0；他人Selected被投影为InHand,0.25
state,1317,1317,他人牌区,enemy.card.arien-13.Selected,敌方玩家公开的arien-13处于本人已暗选的数量,该组匹配数量/全场玩家数（当前为4）,没有则0；他人Selected被投影为InHand,0.0
state,1318,1318,他人牌区,enemy.card.arien-13.PlayedUnresolved,敌方玩家公开的arien-13处于已揭示尚未结算的数量,该组匹配数量/全场玩家数（当前为4）,没有则0；他人Selected被投影为InHand,0.0
state,1319,1319,他人牌区,enemy.card.arien-13.PlayedResolved,敌方玩家公开的arien-13处于已结算的数量,该组匹配数量/全场玩家数（当前为4）,没有则0；他人Selected被投影为InHand,0.0
state,1320,1320,他人牌区,enemy.card.arien-13.Discarded,敌方玩家公开的arien-13处于已弃置的数量,该组匹配数量/全场玩家数（当前为4）,没有则0；他人Selected被投影为InHand,0.0
state,1321,1321,他人牌区,enemy.card.arien-14.InHand,敌方玩家公开的arien-14处于在手的数量,该组匹配数量/全场玩家数（当前为4）,没有则0；他人Selected被投影为InHand,0.0
state,1322,1322,他人牌区,enemy.card.arien-14.Selected,敌方玩家公开的arien-14处于本人已暗选的数量,该组匹配数量/全场玩家数（当前为4）,没有则0；他人Selected被投影为InHand,0.0
state,1323,1323,他人牌区,enemy.card.arien-14.PlayedUnresolved,敌方玩家公开的arien-14处于已揭示尚未结算的数量,该组匹配数量/全场玩家数（当前为4）,没有则0；他人Selected被投影为InHand,0.0
state,1324,1324,他人牌区,enemy.card.arien-14.PlayedResolved,敌方玩家公开的arien-14处于已结算的数量,该组匹配数量/全场玩家数（当前为4）,没有则0；他人Selected被投影为InHand,0.0
state,1325,1325,他人牌区,enemy.card.arien-14.Discarded,敌方玩家公开的arien-14处于已弃置的数量,该组匹配数量/全场玩家数（当前为4）,没有则0；他人Selected被投影为InHand,0.0
state,1326,1326,他人牌区,enemy.card.arien-15.InHand,敌方玩家公开的arien-15处于在手的数量,该组匹配数量/全场玩家数（当前为4）,没有则0；他人Selected被投影为InHand,0.0
state,1327,1327,他人牌区,enemy.card.arien-15.Selected,敌方玩家公开的arien-15处于本人已暗选的数量,该组匹配数量/全场玩家数（当前为4）,没有则0；他人Selected被投影为InHand,0.0
state,1328,1328,他人牌区,enemy.card.arien-15.PlayedUnresolved,敌方玩家公开的arien-15处于已揭示尚未结算的数量,该组匹配数量/全场玩家数（当前为4）,没有则0；他人Selected被投影为InHand,0.0
state,1329,1329,他人牌区,enemy.card.arien-15.PlayedResolved,敌方玩家公开的arien-15处于已结算的数量,该组匹配数量/全场玩家数（当前为4）,没有则0；他人Selected被投影为InHand,0.0
state,1330,1330,他人牌区,enemy.card.arien-15.Discarded,敌方玩家公开的arien-15处于已弃置的数量,该组匹配数量/全场玩家数（当前为4）,没有则0；他人Selected被投影为InHand,0.0
state,1331,1331,他人牌区,enemy.card.arien-16.InHand,敌方玩家公开的arien-16处于在手的数量,该组匹配数量/全场玩家数（当前为4）,没有则0；他人Selected被投影为InHand,0.0
state,1332,1332,他人牌区,enemy.card.arien-16.Selected,敌方玩家公开的arien-16处于本人已暗选的数量,该组匹配数量/全场玩家数（当前为4）,没有则0；他人Selected被投影为InHand,0.0
state,1333,1333,他人牌区,enemy.card.arien-16.PlayedUnresolved,敌方玩家公开的arien-16处于已揭示尚未结算的数量,该组匹配数量/全场玩家数（当前为4）,没有则0；他人Selected被投影为InHand,0.0
state,1334,1334,他人牌区,enemy.card.arien-16.PlayedResolved,敌方玩家公开的arien-16处于已结算的数量,该组匹配数量/全场玩家数（当前为4）,没有则0；他人Selected被投影为InHand,0.0
state,1335,1335,他人牌区,enemy.card.arien-16.Discarded,敌方玩家公开的arien-16处于已弃置的数量,该组匹配数量/全场玩家数（当前为4）,没有则0；他人Selected被投影为InHand,0.0
state,1336,1336,他人牌区,enemy.card.arien-17.InHand,敌方玩家公开的arien-17处于在手的数量,该组匹配数量/全场玩家数（当前为4）,没有则0；他人Selected被投影为InHand,0.0
state,1337,1337,他人牌区,enemy.card.arien-17.Selected,敌方玩家公开的arien-17处于本人已暗选的数量,该组匹配数量/全场玩家数（当前为4）,没有则0；他人Selected被投影为InHand,0.0
state,1338,1338,他人牌区,enemy.card.arien-17.PlayedUnresolved,敌方玩家公开的arien-17处于已揭示尚未结算的数量,该组匹配数量/全场玩家数（当前为4）,没有则0；他人Selected被投影为InHand,0.0
state,1339,1339,他人牌区,enemy.card.arien-17.PlayedResolved,敌方玩家公开的arien-17处于已结算的数量,该组匹配数量/全场玩家数（当前为4）,没有则0；他人Selected被投影为InHand,0.0
state,1340,1340,他人牌区,enemy.card.arien-17.Discarded,敌方玩家公开的arien-17处于已弃置的数量,该组匹配数量/全场玩家数（当前为4）,没有则0；他人Selected被投影为InHand,0.0
state,1341,1341,他人牌区,enemy.card.brogan-00.InHand,敌方玩家公开的brogan-00处于在手的数量,该组匹配数量/全场玩家数（当前为4）,没有则0；他人Selected被投影为InHand,0.0
state,1342,1342,他人牌区,enemy.card.brogan-00.Selected,敌方玩家公开的brogan-00处于本人已暗选的数量,该组匹配数量/全场玩家数（当前为4）,没有则0；他人Selected被投影为InHand,0.0
state,1343,1343,他人牌区,enemy.card.brogan-00.PlayedUnresolved,敌方玩家公开的brogan-00处于已揭示尚未结算的数量,该组匹配数量/全场玩家数（当前为4）,没有则0；他人Selected被投影为InHand,0.0
state,1344,1344,他人牌区,enemy.card.brogan-00.PlayedResolved,敌方玩家公开的brogan-00处于已结算的数量,该组匹配数量/全场玩家数（当前为4）,没有则0；他人Selected被投影为InHand,0.0
state,1345,1345,他人牌区,enemy.card.brogan-00.Discarded,敌方玩家公开的brogan-00处于已弃置的数量,该组匹配数量/全场玩家数（当前为4）,没有则0；他人Selected被投影为InHand,0.0
state,1346,1346,他人牌区,enemy.card.brogan-01.InHand,敌方玩家公开的brogan-01处于在手的数量,该组匹配数量/全场玩家数（当前为4）,没有则0；他人Selected被投影为InHand,0.0
state,1347,1347,他人牌区,enemy.card.brogan-01.Selected,敌方玩家公开的brogan-01处于本人已暗选的数量,该组匹配数量/全场玩家数（当前为4）,没有则0；他人Selected被投影为InHand,0.0
state,1348,1348,他人牌区,enemy.card.brogan-01.PlayedUnresolved,敌方玩家公开的brogan-01处于已揭示尚未结算的数量,该组匹配数量/全场玩家数（当前为4）,没有则0；他人Selected被投影为InHand,0.0
state,1349,1349,他人牌区,enemy.card.brogan-01.PlayedResolved,敌方玩家公开的brogan-01处于已结算的数量,该组匹配数量/全场玩家数（当前为4）,没有则0；他人Selected被投影为InHand,0.0
state,1350,1350,他人牌区,enemy.card.brogan-01.Discarded,敌方玩家公开的brogan-01处于已弃置的数量,该组匹配数量/全场玩家数（当前为4）,没有则0；他人Selected被投影为InHand,0.0
state,1351,1351,他人牌区,enemy.card.brogan-02.InHand,敌方玩家公开的brogan-02处于在手的数量,该组匹配数量/全场玩家数（当前为4）,没有则0；他人Selected被投影为InHand,0.0
state,1352,1352,他人牌区,enemy.card.brogan-02.Selected,敌方玩家公开的brogan-02处于本人已暗选的数量,该组匹配数量/全场玩家数（当前为4）,没有则0；他人Selected被投影为InHand,0.0
state,1353,1353,他人牌区,enemy.card.brogan-02.PlayedUnresolved,敌方玩家公开的brogan-02处于已揭示尚未结算的数量,该组匹配数量/全场玩家数（当前为4）,没有则0；他人Selected被投影为InHand,0.0
state,1354,1354,他人牌区,enemy.card.brogan-02.PlayedResolved,敌方玩家公开的brogan-02处于已结算的数量,该组匹配数量/全场玩家数（当前为4）,没有则0；他人Selected被投影为InHand,0.0
state,1355,1355,他人牌区,enemy.card.brogan-02.Discarded,敌方玩家公开的brogan-02处于已弃置的数量,该组匹配数量/全场玩家数（当前为4）,没有则0；他人Selected被投影为InHand,0.0
state,1356,1356,他人牌区,enemy.card.brogan-03.InHand,敌方玩家公开的brogan-03处于在手的数量,该组匹配数量/全场玩家数（当前为4）,没有则0；他人Selected被投影为InHand,0.0
state,1357,1357,他人牌区,enemy.card.brogan-03.Selected,敌方玩家公开的brogan-03处于本人已暗选的数量,该组匹配数量/全场玩家数（当前为4）,没有则0；他人Selected被投影为InHand,0.0
state,1358,1358,他人牌区,enemy.card.brogan-03.PlayedUnresolved,敌方玩家公开的brogan-03处于已揭示尚未结算的数量,该组匹配数量/全场玩家数（当前为4）,没有则0；他人Selected被投影为InHand,0.0
state,1359,1359,他人牌区,enemy.card.brogan-03.PlayedResolved,敌方玩家公开的brogan-03处于已结算的数量,该组匹配数量/全场玩家数（当前为4）,没有则0；他人Selected被投影为InHand,0.0
state,1360,1360,他人牌区,enemy.card.brogan-03.Discarded,敌方玩家公开的brogan-03处于已弃置的数量,该组匹配数量/全场玩家数（当前为4）,没有则0；他人Selected被投影为InHand,0.0
state,1361,1361,他人牌区,enemy.card.brogan-04.InHand,敌方玩家公开的brogan-04处于在手的数量,该组匹配数量/全场玩家数（当前为4）,没有则0；他人Selected被投影为InHand,0.0
state,1362,1362,他人牌区,enemy.card.brogan-04.Selected,敌方玩家公开的brogan-04处于本人已暗选的数量,该组匹配数量/全场玩家数（当前为4）,没有则0；他人Selected被投影为InHand,0.0
state,1363,1363,他人牌区,enemy.card.brogan-04.PlayedUnresolved,敌方玩家公开的brogan-04处于已揭示尚未结算的数量,该组匹配数量/全场玩家数（当前为4）,没有则0；他人Selected被投影为InHand,0.0
state,1364,1364,他人牌区,enemy.card.brogan-04.PlayedResolved,敌方玩家公开的brogan-04处于已结算的数量,该组匹配数量/全场玩家数（当前为4）,没有则0；他人Selected被投影为InHand,0.0
state,1365,1365,他人牌区,enemy.card.brogan-04.Discarded,敌方玩家公开的brogan-04处于已弃置的数量,该组匹配数量/全场玩家数（当前为4）,没有则0；他人Selected被投影为InHand,0.0
state,1366,1366,他人牌区,enemy.card.brogan-05.InHand,敌方玩家公开的brogan-05处于在手的数量,该组匹配数量/全场玩家数（当前为4）,没有则0；他人Selected被投影为InHand,0.0
state,1367,1367,他人牌区,enemy.card.brogan-05.Selected,敌方玩家公开的brogan-05处于本人已暗选的数量,该组匹配数量/全场玩家数（当前为4）,没有则0；他人Selected被投影为InHand,0.0
state,1368,1368,他人牌区,enemy.card.brogan-05.PlayedUnresolved,敌方玩家公开的brogan-05处于已揭示尚未结算的数量,该组匹配数量/全场玩家数（当前为4）,没有则0；他人Selected被投影为InHand,0.0
state,1369,1369,他人牌区,enemy.card.brogan-05.PlayedResolved,敌方玩家公开的brogan-05处于已结算的数量,该组匹配数量/全场玩家数（当前为4）,没有则0；他人Selected被投影为InHand,0.0
state,1370,1370,他人牌区,enemy.card.brogan-05.Discarded,敌方玩家公开的brogan-05处于已弃置的数量,该组匹配数量/全场玩家数（当前为4）,没有则0；他人Selected被投影为InHand,0.0
state,1371,1371,他人牌区,enemy.card.brogan-06.InHand,敌方玩家公开的brogan-06处于在手的数量,该组匹配数量/全场玩家数（当前为4）,没有则0；他人Selected被投影为InHand,0.0
state,1372,1372,他人牌区,enemy.card.brogan-06.Selected,敌方玩家公开的brogan-06处于本人已暗选的数量,该组匹配数量/全场玩家数（当前为4）,没有则0；他人Selected被投影为InHand,0.0
state,1373,1373,他人牌区,enemy.card.brogan-06.PlayedUnresolved,敌方玩家公开的brogan-06处于已揭示尚未结算的数量,该组匹配数量/全场玩家数（当前为4）,没有则0；他人Selected被投影为InHand,0.0
state,1374,1374,他人牌区,enemy.card.brogan-06.PlayedResolved,敌方玩家公开的brogan-06处于已结算的数量,该组匹配数量/全场玩家数（当前为4）,没有则0；他人Selected被投影为InHand,0.0
state,1375,1375,他人牌区,enemy.card.brogan-06.Discarded,敌方玩家公开的brogan-06处于已弃置的数量,该组匹配数量/全场玩家数（当前为4）,没有则0；他人Selected被投影为InHand,0.0
state,1376,1376,他人牌区,enemy.card.brogan-07.InHand,敌方玩家公开的brogan-07处于在手的数量,该组匹配数量/全场玩家数（当前为4）,没有则0；他人Selected被投影为InHand,0.0
state,1377,1377,他人牌区,enemy.card.brogan-07.Selected,敌方玩家公开的brogan-07处于本人已暗选的数量,该组匹配数量/全场玩家数（当前为4）,没有则0；他人Selected被投影为InHand,0.0
state,1378,1378,他人牌区,enemy.card.brogan-07.PlayedUnresolved,敌方玩家公开的brogan-07处于已揭示尚未结算的数量,该组匹配数量/全场玩家数（当前为4）,没有则0；他人Selected被投影为InHand,0.0
state,1379,1379,他人牌区,enemy.card.brogan-07.PlayedResolved,敌方玩家公开的brogan-07处于已结算的数量,该组匹配数量/全场玩家数（当前为4）,没有则0；他人Selected被投影为InHand,0.0
state,1380,1380,他人牌区,enemy.card.brogan-07.Discarded,敌方玩家公开的brogan-07处于已弃置的数量,该组匹配数量/全场玩家数（当前为4）,没有则0；他人Selected被投影为InHand,0.0
state,1381,1381,他人牌区,enemy.card.brogan-08.InHand,敌方玩家公开的brogan-08处于在手的数量,该组匹配数量/全场玩家数（当前为4）,没有则0；他人Selected被投影为InHand,0.0
state,1382,1382,他人牌区,enemy.card.brogan-08.Selected,敌方玩家公开的brogan-08处于本人已暗选的数量,该组匹配数量/全场玩家数（当前为4）,没有则0；他人Selected被投影为InHand,0.0
state,1383,1383,他人牌区,enemy.card.brogan-08.PlayedUnresolved,敌方玩家公开的brogan-08处于已揭示尚未结算的数量,该组匹配数量/全场玩家数（当前为4）,没有则0；他人Selected被投影为InHand,0.0
state,1384,1384,他人牌区,enemy.card.brogan-08.PlayedResolved,敌方玩家公开的brogan-08处于已结算的数量,该组匹配数量/全场玩家数（当前为4）,没有则0；他人Selected被投影为InHand,0.0
state,1385,1385,他人牌区,enemy.card.brogan-08.Discarded,敌方玩家公开的brogan-08处于已弃置的数量,该组匹配数量/全场玩家数（当前为4）,没有则0；他人Selected被投影为InHand,0.0
state,1386,1386,他人牌区,enemy.card.brogan-09.InHand,敌方玩家公开的brogan-09处于在手的数量,该组匹配数量/全场玩家数（当前为4）,没有则0；他人Selected被投影为InHand,0.0
state,1387,1387,他人牌区,enemy.card.brogan-09.Selected,敌方玩家公开的brogan-09处于本人已暗选的数量,该组匹配数量/全场玩家数（当前为4）,没有则0；他人Selected被投影为InHand,0.0
state,1388,1388,他人牌区,enemy.card.brogan-09.PlayedUnresolved,敌方玩家公开的brogan-09处于已揭示尚未结算的数量,该组匹配数量/全场玩家数（当前为4）,没有则0；他人Selected被投影为InHand,0.0
state,1389,1389,他人牌区,enemy.card.brogan-09.PlayedResolved,敌方玩家公开的brogan-09处于已结算的数量,该组匹配数量/全场玩家数（当前为4）,没有则0；他人Selected被投影为InHand,0.0
state,1390,1390,他人牌区,enemy.card.brogan-09.Discarded,敌方玩家公开的brogan-09处于已弃置的数量,该组匹配数量/全场玩家数（当前为4）,没有则0；他人Selected被投影为InHand,0.0
state,1391,1391,他人牌区,enemy.card.brogan-10.InHand,敌方玩家公开的brogan-10处于在手的数量,该组匹配数量/全场玩家数（当前为4）,没有则0；他人Selected被投影为InHand,0.0
state,1392,1392,他人牌区,enemy.card.brogan-10.Selected,敌方玩家公开的brogan-10处于本人已暗选的数量,该组匹配数量/全场玩家数（当前为4）,没有则0；他人Selected被投影为InHand,0.0
state,1393,1393,他人牌区,enemy.card.brogan-10.PlayedUnresolved,敌方玩家公开的brogan-10处于已揭示尚未结算的数量,该组匹配数量/全场玩家数（当前为4）,没有则0；他人Selected被投影为InHand,0.0
state,1394,1394,他人牌区,enemy.card.brogan-10.PlayedResolved,敌方玩家公开的brogan-10处于已结算的数量,该组匹配数量/全场玩家数（当前为4）,没有则0；他人Selected被投影为InHand,0.0
state,1395,1395,他人牌区,enemy.card.brogan-10.Discarded,敌方玩家公开的brogan-10处于已弃置的数量,该组匹配数量/全场玩家数（当前为4）,没有则0；他人Selected被投影为InHand,0.0
state,1396,1396,他人牌区,enemy.card.brogan-11.InHand,敌方玩家公开的brogan-11处于在手的数量,该组匹配数量/全场玩家数（当前为4）,没有则0；他人Selected被投影为InHand,0.0
state,1397,1397,他人牌区,enemy.card.brogan-11.Selected,敌方玩家公开的brogan-11处于本人已暗选的数量,该组匹配数量/全场玩家数（当前为4）,没有则0；他人Selected被投影为InHand,0.0
state,1398,1398,他人牌区,enemy.card.brogan-11.PlayedUnresolved,敌方玩家公开的brogan-11处于已揭示尚未结算的数量,该组匹配数量/全场玩家数（当前为4）,没有则0；他人Selected被投影为InHand,0.0
state,1399,1399,他人牌区,enemy.card.brogan-11.PlayedResolved,敌方玩家公开的brogan-11处于已结算的数量,该组匹配数量/全场玩家数（当前为4）,没有则0；他人Selected被投影为InHand,0.0
state,1400,1400,他人牌区,enemy.card.brogan-11.Discarded,敌方玩家公开的brogan-11处于已弃置的数量,该组匹配数量/全场玩家数（当前为4）,没有则0；他人Selected被投影为InHand,0.0
state,1401,1401,他人牌区,enemy.card.brogan-12.InHand,敌方玩家公开的brogan-12处于在手的数量,该组匹配数量/全场玩家数（当前为4）,没有则0；他人Selected被投影为InHand,0.0
state,1402,1402,他人牌区,enemy.card.brogan-12.Selected,敌方玩家公开的brogan-12处于本人已暗选的数量,该组匹配数量/全场玩家数（当前为4）,没有则0；他人Selected被投影为InHand,0.0
state,1403,1403,他人牌区,enemy.card.brogan-12.PlayedUnresolved,敌方玩家公开的brogan-12处于已揭示尚未结算的数量,该组匹配数量/全场玩家数（当前为4）,没有则0；他人Selected被投影为InHand,0.0
state,1404,1404,他人牌区,enemy.card.brogan-12.PlayedResolved,敌方玩家公开的brogan-12处于已结算的数量,该组匹配数量/全场玩家数（当前为4）,没有则0；他人Selected被投影为InHand,0.0
state,1405,1405,他人牌区,enemy.card.brogan-12.Discarded,敌方玩家公开的brogan-12处于已弃置的数量,该组匹配数量/全场玩家数（当前为4）,没有则0；他人Selected被投影为InHand,0.0
state,1406,1406,他人牌区,enemy.card.brogan-13.InHand,敌方玩家公开的brogan-13处于在手的数量,该组匹配数量/全场玩家数（当前为4）,没有则0；他人Selected被投影为InHand,0.0
state,1407,1407,他人牌区,enemy.card.brogan-13.Selected,敌方玩家公开的brogan-13处于本人已暗选的数量,该组匹配数量/全场玩家数（当前为4）,没有则0；他人Selected被投影为InHand,0.0
state,1408,1408,他人牌区,enemy.card.brogan-13.PlayedUnresolved,敌方玩家公开的brogan-13处于已揭示尚未结算的数量,该组匹配数量/全场玩家数（当前为4）,没有则0；他人Selected被投影为InHand,0.0
state,1409,1409,他人牌区,enemy.card.brogan-13.PlayedResolved,敌方玩家公开的brogan-13处于已结算的数量,该组匹配数量/全场玩家数（当前为4）,没有则0；他人Selected被投影为InHand,0.0
state,1410,1410,他人牌区,enemy.card.brogan-13.Discarded,敌方玩家公开的brogan-13处于已弃置的数量,该组匹配数量/全场玩家数（当前为4）,没有则0；他人Selected被投影为InHand,0.0
state,1411,1411,他人牌区,enemy.card.brogan-14.InHand,敌方玩家公开的brogan-14处于在手的数量,该组匹配数量/全场玩家数（当前为4）,没有则0；他人Selected被投影为InHand,0.0
state,1412,1412,他人牌区,enemy.card.brogan-14.Selected,敌方玩家公开的brogan-14处于本人已暗选的数量,该组匹配数量/全场玩家数（当前为4）,没有则0；他人Selected被投影为InHand,0.0
state,1413,1413,他人牌区,enemy.card.brogan-14.PlayedUnresolved,敌方玩家公开的brogan-14处于已揭示尚未结算的数量,该组匹配数量/全场玩家数（当前为4）,没有则0；他人Selected被投影为InHand,0.0
state,1414,1414,他人牌区,enemy.card.brogan-14.PlayedResolved,敌方玩家公开的brogan-14处于已结算的数量,该组匹配数量/全场玩家数（当前为4）,没有则0；他人Selected被投影为InHand,0.0
state,1415,1415,他人牌区,enemy.card.brogan-14.Discarded,敌方玩家公开的brogan-14处于已弃置的数量,该组匹配数量/全场玩家数（当前为4）,没有则0；他人Selected被投影为InHand,0.0
state,1416,1416,他人牌区,enemy.card.brogan-15.InHand,敌方玩家公开的brogan-15处于在手的数量,该组匹配数量/全场玩家数（当前为4）,没有则0；他人Selected被投影为InHand,0.0
state,1417,1417,他人牌区,enemy.card.brogan-15.Selected,敌方玩家公开的brogan-15处于本人已暗选的数量,该组匹配数量/全场玩家数（当前为4）,没有则0；他人Selected被投影为InHand,0.0
state,1418,1418,他人牌区,enemy.card.brogan-15.PlayedUnresolved,敌方玩家公开的brogan-15处于已揭示尚未结算的数量,该组匹配数量/全场玩家数（当前为4）,没有则0；他人Selected被投影为InHand,0.0
state,1419,1419,他人牌区,enemy.card.brogan-15.PlayedResolved,敌方玩家公开的brogan-15处于已结算的数量,该组匹配数量/全场玩家数（当前为4）,没有则0；他人Selected被投影为InHand,0.0
state,1420,1420,他人牌区,enemy.card.brogan-15.Discarded,敌方玩家公开的brogan-15处于已弃置的数量,该组匹配数量/全场玩家数（当前为4）,没有则0；他人Selected被投影为InHand,0.0
state,1421,1421,他人牌区,enemy.card.brogan-16.InHand,敌方玩家公开的brogan-16处于在手的数量,该组匹配数量/全场玩家数（当前为4）,没有则0；他人Selected被投影为InHand,0.0
state,1422,1422,他人牌区,enemy.card.brogan-16.Selected,敌方玩家公开的brogan-16处于本人已暗选的数量,该组匹配数量/全场玩家数（当前为4）,没有则0；他人Selected被投影为InHand,0.0
state,1423,1423,他人牌区,enemy.card.brogan-16.PlayedUnresolved,敌方玩家公开的brogan-16处于已揭示尚未结算的数量,该组匹配数量/全场玩家数（当前为4）,没有则0；他人Selected被投影为InHand,0.0
state,1424,1424,他人牌区,enemy.card.brogan-16.PlayedResolved,敌方玩家公开的brogan-16处于已结算的数量,该组匹配数量/全场玩家数（当前为4）,没有则0；他人Selected被投影为InHand,0.0
state,1425,1425,他人牌区,enemy.card.brogan-16.Discarded,敌方玩家公开的brogan-16处于已弃置的数量,该组匹配数量/全场玩家数（当前为4）,没有则0；他人Selected被投影为InHand,0.0
state,1426,1426,他人牌区,enemy.card.brogan-17.InHand,敌方玩家公开的brogan-17处于在手的数量,该组匹配数量/全场玩家数（当前为4）,没有则0；他人Selected被投影为InHand,0.0
state,1427,1427,他人牌区,enemy.card.brogan-17.Selected,敌方玩家公开的brogan-17处于本人已暗选的数量,该组匹配数量/全场玩家数（当前为4）,没有则0；他人Selected被投影为InHand,0.0
state,1428,1428,他人牌区,enemy.card.brogan-17.PlayedUnresolved,敌方玩家公开的brogan-17处于已揭示尚未结算的数量,该组匹配数量/全场玩家数（当前为4）,没有则0；他人Selected被投影为InHand,0.0
state,1429,1429,他人牌区,enemy.card.brogan-17.PlayedResolved,敌方玩家公开的brogan-17处于已结算的数量,该组匹配数量/全场玩家数（当前为4）,没有则0；他人Selected被投影为InHand,0.0
state,1430,1430,他人牌区,enemy.card.brogan-17.Discarded,敌方玩家公开的brogan-17处于已弃置的数量,该组匹配数量/全场玩家数（当前为4）,没有则0；他人Selected被投影为InHand,0.0
state,1431,1431,他人牌区,enemy.card.sabina-00.InHand,敌方玩家公开的sabina-00处于在手的数量,该组匹配数量/全场玩家数（当前为4）,没有则0；他人Selected被投影为InHand,0.0
state,1432,1432,他人牌区,enemy.card.sabina-00.Selected,敌方玩家公开的sabina-00处于本人已暗选的数量,该组匹配数量/全场玩家数（当前为4）,没有则0；他人Selected被投影为InHand,0.0
state,1433,1433,他人牌区,enemy.card.sabina-00.PlayedUnresolved,敌方玩家公开的sabina-00处于已揭示尚未结算的数量,该组匹配数量/全场玩家数（当前为4）,没有则0；他人Selected被投影为InHand,0.0
state,1434,1434,他人牌区,enemy.card.sabina-00.PlayedResolved,敌方玩家公开的sabina-00处于已结算的数量,该组匹配数量/全场玩家数（当前为4）,没有则0；他人Selected被投影为InHand,0.0
state,1435,1435,他人牌区,enemy.card.sabina-00.Discarded,敌方玩家公开的sabina-00处于已弃置的数量,该组匹配数量/全场玩家数（当前为4）,没有则0；他人Selected被投影为InHand,0.0
state,1436,1436,他人牌区,enemy.card.sabina-01.InHand,敌方玩家公开的sabina-01处于在手的数量,该组匹配数量/全场玩家数（当前为4）,没有则0；他人Selected被投影为InHand,0.0
state,1437,1437,他人牌区,enemy.card.sabina-01.Selected,敌方玩家公开的sabina-01处于本人已暗选的数量,该组匹配数量/全场玩家数（当前为4）,没有则0；他人Selected被投影为InHand,0.0
state,1438,1438,他人牌区,enemy.card.sabina-01.PlayedUnresolved,敌方玩家公开的sabina-01处于已揭示尚未结算的数量,该组匹配数量/全场玩家数（当前为4）,没有则0；他人Selected被投影为InHand,0.0
state,1439,1439,他人牌区,enemy.card.sabina-01.PlayedResolved,敌方玩家公开的sabina-01处于已结算的数量,该组匹配数量/全场玩家数（当前为4）,没有则0；他人Selected被投影为InHand,0.0
state,1440,1440,他人牌区,enemy.card.sabina-01.Discarded,敌方玩家公开的sabina-01处于已弃置的数量,该组匹配数量/全场玩家数（当前为4）,没有则0；他人Selected被投影为InHand,0.0
state,1441,1441,他人牌区,enemy.card.sabina-02.InHand,敌方玩家公开的sabina-02处于在手的数量,该组匹配数量/全场玩家数（当前为4）,没有则0；他人Selected被投影为InHand,0.0
state,1442,1442,他人牌区,enemy.card.sabina-02.Selected,敌方玩家公开的sabina-02处于本人已暗选的数量,该组匹配数量/全场玩家数（当前为4）,没有则0；他人Selected被投影为InHand,0.0
state,1443,1443,他人牌区,enemy.card.sabina-02.PlayedUnresolved,敌方玩家公开的sabina-02处于已揭示尚未结算的数量,该组匹配数量/全场玩家数（当前为4）,没有则0；他人Selected被投影为InHand,0.0
state,1444,1444,他人牌区,enemy.card.sabina-02.PlayedResolved,敌方玩家公开的sabina-02处于已结算的数量,该组匹配数量/全场玩家数（当前为4）,没有则0；他人Selected被投影为InHand,0.0
state,1445,1445,他人牌区,enemy.card.sabina-02.Discarded,敌方玩家公开的sabina-02处于已弃置的数量,该组匹配数量/全场玩家数（当前为4）,没有则0；他人Selected被投影为InHand,0.0
state,1446,1446,他人牌区,enemy.card.sabina-03.InHand,敌方玩家公开的sabina-03处于在手的数量,该组匹配数量/全场玩家数（当前为4）,没有则0；他人Selected被投影为InHand,0.0
state,1447,1447,他人牌区,enemy.card.sabina-03.Selected,敌方玩家公开的sabina-03处于本人已暗选的数量,该组匹配数量/全场玩家数（当前为4）,没有则0；他人Selected被投影为InHand,0.0
state,1448,1448,他人牌区,enemy.card.sabina-03.PlayedUnresolved,敌方玩家公开的sabina-03处于已揭示尚未结算的数量,该组匹配数量/全场玩家数（当前为4）,没有则0；他人Selected被投影为InHand,0.0
state,1449,1449,他人牌区,enemy.card.sabina-03.PlayedResolved,敌方玩家公开的sabina-03处于已结算的数量,该组匹配数量/全场玩家数（当前为4）,没有则0；他人Selected被投影为InHand,0.0
state,1450,1450,他人牌区,enemy.card.sabina-03.Discarded,敌方玩家公开的sabina-03处于已弃置的数量,该组匹配数量/全场玩家数（当前为4）,没有则0；他人Selected被投影为InHand,0.0
state,1451,1451,他人牌区,enemy.card.sabina-04.InHand,敌方玩家公开的sabina-04处于在手的数量,该组匹配数量/全场玩家数（当前为4）,没有则0；他人Selected被投影为InHand,0.0
state,1452,1452,他人牌区,enemy.card.sabina-04.Selected,敌方玩家公开的sabina-04处于本人已暗选的数量,该组匹配数量/全场玩家数（当前为4）,没有则0；他人Selected被投影为InHand,0.0
state,1453,1453,他人牌区,enemy.card.sabina-04.PlayedUnresolved,敌方玩家公开的sabina-04处于已揭示尚未结算的数量,该组匹配数量/全场玩家数（当前为4）,没有则0；他人Selected被投影为InHand,0.0
state,1454,1454,他人牌区,enemy.card.sabina-04.PlayedResolved,敌方玩家公开的sabina-04处于已结算的数量,该组匹配数量/全场玩家数（当前为4）,没有则0；他人Selected被投影为InHand,0.0
state,1455,1455,他人牌区,enemy.card.sabina-04.Discarded,敌方玩家公开的sabina-04处于已弃置的数量,该组匹配数量/全场玩家数（当前为4）,没有则0；他人Selected被投影为InHand,0.0
state,1456,1456,他人牌区,enemy.card.sabina-05.InHand,敌方玩家公开的sabina-05处于在手的数量,该组匹配数量/全场玩家数（当前为4）,没有则0；他人Selected被投影为InHand,0.0
state,1457,1457,他人牌区,enemy.card.sabina-05.Selected,敌方玩家公开的sabina-05处于本人已暗选的数量,该组匹配数量/全场玩家数（当前为4）,没有则0；他人Selected被投影为InHand,0.0
state,1458,1458,他人牌区,enemy.card.sabina-05.PlayedUnresolved,敌方玩家公开的sabina-05处于已揭示尚未结算的数量,该组匹配数量/全场玩家数（当前为4）,没有则0；他人Selected被投影为InHand,0.0
state,1459,1459,他人牌区,enemy.card.sabina-05.PlayedResolved,敌方玩家公开的sabina-05处于已结算的数量,该组匹配数量/全场玩家数（当前为4）,没有则0；他人Selected被投影为InHand,0.0
state,1460,1460,他人牌区,enemy.card.sabina-05.Discarded,敌方玩家公开的sabina-05处于已弃置的数量,该组匹配数量/全场玩家数（当前为4）,没有则0；他人Selected被投影为InHand,0.0
state,1461,1461,他人牌区,enemy.card.sabina-06.InHand,敌方玩家公开的sabina-06处于在手的数量,该组匹配数量/全场玩家数（当前为4）,没有则0；他人Selected被投影为InHand,0.0
state,1462,1462,他人牌区,enemy.card.sabina-06.Selected,敌方玩家公开的sabina-06处于本人已暗选的数量,该组匹配数量/全场玩家数（当前为4）,没有则0；他人Selected被投影为InHand,0.0
state,1463,1463,他人牌区,enemy.card.sabina-06.PlayedUnresolved,敌方玩家公开的sabina-06处于已揭示尚未结算的数量,该组匹配数量/全场玩家数（当前为4）,没有则0；他人Selected被投影为InHand,0.0
state,1464,1464,他人牌区,enemy.card.sabina-06.PlayedResolved,敌方玩家公开的sabina-06处于已结算的数量,该组匹配数量/全场玩家数（当前为4）,没有则0；他人Selected被投影为InHand,0.0
state,1465,1465,他人牌区,enemy.card.sabina-06.Discarded,敌方玩家公开的sabina-06处于已弃置的数量,该组匹配数量/全场玩家数（当前为4）,没有则0；他人Selected被投影为InHand,0.0
state,1466,1466,他人牌区,enemy.card.sabina-07.InHand,敌方玩家公开的sabina-07处于在手的数量,该组匹配数量/全场玩家数（当前为4）,没有则0；他人Selected被投影为InHand,0.0
state,1467,1467,他人牌区,enemy.card.sabina-07.Selected,敌方玩家公开的sabina-07处于本人已暗选的数量,该组匹配数量/全场玩家数（当前为4）,没有则0；他人Selected被投影为InHand,0.0
state,1468,1468,他人牌区,enemy.card.sabina-07.PlayedUnresolved,敌方玩家公开的sabina-07处于已揭示尚未结算的数量,该组匹配数量/全场玩家数（当前为4）,没有则0；他人Selected被投影为InHand,0.0
state,1469,1469,他人牌区,enemy.card.sabina-07.PlayedResolved,敌方玩家公开的sabina-07处于已结算的数量,该组匹配数量/全场玩家数（当前为4）,没有则0；他人Selected被投影为InHand,0.0
state,1470,1470,他人牌区,enemy.card.sabina-07.Discarded,敌方玩家公开的sabina-07处于已弃置的数量,该组匹配数量/全场玩家数（当前为4）,没有则0；他人Selected被投影为InHand,0.0
state,1471,1471,他人牌区,enemy.card.sabina-08.InHand,敌方玩家公开的sabina-08处于在手的数量,该组匹配数量/全场玩家数（当前为4）,没有则0；他人Selected被投影为InHand,0.0
state,1472,1472,他人牌区,enemy.card.sabina-08.Selected,敌方玩家公开的sabina-08处于本人已暗选的数量,该组匹配数量/全场玩家数（当前为4）,没有则0；他人Selected被投影为InHand,0.0
state,1473,1473,他人牌区,enemy.card.sabina-08.PlayedUnresolved,敌方玩家公开的sabina-08处于已揭示尚未结算的数量,该组匹配数量/全场玩家数（当前为4）,没有则0；他人Selected被投影为InHand,0.0
state,1474,1474,他人牌区,enemy.card.sabina-08.PlayedResolved,敌方玩家公开的sabina-08处于已结算的数量,该组匹配数量/全场玩家数（当前为4）,没有则0；他人Selected被投影为InHand,0.0
state,1475,1475,他人牌区,enemy.card.sabina-08.Discarded,敌方玩家公开的sabina-08处于已弃置的数量,该组匹配数量/全场玩家数（当前为4）,没有则0；他人Selected被投影为InHand,0.0
state,1476,1476,他人牌区,enemy.card.sabina-09.InHand,敌方玩家公开的sabina-09处于在手的数量,该组匹配数量/全场玩家数（当前为4）,没有则0；他人Selected被投影为InHand,0.0
state,1477,1477,他人牌区,enemy.card.sabina-09.Selected,敌方玩家公开的sabina-09处于本人已暗选的数量,该组匹配数量/全场玩家数（当前为4）,没有则0；他人Selected被投影为InHand,0.0
state,1478,1478,他人牌区,enemy.card.sabina-09.PlayedUnresolved,敌方玩家公开的sabina-09处于已揭示尚未结算的数量,该组匹配数量/全场玩家数（当前为4）,没有则0；他人Selected被投影为InHand,0.0
state,1479,1479,他人牌区,enemy.card.sabina-09.PlayedResolved,敌方玩家公开的sabina-09处于已结算的数量,该组匹配数量/全场玩家数（当前为4）,没有则0；他人Selected被投影为InHand,0.0
state,1480,1480,他人牌区,enemy.card.sabina-09.Discarded,敌方玩家公开的sabina-09处于已弃置的数量,该组匹配数量/全场玩家数（当前为4）,没有则0；他人Selected被投影为InHand,0.0
state,1481,1481,他人牌区,enemy.card.sabina-10.InHand,敌方玩家公开的sabina-10处于在手的数量,该组匹配数量/全场玩家数（当前为4）,没有则0；他人Selected被投影为InHand,0.0
state,1482,1482,他人牌区,enemy.card.sabina-10.Selected,敌方玩家公开的sabina-10处于本人已暗选的数量,该组匹配数量/全场玩家数（当前为4）,没有则0；他人Selected被投影为InHand,0.0
state,1483,1483,他人牌区,enemy.card.sabina-10.PlayedUnresolved,敌方玩家公开的sabina-10处于已揭示尚未结算的数量,该组匹配数量/全场玩家数（当前为4）,没有则0；他人Selected被投影为InHand,0.0
state,1484,1484,他人牌区,enemy.card.sabina-10.PlayedResolved,敌方玩家公开的sabina-10处于已结算的数量,该组匹配数量/全场玩家数（当前为4）,没有则0；他人Selected被投影为InHand,0.0
state,1485,1485,他人牌区,enemy.card.sabina-10.Discarded,敌方玩家公开的sabina-10处于已弃置的数量,该组匹配数量/全场玩家数（当前为4）,没有则0；他人Selected被投影为InHand,0.0
state,1486,1486,他人牌区,enemy.card.sabina-11.InHand,敌方玩家公开的sabina-11处于在手的数量,该组匹配数量/全场玩家数（当前为4）,没有则0；他人Selected被投影为InHand,0.0
state,1487,1487,他人牌区,enemy.card.sabina-11.Selected,敌方玩家公开的sabina-11处于本人已暗选的数量,该组匹配数量/全场玩家数（当前为4）,没有则0；他人Selected被投影为InHand,0.0
state,1488,1488,他人牌区,enemy.card.sabina-11.PlayedUnresolved,敌方玩家公开的sabina-11处于已揭示尚未结算的数量,该组匹配数量/全场玩家数（当前为4）,没有则0；他人Selected被投影为InHand,0.0
state,1489,1489,他人牌区,enemy.card.sabina-11.PlayedResolved,敌方玩家公开的sabina-11处于已结算的数量,该组匹配数量/全场玩家数（当前为4）,没有则0；他人Selected被投影为InHand,0.0
state,1490,1490,他人牌区,enemy.card.sabina-11.Discarded,敌方玩家公开的sabina-11处于已弃置的数量,该组匹配数量/全场玩家数（当前为4）,没有则0；他人Selected被投影为InHand,0.0
state,1491,1491,他人牌区,enemy.card.sabina-12.InHand,敌方玩家公开的sabina-12处于在手的数量,该组匹配数量/全场玩家数（当前为4）,没有则0；他人Selected被投影为InHand,0.0
state,1492,1492,他人牌区,enemy.card.sabina-12.Selected,敌方玩家公开的sabina-12处于本人已暗选的数量,该组匹配数量/全场玩家数（当前为4）,没有则0；他人Selected被投影为InHand,0.0
state,1493,1493,他人牌区,enemy.card.sabina-12.PlayedUnresolved,敌方玩家公开的sabina-12处于已揭示尚未结算的数量,该组匹配数量/全场玩家数（当前为4）,没有则0；他人Selected被投影为InHand,0.0
state,1494,1494,他人牌区,enemy.card.sabina-12.PlayedResolved,敌方玩家公开的sabina-12处于已结算的数量,该组匹配数量/全场玩家数（当前为4）,没有则0；他人Selected被投影为InHand,0.0
state,1495,1495,他人牌区,enemy.card.sabina-12.Discarded,敌方玩家公开的sabina-12处于已弃置的数量,该组匹配数量/全场玩家数（当前为4）,没有则0；他人Selected被投影为InHand,0.0
state,1496,1496,他人牌区,enemy.card.sabina-13.InHand,敌方玩家公开的sabina-13处于在手的数量,该组匹配数量/全场玩家数（当前为4）,没有则0；他人Selected被投影为InHand,0.0
state,1497,1497,他人牌区,enemy.card.sabina-13.Selected,敌方玩家公开的sabina-13处于本人已暗选的数量,该组匹配数量/全场玩家数（当前为4）,没有则0；他人Selected被投影为InHand,0.0
state,1498,1498,他人牌区,enemy.card.sabina-13.PlayedUnresolved,敌方玩家公开的sabina-13处于已揭示尚未结算的数量,该组匹配数量/全场玩家数（当前为4）,没有则0；他人Selected被投影为InHand,0.0
state,1499,1499,他人牌区,enemy.card.sabina-13.PlayedResolved,敌方玩家公开的sabina-13处于已结算的数量,该组匹配数量/全场玩家数（当前为4）,没有则0；他人Selected被投影为InHand,0.0
state,1500,1500,他人牌区,enemy.card.sabina-13.Discarded,敌方玩家公开的sabina-13处于已弃置的数量,该组匹配数量/全场玩家数（当前为4）,没有则0；他人Selected被投影为InHand,0.0
state,1501,1501,他人牌区,enemy.card.sabina-14.InHand,敌方玩家公开的sabina-14处于在手的数量,该组匹配数量/全场玩家数（当前为4）,没有则0；他人Selected被投影为InHand,0.0
state,1502,1502,他人牌区,enemy.card.sabina-14.Selected,敌方玩家公开的sabina-14处于本人已暗选的数量,该组匹配数量/全场玩家数（当前为4）,没有则0；他人Selected被投影为InHand,0.0
state,1503,1503,他人牌区,enemy.card.sabina-14.PlayedUnresolved,敌方玩家公开的sabina-14处于已揭示尚未结算的数量,该组匹配数量/全场玩家数（当前为4）,没有则0；他人Selected被投影为InHand,0.0
state,1504,1504,他人牌区,enemy.card.sabina-14.PlayedResolved,敌方玩家公开的sabina-14处于已结算的数量,该组匹配数量/全场玩家数（当前为4）,没有则0；他人Selected被投影为InHand,0.0
state,1505,1505,他人牌区,enemy.card.sabina-14.Discarded,敌方玩家公开的sabina-14处于已弃置的数量,该组匹配数量/全场玩家数（当前为4）,没有则0；他人Selected被投影为InHand,0.0
state,1506,1506,他人牌区,enemy.card.sabina-15.InHand,敌方玩家公开的sabina-15处于在手的数量,该组匹配数量/全场玩家数（当前为4）,没有则0；他人Selected被投影为InHand,0.0
state,1507,1507,他人牌区,enemy.card.sabina-15.Selected,敌方玩家公开的sabina-15处于本人已暗选的数量,该组匹配数量/全场玩家数（当前为4）,没有则0；他人Selected被投影为InHand,0.0
state,1508,1508,他人牌区,enemy.card.sabina-15.PlayedUnresolved,敌方玩家公开的sabina-15处于已揭示尚未结算的数量,该组匹配数量/全场玩家数（当前为4）,没有则0；他人Selected被投影为InHand,0.0
state,1509,1509,他人牌区,enemy.card.sabina-15.PlayedResolved,敌方玩家公开的sabina-15处于已结算的数量,该组匹配数量/全场玩家数（当前为4）,没有则0；他人Selected被投影为InHand,0.0
state,1510,1510,他人牌区,enemy.card.sabina-15.Discarded,敌方玩家公开的sabina-15处于已弃置的数量,该组匹配数量/全场玩家数（当前为4）,没有则0；他人Selected被投影为InHand,0.0
state,1511,1511,他人牌区,enemy.card.sabina-16.InHand,敌方玩家公开的sabina-16处于在手的数量,该组匹配数量/全场玩家数（当前为4）,没有则0；他人Selected被投影为InHand,0.0
state,1512,1512,他人牌区,enemy.card.sabina-16.Selected,敌方玩家公开的sabina-16处于本人已暗选的数量,该组匹配数量/全场玩家数（当前为4）,没有则0；他人Selected被投影为InHand,0.0
state,1513,1513,他人牌区,enemy.card.sabina-16.PlayedUnresolved,敌方玩家公开的sabina-16处于已揭示尚未结算的数量,该组匹配数量/全场玩家数（当前为4）,没有则0；他人Selected被投影为InHand,0.0
state,1514,1514,他人牌区,enemy.card.sabina-16.PlayedResolved,敌方玩家公开的sabina-16处于已结算的数量,该组匹配数量/全场玩家数（当前为4）,没有则0；他人Selected被投影为InHand,0.0
state,1515,1515,他人牌区,enemy.card.sabina-16.Discarded,敌方玩家公开的sabina-16处于已弃置的数量,该组匹配数量/全场玩家数（当前为4）,没有则0；他人Selected被投影为InHand,0.0
state,1516,1516,他人牌区,enemy.card.sabina-17.InHand,敌方玩家公开的sabina-17处于在手的数量,该组匹配数量/全场玩家数（当前为4）,没有则0；他人Selected被投影为InHand,0.0
state,1517,1517,他人牌区,enemy.card.sabina-17.Selected,敌方玩家公开的sabina-17处于本人已暗选的数量,该组匹配数量/全场玩家数（当前为4）,没有则0；他人Selected被投影为InHand,0.0
state,1518,1518,他人牌区,enemy.card.sabina-17.PlayedUnresolved,敌方玩家公开的sabina-17处于已揭示尚未结算的数量,该组匹配数量/全场玩家数（当前为4）,没有则0；他人Selected被投影为InHand,0.0
state,1519,1519,他人牌区,enemy.card.sabina-17.PlayedResolved,敌方玩家公开的sabina-17处于已结算的数量,该组匹配数量/全场玩家数（当前为4）,没有则0；他人Selected被投影为InHand,0.0
state,1520,1520,他人牌区,enemy.card.sabina-17.Discarded,敌方玩家公开的sabina-17处于已弃置的数量,该组匹配数量/全场玩家数（当前为4）,没有则0；他人Selected被投影为InHand,0.0
state,1521,1521,他人牌区,enemy.card.shargatha-00.InHand,敌方玩家公开的shargatha-00处于在手的数量,该组匹配数量/全场玩家数（当前为4）,没有则0；他人Selected被投影为InHand,0.0
state,1522,1522,他人牌区,enemy.card.shargatha-00.Selected,敌方玩家公开的shargatha-00处于本人已暗选的数量,该组匹配数量/全场玩家数（当前为4）,没有则0；他人Selected被投影为InHand,0.0
state,1523,1523,他人牌区,enemy.card.shargatha-00.PlayedUnresolved,敌方玩家公开的shargatha-00处于已揭示尚未结算的数量,该组匹配数量/全场玩家数（当前为4）,没有则0；他人Selected被投影为InHand,0.0
state,1524,1524,他人牌区,enemy.card.shargatha-00.PlayedResolved,敌方玩家公开的shargatha-00处于已结算的数量,该组匹配数量/全场玩家数（当前为4）,没有则0；他人Selected被投影为InHand,0.0
state,1525,1525,他人牌区,enemy.card.shargatha-00.Discarded,敌方玩家公开的shargatha-00处于已弃置的数量,该组匹配数量/全场玩家数（当前为4）,没有则0；他人Selected被投影为InHand,0.0
state,1526,1526,他人牌区,enemy.card.shargatha-01.InHand,敌方玩家公开的shargatha-01处于在手的数量,该组匹配数量/全场玩家数（当前为4）,没有则0；他人Selected被投影为InHand,0.0
state,1527,1527,他人牌区,enemy.card.shargatha-01.Selected,敌方玩家公开的shargatha-01处于本人已暗选的数量,该组匹配数量/全场玩家数（当前为4）,没有则0；他人Selected被投影为InHand,0.0
state,1528,1528,他人牌区,enemy.card.shargatha-01.PlayedUnresolved,敌方玩家公开的shargatha-01处于已揭示尚未结算的数量,该组匹配数量/全场玩家数（当前为4）,没有则0；他人Selected被投影为InHand,0.0
state,1529,1529,他人牌区,enemy.card.shargatha-01.PlayedResolved,敌方玩家公开的shargatha-01处于已结算的数量,该组匹配数量/全场玩家数（当前为4）,没有则0；他人Selected被投影为InHand,0.0
state,1530,1530,他人牌区,enemy.card.shargatha-01.Discarded,敌方玩家公开的shargatha-01处于已弃置的数量,该组匹配数量/全场玩家数（当前为4）,没有则0；他人Selected被投影为InHand,0.0
state,1531,1531,他人牌区,enemy.card.shargatha-02.InHand,敌方玩家公开的shargatha-02处于在手的数量,该组匹配数量/全场玩家数（当前为4）,没有则0；他人Selected被投影为InHand,0.0
state,1532,1532,他人牌区,enemy.card.shargatha-02.Selected,敌方玩家公开的shargatha-02处于本人已暗选的数量,该组匹配数量/全场玩家数（当前为4）,没有则0；他人Selected被投影为InHand,0.0
state,1533,1533,他人牌区,enemy.card.shargatha-02.PlayedUnresolved,敌方玩家公开的shargatha-02处于已揭示尚未结算的数量,该组匹配数量/全场玩家数（当前为4）,没有则0；他人Selected被投影为InHand,0.0
state,1534,1534,他人牌区,enemy.card.shargatha-02.PlayedResolved,敌方玩家公开的shargatha-02处于已结算的数量,该组匹配数量/全场玩家数（当前为4）,没有则0；他人Selected被投影为InHand,0.0
state,1535,1535,他人牌区,enemy.card.shargatha-02.Discarded,敌方玩家公开的shargatha-02处于已弃置的数量,该组匹配数量/全场玩家数（当前为4）,没有则0；他人Selected被投影为InHand,0.0
state,1536,1536,他人牌区,enemy.card.shargatha-03.InHand,敌方玩家公开的shargatha-03处于在手的数量,该组匹配数量/全场玩家数（当前为4）,没有则0；他人Selected被投影为InHand,0.0
state,1537,1537,他人牌区,enemy.card.shargatha-03.Selected,敌方玩家公开的shargatha-03处于本人已暗选的数量,该组匹配数量/全场玩家数（当前为4）,没有则0；他人Selected被投影为InHand,0.0
state,1538,1538,他人牌区,enemy.card.shargatha-03.PlayedUnresolved,敌方玩家公开的shargatha-03处于已揭示尚未结算的数量,该组匹配数量/全场玩家数（当前为4）,没有则0；他人Selected被投影为InHand,0.0
state,1539,1539,他人牌区,enemy.card.shargatha-03.PlayedResolved,敌方玩家公开的shargatha-03处于已结算的数量,该组匹配数量/全场玩家数（当前为4）,没有则0；他人Selected被投影为InHand,0.0
state,1540,1540,他人牌区,enemy.card.shargatha-03.Discarded,敌方玩家公开的shargatha-03处于已弃置的数量,该组匹配数量/全场玩家数（当前为4）,没有则0；他人Selected被投影为InHand,0.0
state,1541,1541,他人牌区,enemy.card.shargatha-04.InHand,敌方玩家公开的shargatha-04处于在手的数量,该组匹配数量/全场玩家数（当前为4）,没有则0；他人Selected被投影为InHand,0.0
state,1542,1542,他人牌区,enemy.card.shargatha-04.Selected,敌方玩家公开的shargatha-04处于本人已暗选的数量,该组匹配数量/全场玩家数（当前为4）,没有则0；他人Selected被投影为InHand,0.0
state,1543,1543,他人牌区,enemy.card.shargatha-04.PlayedUnresolved,敌方玩家公开的shargatha-04处于已揭示尚未结算的数量,该组匹配数量/全场玩家数（当前为4）,没有则0；他人Selected被投影为InHand,0.0
state,1544,1544,他人牌区,enemy.card.shargatha-04.PlayedResolved,敌方玩家公开的shargatha-04处于已结算的数量,该组匹配数量/全场玩家数（当前为4）,没有则0；他人Selected被投影为InHand,0.0
state,1545,1545,他人牌区,enemy.card.shargatha-04.Discarded,敌方玩家公开的shargatha-04处于已弃置的数量,该组匹配数量/全场玩家数（当前为4）,没有则0；他人Selected被投影为InHand,0.0
state,1546,1546,他人牌区,enemy.card.shargatha-05.InHand,敌方玩家公开的shargatha-05处于在手的数量,该组匹配数量/全场玩家数（当前为4）,没有则0；他人Selected被投影为InHand,0.0
state,1547,1547,他人牌区,enemy.card.shargatha-05.Selected,敌方玩家公开的shargatha-05处于本人已暗选的数量,该组匹配数量/全场玩家数（当前为4）,没有则0；他人Selected被投影为InHand,0.0
state,1548,1548,他人牌区,enemy.card.shargatha-05.PlayedUnresolved,敌方玩家公开的shargatha-05处于已揭示尚未结算的数量,该组匹配数量/全场玩家数（当前为4）,没有则0；他人Selected被投影为InHand,0.0
state,1549,1549,他人牌区,enemy.card.shargatha-05.PlayedResolved,敌方玩家公开的shargatha-05处于已结算的数量,该组匹配数量/全场玩家数（当前为4）,没有则0；他人Selected被投影为InHand,0.0
state,1550,1550,他人牌区,enemy.card.shargatha-05.Discarded,敌方玩家公开的shargatha-05处于已弃置的数量,该组匹配数量/全场玩家数（当前为4）,没有则0；他人Selected被投影为InHand,0.0
state,1551,1551,他人牌区,enemy.card.shargatha-06.InHand,敌方玩家公开的shargatha-06处于在手的数量,该组匹配数量/全场玩家数（当前为4）,没有则0；他人Selected被投影为InHand,0.0
state,1552,1552,他人牌区,enemy.card.shargatha-06.Selected,敌方玩家公开的shargatha-06处于本人已暗选的数量,该组匹配数量/全场玩家数（当前为4）,没有则0；他人Selected被投影为InHand,0.0
state,1553,1553,他人牌区,enemy.card.shargatha-06.PlayedUnresolved,敌方玩家公开的shargatha-06处于已揭示尚未结算的数量,该组匹配数量/全场玩家数（当前为4）,没有则0；他人Selected被投影为InHand,0.0
state,1554,1554,他人牌区,enemy.card.shargatha-06.PlayedResolved,敌方玩家公开的shargatha-06处于已结算的数量,该组匹配数量/全场玩家数（当前为4）,没有则0；他人Selected被投影为InHand,0.0
state,1555,1555,他人牌区,enemy.card.shargatha-06.Discarded,敌方玩家公开的shargatha-06处于已弃置的数量,该组匹配数量/全场玩家数（当前为4）,没有则0；他人Selected被投影为InHand,0.0
state,1556,1556,他人牌区,enemy.card.shargatha-07.InHand,敌方玩家公开的shargatha-07处于在手的数量,该组匹配数量/全场玩家数（当前为4）,没有则0；他人Selected被投影为InHand,0.0
state,1557,1557,他人牌区,enemy.card.shargatha-07.Selected,敌方玩家公开的shargatha-07处于本人已暗选的数量,该组匹配数量/全场玩家数（当前为4）,没有则0；他人Selected被投影为InHand,0.0
state,1558,1558,他人牌区,enemy.card.shargatha-07.PlayedUnresolved,敌方玩家公开的shargatha-07处于已揭示尚未结算的数量,该组匹配数量/全场玩家数（当前为4）,没有则0；他人Selected被投影为InHand,0.0
state,1559,1559,他人牌区,enemy.card.shargatha-07.PlayedResolved,敌方玩家公开的shargatha-07处于已结算的数量,该组匹配数量/全场玩家数（当前为4）,没有则0；他人Selected被投影为InHand,0.0
state,1560,1560,他人牌区,enemy.card.shargatha-07.Discarded,敌方玩家公开的shargatha-07处于已弃置的数量,该组匹配数量/全场玩家数（当前为4）,没有则0；他人Selected被投影为InHand,0.0
state,1561,1561,他人牌区,enemy.card.shargatha-08.InHand,敌方玩家公开的shargatha-08处于在手的数量,该组匹配数量/全场玩家数（当前为4）,没有则0；他人Selected被投影为InHand,0.0
state,1562,1562,他人牌区,enemy.card.shargatha-08.Selected,敌方玩家公开的shargatha-08处于本人已暗选的数量,该组匹配数量/全场玩家数（当前为4）,没有则0；他人Selected被投影为InHand,0.0
state,1563,1563,他人牌区,enemy.card.shargatha-08.PlayedUnresolved,敌方玩家公开的shargatha-08处于已揭示尚未结算的数量,该组匹配数量/全场玩家数（当前为4）,没有则0；他人Selected被投影为InHand,0.0
state,1564,1564,他人牌区,enemy.card.shargatha-08.PlayedResolved,敌方玩家公开的shargatha-08处于已结算的数量,该组匹配数量/全场玩家数（当前为4）,没有则0；他人Selected被投影为InHand,0.0
state,1565,1565,他人牌区,enemy.card.shargatha-08.Discarded,敌方玩家公开的shargatha-08处于已弃置的数量,该组匹配数量/全场玩家数（当前为4）,没有则0；他人Selected被投影为InHand,0.0
state,1566,1566,他人牌区,enemy.card.shargatha-09.InHand,敌方玩家公开的shargatha-09处于在手的数量,该组匹配数量/全场玩家数（当前为4）,没有则0；他人Selected被投影为InHand,0.0
state,1567,1567,他人牌区,enemy.card.shargatha-09.Selected,敌方玩家公开的shargatha-09处于本人已暗选的数量,该组匹配数量/全场玩家数（当前为4）,没有则0；他人Selected被投影为InHand,0.0
state,1568,1568,他人牌区,enemy.card.shargatha-09.PlayedUnresolved,敌方玩家公开的shargatha-09处于已揭示尚未结算的数量,该组匹配数量/全场玩家数（当前为4）,没有则0；他人Selected被投影为InHand,0.0
state,1569,1569,他人牌区,enemy.card.shargatha-09.PlayedResolved,敌方玩家公开的shargatha-09处于已结算的数量,该组匹配数量/全场玩家数（当前为4）,没有则0；他人Selected被投影为InHand,0.0
state,1570,1570,他人牌区,enemy.card.shargatha-09.Discarded,敌方玩家公开的shargatha-09处于已弃置的数量,该组匹配数量/全场玩家数（当前为4）,没有则0；他人Selected被投影为InHand,0.0
state,1571,1571,他人牌区,enemy.card.shargatha-10.InHand,敌方玩家公开的shargatha-10处于在手的数量,该组匹配数量/全场玩家数（当前为4）,没有则0；他人Selected被投影为InHand,0.0
state,1572,1572,他人牌区,enemy.card.shargatha-10.Selected,敌方玩家公开的shargatha-10处于本人已暗选的数量,该组匹配数量/全场玩家数（当前为4）,没有则0；他人Selected被投影为InHand,0.0
state,1573,1573,他人牌区,enemy.card.shargatha-10.PlayedUnresolved,敌方玩家公开的shargatha-10处于已揭示尚未结算的数量,该组匹配数量/全场玩家数（当前为4）,没有则0；他人Selected被投影为InHand,0.0
state,1574,1574,他人牌区,enemy.card.shargatha-10.PlayedResolved,敌方玩家公开的shargatha-10处于已结算的数量,该组匹配数量/全场玩家数（当前为4）,没有则0；他人Selected被投影为InHand,0.0
state,1575,1575,他人牌区,enemy.card.shargatha-10.Discarded,敌方玩家公开的shargatha-10处于已弃置的数量,该组匹配数量/全场玩家数（当前为4）,没有则0；他人Selected被投影为InHand,0.0
state,1576,1576,他人牌区,enemy.card.shargatha-11.InHand,敌方玩家公开的shargatha-11处于在手的数量,该组匹配数量/全场玩家数（当前为4）,没有则0；他人Selected被投影为InHand,0.0
state,1577,1577,他人牌区,enemy.card.shargatha-11.Selected,敌方玩家公开的shargatha-11处于本人已暗选的数量,该组匹配数量/全场玩家数（当前为4）,没有则0；他人Selected被投影为InHand,0.0
state,1578,1578,他人牌区,enemy.card.shargatha-11.PlayedUnresolved,敌方玩家公开的shargatha-11处于已揭示尚未结算的数量,该组匹配数量/全场玩家数（当前为4）,没有则0；他人Selected被投影为InHand,0.0
state,1579,1579,他人牌区,enemy.card.shargatha-11.PlayedResolved,敌方玩家公开的shargatha-11处于已结算的数量,该组匹配数量/全场玩家数（当前为4）,没有则0；他人Selected被投影为InHand,0.0
state,1580,1580,他人牌区,enemy.card.shargatha-11.Discarded,敌方玩家公开的shargatha-11处于已弃置的数量,该组匹配数量/全场玩家数（当前为4）,没有则0；他人Selected被投影为InHand,0.0
state,1581,1581,他人牌区,enemy.card.shargatha-12.InHand,敌方玩家公开的shargatha-12处于在手的数量,该组匹配数量/全场玩家数（当前为4）,没有则0；他人Selected被投影为InHand,0.0
state,1582,1582,他人牌区,enemy.card.shargatha-12.Selected,敌方玩家公开的shargatha-12处于本人已暗选的数量,该组匹配数量/全场玩家数（当前为4）,没有则0；他人Selected被投影为InHand,0.0
state,1583,1583,他人牌区,enemy.card.shargatha-12.PlayedUnresolved,敌方玩家公开的shargatha-12处于已揭示尚未结算的数量,该组匹配数量/全场玩家数（当前为4）,没有则0；他人Selected被投影为InHand,0.0
state,1584,1584,他人牌区,enemy.card.shargatha-12.PlayedResolved,敌方玩家公开的shargatha-12处于已结算的数量,该组匹配数量/全场玩家数（当前为4）,没有则0；他人Selected被投影为InHand,0.0
state,1585,1585,他人牌区,enemy.card.shargatha-12.Discarded,敌方玩家公开的shargatha-12处于已弃置的数量,该组匹配数量/全场玩家数（当前为4）,没有则0；他人Selected被投影为InHand,0.0
state,1586,1586,他人牌区,enemy.card.shargatha-13.InHand,敌方玩家公开的shargatha-13处于在手的数量,该组匹配数量/全场玩家数（当前为4）,没有则0；他人Selected被投影为InHand,0.0
state,1587,1587,他人牌区,enemy.card.shargatha-13.Selected,敌方玩家公开的shargatha-13处于本人已暗选的数量,该组匹配数量/全场玩家数（当前为4）,没有则0；他人Selected被投影为InHand,0.0
state,1588,1588,他人牌区,enemy.card.shargatha-13.PlayedUnresolved,敌方玩家公开的shargatha-13处于已揭示尚未结算的数量,该组匹配数量/全场玩家数（当前为4）,没有则0；他人Selected被投影为InHand,0.0
state,1589,1589,他人牌区,enemy.card.shargatha-13.PlayedResolved,敌方玩家公开的shargatha-13处于已结算的数量,该组匹配数量/全场玩家数（当前为4）,没有则0；他人Selected被投影为InHand,0.0
state,1590,1590,他人牌区,enemy.card.shargatha-13.Discarded,敌方玩家公开的shargatha-13处于已弃置的数量,该组匹配数量/全场玩家数（当前为4）,没有则0；他人Selected被投影为InHand,0.0
state,1591,1591,他人牌区,enemy.card.shargatha-14.InHand,敌方玩家公开的shargatha-14处于在手的数量,该组匹配数量/全场玩家数（当前为4）,没有则0；他人Selected被投影为InHand,0.0
state,1592,1592,他人牌区,enemy.card.shargatha-14.Selected,敌方玩家公开的shargatha-14处于本人已暗选的数量,该组匹配数量/全场玩家数（当前为4）,没有则0；他人Selected被投影为InHand,0.0
state,1593,1593,他人牌区,enemy.card.shargatha-14.PlayedUnresolved,敌方玩家公开的shargatha-14处于已揭示尚未结算的数量,该组匹配数量/全场玩家数（当前为4）,没有则0；他人Selected被投影为InHand,0.0
state,1594,1594,他人牌区,enemy.card.shargatha-14.PlayedResolved,敌方玩家公开的shargatha-14处于已结算的数量,该组匹配数量/全场玩家数（当前为4）,没有则0；他人Selected被投影为InHand,0.0
state,1595,1595,他人牌区,enemy.card.shargatha-14.Discarded,敌方玩家公开的shargatha-14处于已弃置的数量,该组匹配数量/全场玩家数（当前为4）,没有则0；他人Selected被投影为InHand,0.0
state,1596,1596,他人牌区,enemy.card.shargatha-15.InHand,敌方玩家公开的shargatha-15处于在手的数量,该组匹配数量/全场玩家数（当前为4）,没有则0；他人Selected被投影为InHand,0.0
state,1597,1597,他人牌区,enemy.card.shargatha-15.Selected,敌方玩家公开的shargatha-15处于本人已暗选的数量,该组匹配数量/全场玩家数（当前为4）,没有则0；他人Selected被投影为InHand,0.0
state,1598,1598,他人牌区,enemy.card.shargatha-15.PlayedUnresolved,敌方玩家公开的shargatha-15处于已揭示尚未结算的数量,该组匹配数量/全场玩家数（当前为4）,没有则0；他人Selected被投影为InHand,0.0
state,1599,1599,他人牌区,enemy.card.shargatha-15.PlayedResolved,敌方玩家公开的shargatha-15处于已结算的数量,该组匹配数量/全场玩家数（当前为4）,没有则0；他人Selected被投影为InHand,0.0
state,1600,1600,他人牌区,enemy.card.shargatha-15.Discarded,敌方玩家公开的shargatha-15处于已弃置的数量,该组匹配数量/全场玩家数（当前为4）,没有则0；他人Selected被投影为InHand,0.0
state,1601,1601,他人牌区,enemy.card.shargatha-16.InHand,敌方玩家公开的shargatha-16处于在手的数量,该组匹配数量/全场玩家数（当前为4）,没有则0；他人Selected被投影为InHand,0.0
state,1602,1602,他人牌区,enemy.card.shargatha-16.Selected,敌方玩家公开的shargatha-16处于本人已暗选的数量,该组匹配数量/全场玩家数（当前为4）,没有则0；他人Selected被投影为InHand,0.0
state,1603,1603,他人牌区,enemy.card.shargatha-16.PlayedUnresolved,敌方玩家公开的shargatha-16处于已揭示尚未结算的数量,该组匹配数量/全场玩家数（当前为4）,没有则0；他人Selected被投影为InHand,0.0
state,1604,1604,他人牌区,enemy.card.shargatha-16.PlayedResolved,敌方玩家公开的shargatha-16处于已结算的数量,该组匹配数量/全场玩家数（当前为4）,没有则0；他人Selected被投影为InHand,0.0
state,1605,1605,他人牌区,enemy.card.shargatha-16.Discarded,敌方玩家公开的shargatha-16处于已弃置的数量,该组匹配数量/全场玩家数（当前为4）,没有则0；他人Selected被投影为InHand,0.0
state,1606,1606,他人牌区,enemy.card.shargatha-17.InHand,敌方玩家公开的shargatha-17处于在手的数量,该组匹配数量/全场玩家数（当前为4）,没有则0；他人Selected被投影为InHand,0.0
state,1607,1607,他人牌区,enemy.card.shargatha-17.Selected,敌方玩家公开的shargatha-17处于本人已暗选的数量,该组匹配数量/全场玩家数（当前为4）,没有则0；他人Selected被投影为InHand,0.0
state,1608,1608,他人牌区,enemy.card.shargatha-17.PlayedUnresolved,敌方玩家公开的shargatha-17处于已揭示尚未结算的数量,该组匹配数量/全场玩家数（当前为4）,没有则0；他人Selected被投影为InHand,0.0
state,1609,1609,他人牌区,enemy.card.shargatha-17.PlayedResolved,敌方玩家公开的shargatha-17处于已结算的数量,该组匹配数量/全场玩家数（当前为4）,没有则0；他人Selected被投影为InHand,0.0
state,1610,1610,他人牌区,enemy.card.shargatha-17.Discarded,敌方玩家公开的shargatha-17处于已弃置的数量,该组匹配数量/全场玩家数（当前为4）,没有则0；他人Selected被投影为InHand,0.0
state,1611,1611,他人牌区,enemy.card.tigerclaw-00.InHand,敌方玩家公开的tigerclaw-00处于在手的数量,该组匹配数量/全场玩家数（当前为4）,没有则0；他人Selected被投影为InHand,0.0
state,1612,1612,他人牌区,enemy.card.tigerclaw-00.Selected,敌方玩家公开的tigerclaw-00处于本人已暗选的数量,该组匹配数量/全场玩家数（当前为4）,没有则0；他人Selected被投影为InHand,0.0
state,1613,1613,他人牌区,enemy.card.tigerclaw-00.PlayedUnresolved,敌方玩家公开的tigerclaw-00处于已揭示尚未结算的数量,该组匹配数量/全场玩家数（当前为4）,没有则0；他人Selected被投影为InHand,0.0
state,1614,1614,他人牌区,enemy.card.tigerclaw-00.PlayedResolved,敌方玩家公开的tigerclaw-00处于已结算的数量,该组匹配数量/全场玩家数（当前为4）,没有则0；他人Selected被投影为InHand,0.0
state,1615,1615,他人牌区,enemy.card.tigerclaw-00.Discarded,敌方玩家公开的tigerclaw-00处于已弃置的数量,该组匹配数量/全场玩家数（当前为4）,没有则0；他人Selected被投影为InHand,0.0
state,1616,1616,他人牌区,enemy.card.tigerclaw-02.InHand,敌方玩家公开的tigerclaw-02处于在手的数量,该组匹配数量/全场玩家数（当前为4）,没有则0；他人Selected被投影为InHand,0.0
state,1617,1617,他人牌区,enemy.card.tigerclaw-02.Selected,敌方玩家公开的tigerclaw-02处于本人已暗选的数量,该组匹配数量/全场玩家数（当前为4）,没有则0；他人Selected被投影为InHand,0.0
state,1618,1618,他人牌区,enemy.card.tigerclaw-02.PlayedUnresolved,敌方玩家公开的tigerclaw-02处于已揭示尚未结算的数量,该组匹配数量/全场玩家数（当前为4）,没有则0；他人Selected被投影为InHand,0.0
state,1619,1619,他人牌区,enemy.card.tigerclaw-02.PlayedResolved,敌方玩家公开的tigerclaw-02处于已结算的数量,该组匹配数量/全场玩家数（当前为4）,没有则0；他人Selected被投影为InHand,0.0
state,1620,1620,他人牌区,enemy.card.tigerclaw-02.Discarded,敌方玩家公开的tigerclaw-02处于已弃置的数量,该组匹配数量/全场玩家数（当前为4）,没有则0；他人Selected被投影为InHand,0.0
state,1621,1621,他人牌区,enemy.card.tigerclaw-03.InHand,敌方玩家公开的tigerclaw-03处于在手的数量,该组匹配数量/全场玩家数（当前为4）,没有则0；他人Selected被投影为InHand,0.0
state,1622,1622,他人牌区,enemy.card.tigerclaw-03.Selected,敌方玩家公开的tigerclaw-03处于本人已暗选的数量,该组匹配数量/全场玩家数（当前为4）,没有则0；他人Selected被投影为InHand,0.0
state,1623,1623,他人牌区,enemy.card.tigerclaw-03.PlayedUnresolved,敌方玩家公开的tigerclaw-03处于已揭示尚未结算的数量,该组匹配数量/全场玩家数（当前为4）,没有则0；他人Selected被投影为InHand,0.0
state,1624,1624,他人牌区,enemy.card.tigerclaw-03.PlayedResolved,敌方玩家公开的tigerclaw-03处于已结算的数量,该组匹配数量/全场玩家数（当前为4）,没有则0；他人Selected被投影为InHand,0.0
state,1625,1625,他人牌区,enemy.card.tigerclaw-03.Discarded,敌方玩家公开的tigerclaw-03处于已弃置的数量,该组匹配数量/全场玩家数（当前为4）,没有则0；他人Selected被投影为InHand,0.0
state,1626,1626,他人牌区,enemy.card.tigerclaw-04.InHand,敌方玩家公开的tigerclaw-04处于在手的数量,该组匹配数量/全场玩家数（当前为4）,没有则0；他人Selected被投影为InHand,0.0
state,1627,1627,他人牌区,enemy.card.tigerclaw-04.Selected,敌方玩家公开的tigerclaw-04处于本人已暗选的数量,该组匹配数量/全场玩家数（当前为4）,没有则0；他人Selected被投影为InHand,0.0
state,1628,1628,他人牌区,enemy.card.tigerclaw-04.PlayedUnresolved,敌方玩家公开的tigerclaw-04处于已揭示尚未结算的数量,该组匹配数量/全场玩家数（当前为4）,没有则0；他人Selected被投影为InHand,0.0
state,1629,1629,他人牌区,enemy.card.tigerclaw-04.PlayedResolved,敌方玩家公开的tigerclaw-04处于已结算的数量,该组匹配数量/全场玩家数（当前为4）,没有则0；他人Selected被投影为InHand,0.0
state,1630,1630,他人牌区,enemy.card.tigerclaw-04.Discarded,敌方玩家公开的tigerclaw-04处于已弃置的数量,该组匹配数量/全场玩家数（当前为4）,没有则0；他人Selected被投影为InHand,0.0
state,1631,1631,他人牌区,enemy.card.tigerclaw-05.InHand,敌方玩家公开的tigerclaw-05处于在手的数量,该组匹配数量/全场玩家数（当前为4）,没有则0；他人Selected被投影为InHand,0.0
state,1632,1632,他人牌区,enemy.card.tigerclaw-05.Selected,敌方玩家公开的tigerclaw-05处于本人已暗选的数量,该组匹配数量/全场玩家数（当前为4）,没有则0；他人Selected被投影为InHand,0.0
state,1633,1633,他人牌区,enemy.card.tigerclaw-05.PlayedUnresolved,敌方玩家公开的tigerclaw-05处于已揭示尚未结算的数量,该组匹配数量/全场玩家数（当前为4）,没有则0；他人Selected被投影为InHand,0.0
state,1634,1634,他人牌区,enemy.card.tigerclaw-05.PlayedResolved,敌方玩家公开的tigerclaw-05处于已结算的数量,该组匹配数量/全场玩家数（当前为4）,没有则0；他人Selected被投影为InHand,0.0
state,1635,1635,他人牌区,enemy.card.tigerclaw-05.Discarded,敌方玩家公开的tigerclaw-05处于已弃置的数量,该组匹配数量/全场玩家数（当前为4）,没有则0；他人Selected被投影为InHand,0.0
state,1636,1636,他人牌区,enemy.card.tigerclaw-06.InHand,敌方玩家公开的tigerclaw-06处于在手的数量,该组匹配数量/全场玩家数（当前为4）,没有则0；他人Selected被投影为InHand,0.0
state,1637,1637,他人牌区,enemy.card.tigerclaw-06.Selected,敌方玩家公开的tigerclaw-06处于本人已暗选的数量,该组匹配数量/全场玩家数（当前为4）,没有则0；他人Selected被投影为InHand,0.0
state,1638,1638,他人牌区,enemy.card.tigerclaw-06.PlayedUnresolved,敌方玩家公开的tigerclaw-06处于已揭示尚未结算的数量,该组匹配数量/全场玩家数（当前为4）,没有则0；他人Selected被投影为InHand,0.0
state,1639,1639,他人牌区,enemy.card.tigerclaw-06.PlayedResolved,敌方玩家公开的tigerclaw-06处于已结算的数量,该组匹配数量/全场玩家数（当前为4）,没有则0；他人Selected被投影为InHand,0.0
state,1640,1640,他人牌区,enemy.card.tigerclaw-06.Discarded,敌方玩家公开的tigerclaw-06处于已弃置的数量,该组匹配数量/全场玩家数（当前为4）,没有则0；他人Selected被投影为InHand,0.0
state,1641,1641,他人牌区,enemy.card.tigerclaw-07.InHand,敌方玩家公开的tigerclaw-07处于在手的数量,该组匹配数量/全场玩家数（当前为4）,没有则0；他人Selected被投影为InHand,0.0
state,1642,1642,他人牌区,enemy.card.tigerclaw-07.Selected,敌方玩家公开的tigerclaw-07处于本人已暗选的数量,该组匹配数量/全场玩家数（当前为4）,没有则0；他人Selected被投影为InHand,0.0
state,1643,1643,他人牌区,enemy.card.tigerclaw-07.PlayedUnresolved,敌方玩家公开的tigerclaw-07处于已揭示尚未结算的数量,该组匹配数量/全场玩家数（当前为4）,没有则0；他人Selected被投影为InHand,0.0
state,1644,1644,他人牌区,enemy.card.tigerclaw-07.PlayedResolved,敌方玩家公开的tigerclaw-07处于已结算的数量,该组匹配数量/全场玩家数（当前为4）,没有则0；他人Selected被投影为InHand,0.0
state,1645,1645,他人牌区,enemy.card.tigerclaw-07.Discarded,敌方玩家公开的tigerclaw-07处于已弃置的数量,该组匹配数量/全场玩家数（当前为4）,没有则0；他人Selected被投影为InHand,0.0
state,1646,1646,他人牌区,enemy.card.tigerclaw-08.InHand,敌方玩家公开的tigerclaw-08处于在手的数量,该组匹配数量/全场玩家数（当前为4）,没有则0；他人Selected被投影为InHand,0.0
state,1647,1647,他人牌区,enemy.card.tigerclaw-08.Selected,敌方玩家公开的tigerclaw-08处于本人已暗选的数量,该组匹配数量/全场玩家数（当前为4）,没有则0；他人Selected被投影为InHand,0.0
state,1648,1648,他人牌区,enemy.card.tigerclaw-08.PlayedUnresolved,敌方玩家公开的tigerclaw-08处于已揭示尚未结算的数量,该组匹配数量/全场玩家数（当前为4）,没有则0；他人Selected被投影为InHand,0.0
state,1649,1649,他人牌区,enemy.card.tigerclaw-08.PlayedResolved,敌方玩家公开的tigerclaw-08处于已结算的数量,该组匹配数量/全场玩家数（当前为4）,没有则0；他人Selected被投影为InHand,0.0
state,1650,1650,他人牌区,enemy.card.tigerclaw-08.Discarded,敌方玩家公开的tigerclaw-08处于已弃置的数量,该组匹配数量/全场玩家数（当前为4）,没有则0；他人Selected被投影为InHand,0.0
state,1651,1651,他人牌区,enemy.card.tigerclaw-09.InHand,敌方玩家公开的tigerclaw-09处于在手的数量,该组匹配数量/全场玩家数（当前为4）,没有则0；他人Selected被投影为InHand,0.0
state,1652,1652,他人牌区,enemy.card.tigerclaw-09.Selected,敌方玩家公开的tigerclaw-09处于本人已暗选的数量,该组匹配数量/全场玩家数（当前为4）,没有则0；他人Selected被投影为InHand,0.0
state,1653,1653,他人牌区,enemy.card.tigerclaw-09.PlayedUnresolved,敌方玩家公开的tigerclaw-09处于已揭示尚未结算的数量,该组匹配数量/全场玩家数（当前为4）,没有则0；他人Selected被投影为InHand,0.0
state,1654,1654,他人牌区,enemy.card.tigerclaw-09.PlayedResolved,敌方玩家公开的tigerclaw-09处于已结算的数量,该组匹配数量/全场玩家数（当前为4）,没有则0；他人Selected被投影为InHand,0.0
state,1655,1655,他人牌区,enemy.card.tigerclaw-09.Discarded,敌方玩家公开的tigerclaw-09处于已弃置的数量,该组匹配数量/全场玩家数（当前为4）,没有则0；他人Selected被投影为InHand,0.0
state,1656,1656,他人牌区,enemy.card.tigerclaw-10.InHand,敌方玩家公开的tigerclaw-10处于在手的数量,该组匹配数量/全场玩家数（当前为4）,没有则0；他人Selected被投影为InHand,0.0
state,1657,1657,他人牌区,enemy.card.tigerclaw-10.Selected,敌方玩家公开的tigerclaw-10处于本人已暗选的数量,该组匹配数量/全场玩家数（当前为4）,没有则0；他人Selected被投影为InHand,0.0
state,1658,1658,他人牌区,enemy.card.tigerclaw-10.PlayedUnresolved,敌方玩家公开的tigerclaw-10处于已揭示尚未结算的数量,该组匹配数量/全场玩家数（当前为4）,没有则0；他人Selected被投影为InHand,0.0
state,1659,1659,他人牌区,enemy.card.tigerclaw-10.PlayedResolved,敌方玩家公开的tigerclaw-10处于已结算的数量,该组匹配数量/全场玩家数（当前为4）,没有则0；他人Selected被投影为InHand,0.0
state,1660,1660,他人牌区,enemy.card.tigerclaw-10.Discarded,敌方玩家公开的tigerclaw-10处于已弃置的数量,该组匹配数量/全场玩家数（当前为4）,没有则0；他人Selected被投影为InHand,0.0
state,1661,1661,他人牌区,enemy.card.tigerclaw-11.InHand,敌方玩家公开的tigerclaw-11处于在手的数量,该组匹配数量/全场玩家数（当前为4）,没有则0；他人Selected被投影为InHand,0.0
state,1662,1662,他人牌区,enemy.card.tigerclaw-11.Selected,敌方玩家公开的tigerclaw-11处于本人已暗选的数量,该组匹配数量/全场玩家数（当前为4）,没有则0；他人Selected被投影为InHand,0.0
state,1663,1663,他人牌区,enemy.card.tigerclaw-11.PlayedUnresolved,敌方玩家公开的tigerclaw-11处于已揭示尚未结算的数量,该组匹配数量/全场玩家数（当前为4）,没有则0；他人Selected被投影为InHand,0.0
state,1664,1664,他人牌区,enemy.card.tigerclaw-11.PlayedResolved,敌方玩家公开的tigerclaw-11处于已结算的数量,该组匹配数量/全场玩家数（当前为4）,没有则0；他人Selected被投影为InHand,0.0
state,1665,1665,他人牌区,enemy.card.tigerclaw-11.Discarded,敌方玩家公开的tigerclaw-11处于已弃置的数量,该组匹配数量/全场玩家数（当前为4）,没有则0；他人Selected被投影为InHand,0.0
state,1666,1666,他人牌区,enemy.card.tigerclaw-12.InHand,敌方玩家公开的tigerclaw-12处于在手的数量,该组匹配数量/全场玩家数（当前为4）,没有则0；他人Selected被投影为InHand,0.0
state,1667,1667,他人牌区,enemy.card.tigerclaw-12.Selected,敌方玩家公开的tigerclaw-12处于本人已暗选的数量,该组匹配数量/全场玩家数（当前为4）,没有则0；他人Selected被投影为InHand,0.0
state,1668,1668,他人牌区,enemy.card.tigerclaw-12.PlayedUnresolved,敌方玩家公开的tigerclaw-12处于已揭示尚未结算的数量,该组匹配数量/全场玩家数（当前为4）,没有则0；他人Selected被投影为InHand,0.0
state,1669,1669,他人牌区,enemy.card.tigerclaw-12.PlayedResolved,敌方玩家公开的tigerclaw-12处于已结算的数量,该组匹配数量/全场玩家数（当前为4）,没有则0；他人Selected被投影为InHand,0.0
state,1670,1670,他人牌区,enemy.card.tigerclaw-12.Discarded,敌方玩家公开的tigerclaw-12处于已弃置的数量,该组匹配数量/全场玩家数（当前为4）,没有则0；他人Selected被投影为InHand,0.0
state,1671,1671,他人牌区,enemy.card.tigerclaw-13.InHand,敌方玩家公开的tigerclaw-13处于在手的数量,该组匹配数量/全场玩家数（当前为4）,没有则0；他人Selected被投影为InHand,0.0
state,1672,1672,他人牌区,enemy.card.tigerclaw-13.Selected,敌方玩家公开的tigerclaw-13处于本人已暗选的数量,该组匹配数量/全场玩家数（当前为4）,没有则0；他人Selected被投影为InHand,0.0
state,1673,1673,他人牌区,enemy.card.tigerclaw-13.PlayedUnresolved,敌方玩家公开的tigerclaw-13处于已揭示尚未结算的数量,该组匹配数量/全场玩家数（当前为4）,没有则0；他人Selected被投影为InHand,0.0
state,1674,1674,他人牌区,enemy.card.tigerclaw-13.PlayedResolved,敌方玩家公开的tigerclaw-13处于已结算的数量,该组匹配数量/全场玩家数（当前为4）,没有则0；他人Selected被投影为InHand,0.0
state,1675,1675,他人牌区,enemy.card.tigerclaw-13.Discarded,敌方玩家公开的tigerclaw-13处于已弃置的数量,该组匹配数量/全场玩家数（当前为4）,没有则0；他人Selected被投影为InHand,0.0
state,1676,1676,他人牌区,enemy.card.tigerclaw-14.InHand,敌方玩家公开的tigerclaw-14处于在手的数量,该组匹配数量/全场玩家数（当前为4）,没有则0；他人Selected被投影为InHand,0.0
state,1677,1677,他人牌区,enemy.card.tigerclaw-14.Selected,敌方玩家公开的tigerclaw-14处于本人已暗选的数量,该组匹配数量/全场玩家数（当前为4）,没有则0；他人Selected被投影为InHand,0.0
state,1678,1678,他人牌区,enemy.card.tigerclaw-14.PlayedUnresolved,敌方玩家公开的tigerclaw-14处于已揭示尚未结算的数量,该组匹配数量/全场玩家数（当前为4）,没有则0；他人Selected被投影为InHand,0.0
state,1679,1679,他人牌区,enemy.card.tigerclaw-14.PlayedResolved,敌方玩家公开的tigerclaw-14处于已结算的数量,该组匹配数量/全场玩家数（当前为4）,没有则0；他人Selected被投影为InHand,0.0
state,1680,1680,他人牌区,enemy.card.tigerclaw-14.Discarded,敌方玩家公开的tigerclaw-14处于已弃置的数量,该组匹配数量/全场玩家数（当前为4）,没有则0；他人Selected被投影为InHand,0.0
state,1681,1681,他人牌区,enemy.card.tigerclaw-15.InHand,敌方玩家公开的tigerclaw-15处于在手的数量,该组匹配数量/全场玩家数（当前为4）,没有则0；他人Selected被投影为InHand,0.0
state,1682,1682,他人牌区,enemy.card.tigerclaw-15.Selected,敌方玩家公开的tigerclaw-15处于本人已暗选的数量,该组匹配数量/全场玩家数（当前为4）,没有则0；他人Selected被投影为InHand,0.0
state,1683,1683,他人牌区,enemy.card.tigerclaw-15.PlayedUnresolved,敌方玩家公开的tigerclaw-15处于已揭示尚未结算的数量,该组匹配数量/全场玩家数（当前为4）,没有则0；他人Selected被投影为InHand,0.0
state,1684,1684,他人牌区,enemy.card.tigerclaw-15.PlayedResolved,敌方玩家公开的tigerclaw-15处于已结算的数量,该组匹配数量/全场玩家数（当前为4）,没有则0；他人Selected被投影为InHand,0.0
state,1685,1685,他人牌区,enemy.card.tigerclaw-15.Discarded,敌方玩家公开的tigerclaw-15处于已弃置的数量,该组匹配数量/全场玩家数（当前为4）,没有则0；他人Selected被投影为InHand,0.0
state,1686,1686,他人牌区,enemy.card.tigerclaw-16.InHand,敌方玩家公开的tigerclaw-16处于在手的数量,该组匹配数量/全场玩家数（当前为4）,没有则0；他人Selected被投影为InHand,0.0
state,1687,1687,他人牌区,enemy.card.tigerclaw-16.Selected,敌方玩家公开的tigerclaw-16处于本人已暗选的数量,该组匹配数量/全场玩家数（当前为4）,没有则0；他人Selected被投影为InHand,0.0
state,1688,1688,他人牌区,enemy.card.tigerclaw-16.PlayedUnresolved,敌方玩家公开的tigerclaw-16处于已揭示尚未结算的数量,该组匹配数量/全场玩家数（当前为4）,没有则0；他人Selected被投影为InHand,0.0
state,1689,1689,他人牌区,enemy.card.tigerclaw-16.PlayedResolved,敌方玩家公开的tigerclaw-16处于已结算的数量,该组匹配数量/全场玩家数（当前为4）,没有则0；他人Selected被投影为InHand,0.0
state,1690,1690,他人牌区,enemy.card.tigerclaw-16.Discarded,敌方玩家公开的tigerclaw-16处于已弃置的数量,该组匹配数量/全场玩家数（当前为4）,没有则0；他人Selected被投影为InHand,0.0
state,1691,1691,他人牌区,enemy.card.tigerclaw-17.InHand,敌方玩家公开的tigerclaw-17处于在手的数量,该组匹配数量/全场玩家数（当前为4）,没有则0；他人Selected被投影为InHand,0.0
state,1692,1692,他人牌区,enemy.card.tigerclaw-17.Selected,敌方玩家公开的tigerclaw-17处于本人已暗选的数量,该组匹配数量/全场玩家数（当前为4）,没有则0；他人Selected被投影为InHand,0.0
state,1693,1693,他人牌区,enemy.card.tigerclaw-17.PlayedUnresolved,敌方玩家公开的tigerclaw-17处于已揭示尚未结算的数量,该组匹配数量/全场玩家数（当前为4）,没有则0；他人Selected被投影为InHand,0.0
state,1694,1694,他人牌区,enemy.card.tigerclaw-17.PlayedResolved,敌方玩家公开的tigerclaw-17处于已结算的数量,该组匹配数量/全场玩家数（当前为4）,没有则0；他人Selected被投影为InHand,0.0
state,1695,1695,他人牌区,enemy.card.tigerclaw-17.Discarded,敌方玩家公开的tigerclaw-17处于已弃置的数量,该组匹配数量/全场玩家数（当前为4）,没有则0；他人Selected被投影为InHand,0.0
state,1696,1696,他人牌区,enemy.card.tigerclaw-18.InHand,敌方玩家公开的tigerclaw-18处于在手的数量,该组匹配数量/全场玩家数（当前为4）,没有则0；他人Selected被投影为InHand,0.0
state,1697,1697,他人牌区,enemy.card.tigerclaw-18.Selected,敌方玩家公开的tigerclaw-18处于本人已暗选的数量,该组匹配数量/全场玩家数（当前为4）,没有则0；他人Selected被投影为InHand,0.0
state,1698,1698,他人牌区,enemy.card.tigerclaw-18.PlayedUnresolved,敌方玩家公开的tigerclaw-18处于已揭示尚未结算的数量,该组匹配数量/全场玩家数（当前为4）,没有则0；他人Selected被投影为InHand,0.0
state,1699,1699,他人牌区,enemy.card.tigerclaw-18.PlayedResolved,敌方玩家公开的tigerclaw-18处于已结算的数量,该组匹配数量/全场玩家数（当前为4）,没有则0；他人Selected被投影为InHand,0.0
state,1700,1700,他人牌区,enemy.card.tigerclaw-18.Discarded,敌方玩家公开的tigerclaw-18处于已弃置的数量,该组匹配数量/全场玩家数（当前为4）,没有则0；他人Selected被投影为InHand,0.0
state,1701,1701,他人牌区,enemy.card.wasp-00.InHand,敌方玩家公开的wasp-00处于在手的数量,该组匹配数量/全场玩家数（当前为4）,没有则0；他人Selected被投影为InHand,0.25
state,1702,1702,他人牌区,enemy.card.wasp-00.Selected,敌方玩家公开的wasp-00处于本人已暗选的数量,该组匹配数量/全场玩家数（当前为4）,没有则0；他人Selected被投影为InHand,0.0
state,1703,1703,他人牌区,enemy.card.wasp-00.PlayedUnresolved,敌方玩家公开的wasp-00处于已揭示尚未结算的数量,该组匹配数量/全场玩家数（当前为4）,没有则0；他人Selected被投影为InHand,0.0
state,1704,1704,他人牌区,enemy.card.wasp-00.PlayedResolved,敌方玩家公开的wasp-00处于已结算的数量,该组匹配数量/全场玩家数（当前为4）,没有则0；他人Selected被投影为InHand,0.0
state,1705,1705,他人牌区,enemy.card.wasp-00.Discarded,敌方玩家公开的wasp-00处于已弃置的数量,该组匹配数量/全场玩家数（当前为4）,没有则0；他人Selected被投影为InHand,0.0
state,1706,1706,他人牌区,enemy.card.wasp-01.InHand,敌方玩家公开的wasp-01处于在手的数量,该组匹配数量/全场玩家数（当前为4）,没有则0；他人Selected被投影为InHand,0.25
state,1707,1707,他人牌区,enemy.card.wasp-01.Selected,敌方玩家公开的wasp-01处于本人已暗选的数量,该组匹配数量/全场玩家数（当前为4）,没有则0；他人Selected被投影为InHand,0.0
state,1708,1708,他人牌区,enemy.card.wasp-01.PlayedUnresolved,敌方玩家公开的wasp-01处于已揭示尚未结算的数量,该组匹配数量/全场玩家数（当前为4）,没有则0；他人Selected被投影为InHand,0.0
state,1709,1709,他人牌区,enemy.card.wasp-01.PlayedResolved,敌方玩家公开的wasp-01处于已结算的数量,该组匹配数量/全场玩家数（当前为4）,没有则0；他人Selected被投影为InHand,0.0
state,1710,1710,他人牌区,enemy.card.wasp-01.Discarded,敌方玩家公开的wasp-01处于已弃置的数量,该组匹配数量/全场玩家数（当前为4）,没有则0；他人Selected被投影为InHand,0.0
state,1711,1711,他人牌区,enemy.card.wasp-02.InHand,敌方玩家公开的wasp-02处于在手的数量,该组匹配数量/全场玩家数（当前为4）,没有则0；他人Selected被投影为InHand,0.0
state,1712,1712,他人牌区,enemy.card.wasp-02.Selected,敌方玩家公开的wasp-02处于本人已暗选的数量,该组匹配数量/全场玩家数（当前为4）,没有则0；他人Selected被投影为InHand,0.0
state,1713,1713,他人牌区,enemy.card.wasp-02.PlayedUnresolved,敌方玩家公开的wasp-02处于已揭示尚未结算的数量,该组匹配数量/全场玩家数（当前为4）,没有则0；他人Selected被投影为InHand,0.0
state,1714,1714,他人牌区,enemy.card.wasp-02.PlayedResolved,敌方玩家公开的wasp-02处于已结算的数量,该组匹配数量/全场玩家数（当前为4）,没有则0；他人Selected被投影为InHand,0.0
state,1715,1715,他人牌区,enemy.card.wasp-02.Discarded,敌方玩家公开的wasp-02处于已弃置的数量,该组匹配数量/全场玩家数（当前为4）,没有则0；他人Selected被投影为InHand,0.0
state,1716,1716,他人牌区,enemy.card.wasp-03.InHand,敌方玩家公开的wasp-03处于在手的数量,该组匹配数量/全场玩家数（当前为4）,没有则0；他人Selected被投影为InHand,0.0
state,1717,1717,他人牌区,enemy.card.wasp-03.Selected,敌方玩家公开的wasp-03处于本人已暗选的数量,该组匹配数量/全场玩家数（当前为4）,没有则0；他人Selected被投影为InHand,0.0
state,1718,1718,他人牌区,enemy.card.wasp-03.PlayedUnresolved,敌方玩家公开的wasp-03处于已揭示尚未结算的数量,该组匹配数量/全场玩家数（当前为4）,没有则0；他人Selected被投影为InHand,0.0
state,1719,1719,他人牌区,enemy.card.wasp-03.PlayedResolved,敌方玩家公开的wasp-03处于已结算的数量,该组匹配数量/全场玩家数（当前为4）,没有则0；他人Selected被投影为InHand,0.0
state,1720,1720,他人牌区,enemy.card.wasp-03.Discarded,敌方玩家公开的wasp-03处于已弃置的数量,该组匹配数量/全场玩家数（当前为4）,没有则0；他人Selected被投影为InHand,0.0
state,1721,1721,他人牌区,enemy.card.wasp-04.InHand,敌方玩家公开的wasp-04处于在手的数量,该组匹配数量/全场玩家数（当前为4）,没有则0；他人Selected被投影为InHand,0.0
state,1722,1722,他人牌区,enemy.card.wasp-04.Selected,敌方玩家公开的wasp-04处于本人已暗选的数量,该组匹配数量/全场玩家数（当前为4）,没有则0；他人Selected被投影为InHand,0.0
state,1723,1723,他人牌区,enemy.card.wasp-04.PlayedUnresolved,敌方玩家公开的wasp-04处于已揭示尚未结算的数量,该组匹配数量/全场玩家数（当前为4）,没有则0；他人Selected被投影为InHand,0.0
state,1724,1724,他人牌区,enemy.card.wasp-04.PlayedResolved,敌方玩家公开的wasp-04处于已结算的数量,该组匹配数量/全场玩家数（当前为4）,没有则0；他人Selected被投影为InHand,0.0
state,1725,1725,他人牌区,enemy.card.wasp-04.Discarded,敌方玩家公开的wasp-04处于已弃置的数量,该组匹配数量/全场玩家数（当前为4）,没有则0；他人Selected被投影为InHand,0.0
state,1726,1726,他人牌区,enemy.card.wasp-05.InHand,敌方玩家公开的wasp-05处于在手的数量,该组匹配数量/全场玩家数（当前为4）,没有则0；他人Selected被投影为InHand,0.0
state,1727,1727,他人牌区,enemy.card.wasp-05.Selected,敌方玩家公开的wasp-05处于本人已暗选的数量,该组匹配数量/全场玩家数（当前为4）,没有则0；他人Selected被投影为InHand,0.0
state,1728,1728,他人牌区,enemy.card.wasp-05.PlayedUnresolved,敌方玩家公开的wasp-05处于已揭示尚未结算的数量,该组匹配数量/全场玩家数（当前为4）,没有则0；他人Selected被投影为InHand,0.0
state,1729,1729,他人牌区,enemy.card.wasp-05.PlayedResolved,敌方玩家公开的wasp-05处于已结算的数量,该组匹配数量/全场玩家数（当前为4）,没有则0；他人Selected被投影为InHand,0.0
state,1730,1730,他人牌区,enemy.card.wasp-05.Discarded,敌方玩家公开的wasp-05处于已弃置的数量,该组匹配数量/全场玩家数（当前为4）,没有则0；他人Selected被投影为InHand,0.0
state,1731,1731,他人牌区,enemy.card.wasp-06.InHand,敌方玩家公开的wasp-06处于在手的数量,该组匹配数量/全场玩家数（当前为4）,没有则0；他人Selected被投影为InHand,0.25
state,1732,1732,他人牌区,enemy.card.wasp-06.Selected,敌方玩家公开的wasp-06处于本人已暗选的数量,该组匹配数量/全场玩家数（当前为4）,没有则0；他人Selected被投影为InHand,0.0
state,1733,1733,他人牌区,enemy.card.wasp-06.PlayedUnresolved,敌方玩家公开的wasp-06处于已揭示尚未结算的数量,该组匹配数量/全场玩家数（当前为4）,没有则0；他人Selected被投影为InHand,0.0
state,1734,1734,他人牌区,enemy.card.wasp-06.PlayedResolved,敌方玩家公开的wasp-06处于已结算的数量,该组匹配数量/全场玩家数（当前为4）,没有则0；他人Selected被投影为InHand,0.0
state,1735,1735,他人牌区,enemy.card.wasp-06.Discarded,敌方玩家公开的wasp-06处于已弃置的数量,该组匹配数量/全场玩家数（当前为4）,没有则0；他人Selected被投影为InHand,0.0
state,1736,1736,他人牌区,enemy.card.wasp-07.InHand,敌方玩家公开的wasp-07处于在手的数量,该组匹配数量/全场玩家数（当前为4）,没有则0；他人Selected被投影为InHand,0.25
state,1737,1737,他人牌区,enemy.card.wasp-07.Selected,敌方玩家公开的wasp-07处于本人已暗选的数量,该组匹配数量/全场玩家数（当前为4）,没有则0；他人Selected被投影为InHand,0.0
state,1738,1738,他人牌区,enemy.card.wasp-07.PlayedUnresolved,敌方玩家公开的wasp-07处于已揭示尚未结算的数量,该组匹配数量/全场玩家数（当前为4）,没有则0；他人Selected被投影为InHand,0.0
state,1739,1739,他人牌区,enemy.card.wasp-07.PlayedResolved,敌方玩家公开的wasp-07处于已结算的数量,该组匹配数量/全场玩家数（当前为4）,没有则0；他人Selected被投影为InHand,0.0
state,1740,1740,他人牌区,enemy.card.wasp-07.Discarded,敌方玩家公开的wasp-07处于已弃置的数量,该组匹配数量/全场玩家数（当前为4）,没有则0；他人Selected被投影为InHand,0.0
state,1741,1741,他人牌区,enemy.card.wasp-08.InHand,敌方玩家公开的wasp-08处于在手的数量,该组匹配数量/全场玩家数（当前为4）,没有则0；他人Selected被投影为InHand,0.0
state,1742,1742,他人牌区,enemy.card.wasp-08.Selected,敌方玩家公开的wasp-08处于本人已暗选的数量,该组匹配数量/全场玩家数（当前为4）,没有则0；他人Selected被投影为InHand,0.0
state,1743,1743,他人牌区,enemy.card.wasp-08.PlayedUnresolved,敌方玩家公开的wasp-08处于已揭示尚未结算的数量,该组匹配数量/全场玩家数（当前为4）,没有则0；他人Selected被投影为InHand,0.0
state,1744,1744,他人牌区,enemy.card.wasp-08.PlayedResolved,敌方玩家公开的wasp-08处于已结算的数量,该组匹配数量/全场玩家数（当前为4）,没有则0；他人Selected被投影为InHand,0.0
state,1745,1745,他人牌区,enemy.card.wasp-08.Discarded,敌方玩家公开的wasp-08处于已弃置的数量,该组匹配数量/全场玩家数（当前为4）,没有则0；他人Selected被投影为InHand,0.0
state,1746,1746,他人牌区,enemy.card.wasp-09.InHand,敌方玩家公开的wasp-09处于在手的数量,该组匹配数量/全场玩家数（当前为4）,没有则0；他人Selected被投影为InHand,0.0
state,1747,1747,他人牌区,enemy.card.wasp-09.Selected,敌方玩家公开的wasp-09处于本人已暗选的数量,该组匹配数量/全场玩家数（当前为4）,没有则0；他人Selected被投影为InHand,0.0
state,1748,1748,他人牌区,enemy.card.wasp-09.PlayedUnresolved,敌方玩家公开的wasp-09处于已揭示尚未结算的数量,该组匹配数量/全场玩家数（当前为4）,没有则0；他人Selected被投影为InHand,0.0
state,1749,1749,他人牌区,enemy.card.wasp-09.PlayedResolved,敌方玩家公开的wasp-09处于已结算的数量,该组匹配数量/全场玩家数（当前为4）,没有则0；他人Selected被投影为InHand,0.0
state,1750,1750,他人牌区,enemy.card.wasp-09.Discarded,敌方玩家公开的wasp-09处于已弃置的数量,该组匹配数量/全场玩家数（当前为4）,没有则0；他人Selected被投影为InHand,0.0
state,1751,1751,他人牌区,enemy.card.wasp-10.InHand,敌方玩家公开的wasp-10处于在手的数量,该组匹配数量/全场玩家数（当前为4）,没有则0；他人Selected被投影为InHand,0.0
state,1752,1752,他人牌区,enemy.card.wasp-10.Selected,敌方玩家公开的wasp-10处于本人已暗选的数量,该组匹配数量/全场玩家数（当前为4）,没有则0；他人Selected被投影为InHand,0.0
state,1753,1753,他人牌区,enemy.card.wasp-10.PlayedUnresolved,敌方玩家公开的wasp-10处于已揭示尚未结算的数量,该组匹配数量/全场玩家数（当前为4）,没有则0；他人Selected被投影为InHand,0.0
state,1754,1754,他人牌区,enemy.card.wasp-10.PlayedResolved,敌方玩家公开的wasp-10处于已结算的数量,该组匹配数量/全场玩家数（当前为4）,没有则0；他人Selected被投影为InHand,0.0
state,1755,1755,他人牌区,enemy.card.wasp-10.Discarded,敌方玩家公开的wasp-10处于已弃置的数量,该组匹配数量/全场玩家数（当前为4）,没有则0；他人Selected被投影为InHand,0.0
state,1756,1756,他人牌区,enemy.card.wasp-11.InHand,敌方玩家公开的wasp-11处于在手的数量,该组匹配数量/全场玩家数（当前为4）,没有则0；他人Selected被投影为InHand,0.0
state,1757,1757,他人牌区,enemy.card.wasp-11.Selected,敌方玩家公开的wasp-11处于本人已暗选的数量,该组匹配数量/全场玩家数（当前为4）,没有则0；他人Selected被投影为InHand,0.0
state,1758,1758,他人牌区,enemy.card.wasp-11.PlayedUnresolved,敌方玩家公开的wasp-11处于已揭示尚未结算的数量,该组匹配数量/全场玩家数（当前为4）,没有则0；他人Selected被投影为InHand,0.0
state,1759,1759,他人牌区,enemy.card.wasp-11.PlayedResolved,敌方玩家公开的wasp-11处于已结算的数量,该组匹配数量/全场玩家数（当前为4）,没有则0；他人Selected被投影为InHand,0.0
state,1760,1760,他人牌区,enemy.card.wasp-11.Discarded,敌方玩家公开的wasp-11处于已弃置的数量,该组匹配数量/全场玩家数（当前为4）,没有则0；他人Selected被投影为InHand,0.0
state,1761,1761,他人牌区,enemy.card.wasp-12.InHand,敌方玩家公开的wasp-12处于在手的数量,该组匹配数量/全场玩家数（当前为4）,没有则0；他人Selected被投影为InHand,0.0
state,1762,1762,他人牌区,enemy.card.wasp-12.Selected,敌方玩家公开的wasp-12处于本人已暗选的数量,该组匹配数量/全场玩家数（当前为4）,没有则0；他人Selected被投影为InHand,0.0
state,1763,1763,他人牌区,enemy.card.wasp-12.PlayedUnresolved,敌方玩家公开的wasp-12处于已揭示尚未结算的数量,该组匹配数量/全场玩家数（当前为4）,没有则0；他人Selected被投影为InHand,0.0
state,1764,1764,他人牌区,enemy.card.wasp-12.PlayedResolved,敌方玩家公开的wasp-12处于已结算的数量,该组匹配数量/全场玩家数（当前为4）,没有则0；他人Selected被投影为InHand,0.0
state,1765,1765,他人牌区,enemy.card.wasp-12.Discarded,敌方玩家公开的wasp-12处于已弃置的数量,该组匹配数量/全场玩家数（当前为4）,没有则0；他人Selected被投影为InHand,0.0
state,1766,1766,他人牌区,enemy.card.wasp-13.InHand,敌方玩家公开的wasp-13处于在手的数量,该组匹配数量/全场玩家数（当前为4）,没有则0；他人Selected被投影为InHand,0.25
state,1767,1767,他人牌区,enemy.card.wasp-13.Selected,敌方玩家公开的wasp-13处于本人已暗选的数量,该组匹配数量/全场玩家数（当前为4）,没有则0；他人Selected被投影为InHand,0.0
state,1768,1768,他人牌区,enemy.card.wasp-13.PlayedUnresolved,敌方玩家公开的wasp-13处于已揭示尚未结算的数量,该组匹配数量/全场玩家数（当前为4）,没有则0；他人Selected被投影为InHand,0.0
state,1769,1769,他人牌区,enemy.card.wasp-13.PlayedResolved,敌方玩家公开的wasp-13处于已结算的数量,该组匹配数量/全场玩家数（当前为4）,没有则0；他人Selected被投影为InHand,0.0
state,1770,1770,他人牌区,enemy.card.wasp-13.Discarded,敌方玩家公开的wasp-13处于已弃置的数量,该组匹配数量/全场玩家数（当前为4）,没有则0；他人Selected被投影为InHand,0.0
state,1771,1771,他人牌区,enemy.card.wasp-14.InHand,敌方玩家公开的wasp-14处于在手的数量,该组匹配数量/全场玩家数（当前为4）,没有则0；他人Selected被投影为InHand,0.0
state,1772,1772,他人牌区,enemy.card.wasp-14.Selected,敌方玩家公开的wasp-14处于本人已暗选的数量,该组匹配数量/全场玩家数（当前为4）,没有则0；他人Selected被投影为InHand,0.0
state,1773,1773,他人牌区,enemy.card.wasp-14.PlayedUnresolved,敌方玩家公开的wasp-14处于已揭示尚未结算的数量,该组匹配数量/全场玩家数（当前为4）,没有则0；他人Selected被投影为InHand,0.0
state,1774,1774,他人牌区,enemy.card.wasp-14.PlayedResolved,敌方玩家公开的wasp-14处于已结算的数量,该组匹配数量/全场玩家数（当前为4）,没有则0；他人Selected被投影为InHand,0.0
state,1775,1775,他人牌区,enemy.card.wasp-14.Discarded,敌方玩家公开的wasp-14处于已弃置的数量,该组匹配数量/全场玩家数（当前为4）,没有则0；他人Selected被投影为InHand,0.0
state,1776,1776,他人牌区,enemy.card.wasp-15.InHand,敌方玩家公开的wasp-15处于在手的数量,该组匹配数量/全场玩家数（当前为4）,没有则0；他人Selected被投影为InHand,0.0
state,1777,1777,他人牌区,enemy.card.wasp-15.Selected,敌方玩家公开的wasp-15处于本人已暗选的数量,该组匹配数量/全场玩家数（当前为4）,没有则0；他人Selected被投影为InHand,0.0
state,1778,1778,他人牌区,enemy.card.wasp-15.PlayedUnresolved,敌方玩家公开的wasp-15处于已揭示尚未结算的数量,该组匹配数量/全场玩家数（当前为4）,没有则0；他人Selected被投影为InHand,0.0
state,1779,1779,他人牌区,enemy.card.wasp-15.PlayedResolved,敌方玩家公开的wasp-15处于已结算的数量,该组匹配数量/全场玩家数（当前为4）,没有则0；他人Selected被投影为InHand,0.0
state,1780,1780,他人牌区,enemy.card.wasp-15.Discarded,敌方玩家公开的wasp-15处于已弃置的数量,该组匹配数量/全场玩家数（当前为4）,没有则0；他人Selected被投影为InHand,0.0
state,1781,1781,他人牌区,enemy.card.wasp-16.InHand,敌方玩家公开的wasp-16处于在手的数量,该组匹配数量/全场玩家数（当前为4）,没有则0；他人Selected被投影为InHand,0.0
state,1782,1782,他人牌区,enemy.card.wasp-16.Selected,敌方玩家公开的wasp-16处于本人已暗选的数量,该组匹配数量/全场玩家数（当前为4）,没有则0；他人Selected被投影为InHand,0.0
state,1783,1783,他人牌区,enemy.card.wasp-16.PlayedUnresolved,敌方玩家公开的wasp-16处于已揭示尚未结算的数量,该组匹配数量/全场玩家数（当前为4）,没有则0；他人Selected被投影为InHand,0.0
state,1784,1784,他人牌区,enemy.card.wasp-16.PlayedResolved,敌方玩家公开的wasp-16处于已结算的数量,该组匹配数量/全场玩家数（当前为4）,没有则0；他人Selected被投影为InHand,0.0
state,1785,1785,他人牌区,enemy.card.wasp-16.Discarded,敌方玩家公开的wasp-16处于已弃置的数量,该组匹配数量/全场玩家数（当前为4）,没有则0；他人Selected被投影为InHand,0.0
state,1786,1786,他人牌区,enemy.card.wasp-17.InHand,敌方玩家公开的wasp-17处于在手的数量,该组匹配数量/全场玩家数（当前为4）,没有则0；他人Selected被投影为InHand,0.0
state,1787,1787,他人牌区,enemy.card.wasp-17.Selected,敌方玩家公开的wasp-17处于本人已暗选的数量,该组匹配数量/全场玩家数（当前为4）,没有则0；他人Selected被投影为InHand,0.0
state,1788,1788,他人牌区,enemy.card.wasp-17.PlayedUnresolved,敌方玩家公开的wasp-17处于已揭示尚未结算的数量,该组匹配数量/全场玩家数（当前为4）,没有则0；他人Selected被投影为InHand,0.0
state,1789,1789,他人牌区,enemy.card.wasp-17.PlayedResolved,敌方玩家公开的wasp-17处于已结算的数量,该组匹配数量/全场玩家数（当前为4）,没有则0；他人Selected被投影为InHand,0.0
state,1790,1790,他人牌区,enemy.card.wasp-17.Discarded,敌方玩家公开的wasp-17处于已弃置的数量,该组匹配数量/全场玩家数（当前为4）,没有则0；他人Selected被投影为InHand,0.0
state,1791,1791,攻击,attack.present,当前是否有攻击算式,Attack非空为1,无Attack时为0,0.0
state,1792,1792,攻击,attack.attacker_self,攻击者是否本人,Attacker==Seat,无Attack时为0,0.0
state,1793,1793,攻击,attack.defender_self,防御者是否本人,Defender==Seat,无Attack时为0,0.0
state,1794,1794,攻击,attack.Base,牌面基础攻击,Base/10,无Attack或空值则0,0.0
state,1795,1795,攻击,attack.Bonus,本次合计攻击加成（已包含TextBonus/UltimateBonus）,Bonus/10,无Attack或空值则0,0.0
state,1796,1796,攻击,attack.Support,从被攻击者视角的敌方小兵支援点数（增加攻击）,Support/10,无Attack或空值则0,0.0
state,1797,1797,攻击,attack.Guard,从被攻击者视角的友方守卫点数（降低攻击）,Guard/10,无Attack或空值则0,0.0
state,1798,1798,攻击,attack.Final,规则算出的最终攻击,Final/10,无Attack或空值则0,0.0
state,1799,1799,攻击,attack.TextBonus,合计加成内的牌文部分,TextBonus/10,无Attack或空值则0,0.0
state,1800,1800,攻击,attack.UltimateBonus,合计加成内的紫卡部分,UltimateBonus/10,无Attack或空值则0,0.0
state,1801,1801,攻击,attack.Ranged,本次攻击是否远程,真1假0,无Attack则0,0.0
state,1802,1802,攻击,attack.Unblockable,本次攻击的不可抵挡标志,真1假0,无Attack则0,0.0
state,1803,1803,距离,nearest_enemy,本人到最近敌方单位的六边形直线距离,最小hex距离/20,"没有敌人则40/20=2；本人不在场时从(0,0)计算",0.3499999940395355
state,1804,1804,距离,nearest_enemy_nonhero,本人到最近敌方非英雄单位的六边形直线距离,若无敌方非英雄则改为所有敌方单位；最小距离/20,"没有任何敌人则2；本人不在场时从(0,0)计算",0.3499999940395355
candidate,0,1805,命令类型,kind.BeginPrimary,此候选是否为：启动主要行动,相等为1，否则0,词表有该命令不代表策略在当前局面可选择,0.0
candidate,1,1806,命令类型,kind.CancelCardSelection,此候选是否为：撤销本地选牌流程中的已选牌,相等为1，否则0,词表有该命令不代表策略在当前局面可选择,0.0
candidate,2,1807,命令类型,kind.ChooseAttackTarget,此候选是否为：选择攻击目标,相等为1，否则0,词表有该命令不代表策略在当前局面可选择,0.0
candidate,3,1808,命令类型,kind.ChooseCardSwap,此候选是否为：选择交换卡牌,相等为1，否则0,词表有该命令不代表策略在当前局面可选择,0.0
candidate,4,1809,命令类型,kind.ChooseDiscardAttack,此候选是否为：选择弃牌攻击,相等为1，否则0,词表有该命令不代表策略在当前局面可选择,0.0
candidate,5,1810,命令类型,kind.ChooseEffectMove,此候选是否为：选择效果移动落点,相等为1，否则0,词表有该命令不代表策略在当前局面可选择,0.0
candidate,6,1811,命令类型,kind.ChooseEffectTarget,此候选是否为：选择效果目标,相等为1，否则0,词表有该命令不代表策略在当前局面可选择,0.0
candidate,7,1812,命令类型,kind.ChooseGoldTransfer,此候选是否为：选择金币转移,相等为1，否则0,词表有该命令不代表策略在当前局面可选择,0.0
candidate,8,1813,命令类型,kind.ChooseHero,此候选是否为：选择英雄,相等为1，否则0,词表有该命令不代表策略在当前局面可选择,0.0
candidate,9,1814,命令类型,kind.ChooseInitiative,此候选是否为：选择先攻行动者,相等为1，否则0,词表有该命令不代表策略在当前局面可选择,0.0
candidate,10,1815,命令类型,kind.ChooseMinionProtection,此候选是否为：选择小兵保护牌,相等为1，否则0,词表有该命令不代表策略在当前局面可选择,0.0
candidate,11,1816,命令类型,kind.ChooseMinionReturn,此候选是否为：选择小兵返回,相等为1，否则0,词表有该命令不代表策略在当前局面可选择,0.0
candidate,12,1817,命令类型,kind.ChooseMinionSpawn,此候选是否为：选择小兵生成,相等为1，否则0,词表有该命令不代表策略在当前局面可选择,0.0
candidate,13,1818,命令类型,kind.ChooseOptionalDiscard,此候选是否为：选择可选弃牌,相等为1，否则0,词表有该命令不代表策略在当前局面可选择,0.0
candidate,14,1819,命令类型,kind.ChoosePlacement,此候选是否为：选择放置位置,相等为1，否则0,词表有该命令不代表策略在当前局面可选择,0.0
candidate,15,1820,命令类型,kind.ChoosePrimaryOption,此候选是否为：选择主要行动分支,相等为1，否则0,词表有该命令不代表策略在当前局面可选择,0.0
candidate,16,1821,命令类型,kind.ChooseRecoveredCard,此候选是否为：选择取回卡牌,相等为1，否则0,词表有该命令不代表策略在当前局面可选择,0.0
candidate,17,1822,命令类型,kind.ChooseRoundMinionRemoval,此候选是否为：选择兵战移除小兵,相等为1，否则0,词表有该命令不代表策略在当前局面可选择,0.0
candidate,18,1823,命令类型,kind.ChooseUpgrade,此候选是否为：选择升级卡牌,相等为1，否则0,词表有该命令不代表策略在当前局面可选择,0.0
candidate,19,1824,命令类型,kind.CommitPrimaryAttack,此候选是否为：提交预选主要攻击,相等为1，否则0,词表有该命令不代表策略在当前局面可选择,0.0
candidate,20,1825,命令类型,kind.CommitPrimaryMove,此候选是否为：提交预选主要移动,相等为1，否则0,词表有该命令不代表策略在当前局面可选择,0.0
candidate,21,1826,命令类型,kind.CommitPrimaryPlacement,此候选是否为：提交预选主要放置,相等为1，否则0,词表有该命令不代表策略在当前局面可选择,0.0
candidate,22,1827,命令类型,kind.ConfirmCard,此候选是否为：确认暗选,相等为1，否则0,词表有该命令不代表策略在当前局面可选择,0.0
candidate,23,1828,命令类型,kind.DeclineDefense,此候选是否为：放弃防御,相等为1，否则0,词表有该命令不代表策略在当前局面可选择,0.0
candidate,24,1829,命令类型,kind.DeclineRetaliationDiscard,此候选是否为：放弃反击相关弃牌支付,相等为1，否则0,词表有该命令不代表策略在当前局面可选择,0.0
candidate,25,1830,命令类型,kind.Defend,此候选是否为：使用卡牌防御,相等为1，否则0,词表有该命令不代表策略在当前局面可选择,0.0
candidate,26,1831,命令类型,kind.DeployHero,此候选是否为：部署英雄,相等为1，否则0,词表有该命令不代表策略在当前局面可选择,0.0
candidate,27,1832,命令类型,kind.ForcedDiscard,此候选是否为：提交强制弃牌,相等为1，否则0,词表有该命令不代表策略在当前局面可选择,0.0
candidate,28,1833,命令类型,kind.MarkCoinStuck,此候选是否为：报告物理硬币卡住（环境命令）,相等为1，否则0,词表有该命令不代表策略在当前局面可选择,0.0
candidate,29,1834,命令类型,kind.Move,此候选是否为：移动或启动移动前置效果,相等为1，否则0,词表有该命令不代表策略在当前局面可选择,0.0
candidate,30,1835,命令类型,kind.Pass,此候选是否为：结束本次行动,相等为1，否则0,词表有该命令不代表策略在当前局面可选择,0.0
candidate,31,1836,命令类型,kind.ReportCoinToss,此候选是否为：报告物理投币结果（环境命令）,相等为1，否则0,词表有该命令不代表策略在当前局面可选择,0.0
candidate,32,1837,命令类型,kind.ResolveRoundEnd,此候选是否为：推进轮末结算,相等为1，否则0,词表有该命令不代表策略在当前局面可选择,0.0
candidate,33,1838,命令类型,kind.RespawnHero,此候选是否为：选择英雄复活位置,相等为1，否则0,词表有该命令不代表策略在当前局面可选择,0.0
candidate,34,1839,命令类型,kind.SelectCard,此候选是否为：选择手牌,相等为1，否则0,词表有该命令不代表策略在当前局面可选择,1.0
candidate,35,1840,命令类型,kind.SetQuickSelection,此候选是否为：设置快速选牌,相等为1，否则0,词表有该命令不代表策略在当前局面可选择,0.0
candidate,36,1841,命令类型,kind.StartDraft,此候选是否为：开始选英雄,相等为1，否则0,词表有该命令不代表策略在当前局面可选择,0.0
candidate,37,1842,命令类型,kind.UpgradeEngine,此候选是否为：升级存档规则引擎版本,相等为1，否则0,词表有该命令不代表策略在当前局面可选择,0.0
candidate,38,1843,命令类型,kind.VoteCoinReroll,此候选是否为：投票重新投币（环境流程）,相等为1，否则0,词表有该命令不代表策略在当前局面可选择,0.0
candidate,39,1844,候选卡牌,card.arien-00,此候选Value是否为arien-00,相等为1，否则0,Value不是卡牌ID则108项全0,0.0
candidate,40,1845,候选卡牌,card.arien-01,此候选Value是否为arien-01,相等为1，否则0,Value不是卡牌ID则108项全0,0.0
candidate,41,1846,候选卡牌,card.arien-02,此候选Value是否为arien-02,相等为1，否则0,Value不是卡牌ID则108项全0,0.0
candidate,42,1847,候选卡牌,card.arien-03,此候选Value是否为arien-03,相等为1，否则0,Value不是卡牌ID则108项全0,0.0
candidate,43,1848,候选卡牌,card.arien-04,此候选Value是否为arien-04,相等为1，否则0,Value不是卡牌ID则108项全0,0.0
candidate,44,1849,候选卡牌,card.arien-05,此候选Value是否为arien-05,相等为1，否则0,Value不是卡牌ID则108项全0,0.0
candidate,45,1850,候选卡牌,card.arien-06,此候选Value是否为arien-06,相等为1，否则0,Value不是卡牌ID则108项全0,0.0
candidate,46,1851,候选卡牌,card.arien-07,此候选Value是否为arien-07,相等为1，否则0,Value不是卡牌ID则108项全0,0.0
candidate,47,1852,候选卡牌,card.arien-08,此候选Value是否为arien-08,相等为1，否则0,Value不是卡牌ID则108项全0,0.0
candidate,48,1853,候选卡牌,card.arien-09,此候选Value是否为arien-09,相等为1，否则0,Value不是卡牌ID则108项全0,0.0
candidate,49,1854,候选卡牌,card.arien-10,此候选Value是否为arien-10,相等为1，否则0,Value不是卡牌ID则108项全0,0.0
candidate,50,1855,候选卡牌,card.arien-11,此候选Value是否为arien-11,相等为1，否则0,Value不是卡牌ID则108项全0,0.0
candidate,51,1856,候选卡牌,card.arien-12,此候选Value是否为arien-12,相等为1，否则0,Value不是卡牌ID则108项全0,0.0
candidate,52,1857,候选卡牌,card.arien-13,此候选Value是否为arien-13,相等为1，否则0,Value不是卡牌ID则108项全0,0.0
candidate,53,1858,候选卡牌,card.arien-14,此候选Value是否为arien-14,相等为1，否则0,Value不是卡牌ID则108项全0,0.0
candidate,54,1859,候选卡牌,card.arien-15,此候选Value是否为arien-15,相等为1，否则0,Value不是卡牌ID则108项全0,0.0
candidate,55,1860,候选卡牌,card.arien-16,此候选Value是否为arien-16,相等为1，否则0,Value不是卡牌ID则108项全0,0.0
candidate,56,1861,候选卡牌,card.arien-17,此候选Value是否为arien-17,相等为1，否则0,Value不是卡牌ID则108项全0,0.0
candidate,57,1862,候选卡牌,card.brogan-00,此候选Value是否为brogan-00,相等为1，否则0,Value不是卡牌ID则108项全0,0.0
candidate,58,1863,候选卡牌,card.brogan-01,此候选Value是否为brogan-01,相等为1，否则0,Value不是卡牌ID则108项全0,0.0
candidate,59,1864,候选卡牌,card.brogan-02,此候选Value是否为brogan-02,相等为1，否则0,Value不是卡牌ID则108项全0,0.0
candidate,60,1865,候选卡牌,card.brogan-03,此候选Value是否为brogan-03,相等为1，否则0,Value不是卡牌ID则108项全0,0.0
candidate,61,1866,候选卡牌,card.brogan-04,此候选Value是否为brogan-04,相等为1，否则0,Value不是卡牌ID则108项全0,0.0
candidate,62,1867,候选卡牌,card.brogan-05,此候选Value是否为brogan-05,相等为1，否则0,Value不是卡牌ID则108项全0,0.0
candidate,63,1868,候选卡牌,card.brogan-06,此候选Value是否为brogan-06,相等为1，否则0,Value不是卡牌ID则108项全0,0.0
candidate,64,1869,候选卡牌,card.brogan-07,此候选Value是否为brogan-07,相等为1，否则0,Value不是卡牌ID则108项全0,0.0
candidate,65,1870,候选卡牌,card.brogan-08,此候选Value是否为brogan-08,相等为1，否则0,Value不是卡牌ID则108项全0,0.0
candidate,66,1871,候选卡牌,card.brogan-09,此候选Value是否为brogan-09,相等为1，否则0,Value不是卡牌ID则108项全0,0.0
candidate,67,1872,候选卡牌,card.brogan-10,此候选Value是否为brogan-10,相等为1，否则0,Value不是卡牌ID则108项全0,0.0
candidate,68,1873,候选卡牌,card.brogan-11,此候选Value是否为brogan-11,相等为1，否则0,Value不是卡牌ID则108项全0,0.0
candidate,69,1874,候选卡牌,card.brogan-12,此候选Value是否为brogan-12,相等为1，否则0,Value不是卡牌ID则108项全0,0.0
candidate,70,1875,候选卡牌,card.brogan-13,此候选Value是否为brogan-13,相等为1，否则0,Value不是卡牌ID则108项全0,0.0
candidate,71,1876,候选卡牌,card.brogan-14,此候选Value是否为brogan-14,相等为1，否则0,Value不是卡牌ID则108项全0,0.0
candidate,72,1877,候选卡牌,card.brogan-15,此候选Value是否为brogan-15,相等为1，否则0,Value不是卡牌ID则108项全0,0.0
candidate,73,1878,候选卡牌,card.brogan-16,此候选Value是否为brogan-16,相等为1，否则0,Value不是卡牌ID则108项全0,0.0
candidate,74,1879,候选卡牌,card.brogan-17,此候选Value是否为brogan-17,相等为1，否则0,Value不是卡牌ID则108项全0,0.0
candidate,75,1880,候选卡牌,card.sabina-00,此候选Value是否为sabina-00,相等为1，否则0,Value不是卡牌ID则108项全0,1.0
candidate,76,1881,候选卡牌,card.sabina-01,此候选Value是否为sabina-01,相等为1，否则0,Value不是卡牌ID则108项全0,0.0
candidate,77,1882,候选卡牌,card.sabina-02,此候选Value是否为sabina-02,相等为1，否则0,Value不是卡牌ID则108项全0,0.0
candidate,78,1883,候选卡牌,card.sabina-03,此候选Value是否为sabina-03,相等为1，否则0,Value不是卡牌ID则108项全0,0.0
candidate,79,1884,候选卡牌,card.sabina-04,此候选Value是否为sabina-04,相等为1，否则0,Value不是卡牌ID则108项全0,0.0
candidate,80,1885,候选卡牌,card.sabina-05,此候选Value是否为sabina-05,相等为1，否则0,Value不是卡牌ID则108项全0,0.0
candidate,81,1886,候选卡牌,card.sabina-06,此候选Value是否为sabina-06,相等为1，否则0,Value不是卡牌ID则108项全0,0.0
candidate,82,1887,候选卡牌,card.sabina-07,此候选Value是否为sabina-07,相等为1，否则0,Value不是卡牌ID则108项全0,0.0
candidate,83,1888,候选卡牌,card.sabina-08,此候选Value是否为sabina-08,相等为1，否则0,Value不是卡牌ID则108项全0,0.0
candidate,84,1889,候选卡牌,card.sabina-09,此候选Value是否为sabina-09,相等为1，否则0,Value不是卡牌ID则108项全0,0.0
candidate,85,1890,候选卡牌,card.sabina-10,此候选Value是否为sabina-10,相等为1，否则0,Value不是卡牌ID则108项全0,0.0
candidate,86,1891,候选卡牌,card.sabina-11,此候选Value是否为sabina-11,相等为1，否则0,Value不是卡牌ID则108项全0,0.0
candidate,87,1892,候选卡牌,card.sabina-12,此候选Value是否为sabina-12,相等为1，否则0,Value不是卡牌ID则108项全0,0.0
candidate,88,1893,候选卡牌,card.sabina-13,此候选Value是否为sabina-13,相等为1，否则0,Value不是卡牌ID则108项全0,0.0
candidate,89,1894,候选卡牌,card.sabina-14,此候选Value是否为sabina-14,相等为1，否则0,Value不是卡牌ID则108项全0,0.0
candidate,90,1895,候选卡牌,card.sabina-15,此候选Value是否为sabina-15,相等为1，否则0,Value不是卡牌ID则108项全0,0.0
candidate,91,1896,候选卡牌,card.sabina-16,此候选Value是否为sabina-16,相等为1，否则0,Value不是卡牌ID则108项全0,0.0
candidate,92,1897,候选卡牌,card.sabina-17,此候选Value是否为sabina-17,相等为1，否则0,Value不是卡牌ID则108项全0,0.0
candidate,93,1898,候选卡牌,card.shargatha-00,此候选Value是否为shargatha-00,相等为1，否则0,Value不是卡牌ID则108项全0,0.0
candidate,94,1899,候选卡牌,card.shargatha-01,此候选Value是否为shargatha-01,相等为1，否则0,Value不是卡牌ID则108项全0,0.0
candidate,95,1900,候选卡牌,card.shargatha-02,此候选Value是否为shargatha-02,相等为1，否则0,Value不是卡牌ID则108项全0,0.0
candidate,96,1901,候选卡牌,card.shargatha-03,此候选Value是否为shargatha-03,相等为1，否则0,Value不是卡牌ID则108项全0,0.0
candidate,97,1902,候选卡牌,card.shargatha-04,此候选Value是否为shargatha-04,相等为1，否则0,Value不是卡牌ID则108项全0,0.0
candidate,98,1903,候选卡牌,card.shargatha-05,此候选Value是否为shargatha-05,相等为1，否则0,Value不是卡牌ID则108项全0,0.0
candidate,99,1904,候选卡牌,card.shargatha-06,此候选Value是否为shargatha-06,相等为1，否则0,Value不是卡牌ID则108项全0,0.0
candidate,100,1905,候选卡牌,card.shargatha-07,此候选Value是否为shargatha-07,相等为1，否则0,Value不是卡牌ID则108项全0,0.0
candidate,101,1906,候选卡牌,card.shargatha-08,此候选Value是否为shargatha-08,相等为1，否则0,Value不是卡牌ID则108项全0,0.0
candidate,102,1907,候选卡牌,card.shargatha-09,此候选Value是否为shargatha-09,相等为1，否则0,Value不是卡牌ID则108项全0,0.0
candidate,103,1908,候选卡牌,card.shargatha-10,此候选Value是否为shargatha-10,相等为1，否则0,Value不是卡牌ID则108项全0,0.0
candidate,104,1909,候选卡牌,card.shargatha-11,此候选Value是否为shargatha-11,相等为1，否则0,Value不是卡牌ID则108项全0,0.0
candidate,105,1910,候选卡牌,card.shargatha-12,此候选Value是否为shargatha-12,相等为1，否则0,Value不是卡牌ID则108项全0,0.0
candidate,106,1911,候选卡牌,card.shargatha-13,此候选Value是否为shargatha-13,相等为1，否则0,Value不是卡牌ID则108项全0,0.0
candidate,107,1912,候选卡牌,card.shargatha-14,此候选Value是否为shargatha-14,相等为1，否则0,Value不是卡牌ID则108项全0,0.0
candidate,108,1913,候选卡牌,card.shargatha-15,此候选Value是否为shargatha-15,相等为1，否则0,Value不是卡牌ID则108项全0,0.0
candidate,109,1914,候选卡牌,card.shargatha-16,此候选Value是否为shargatha-16,相等为1，否则0,Value不是卡牌ID则108项全0,0.0
candidate,110,1915,候选卡牌,card.shargatha-17,此候选Value是否为shargatha-17,相等为1，否则0,Value不是卡牌ID则108项全0,0.0
candidate,111,1916,候选卡牌,card.tigerclaw-00,此候选Value是否为tigerclaw-00,相等为1，否则0,Value不是卡牌ID则108项全0,0.0
candidate,112,1917,候选卡牌,card.tigerclaw-02,此候选Value是否为tigerclaw-02,相等为1，否则0,Value不是卡牌ID则108项全0,0.0
candidate,113,1918,候选卡牌,card.tigerclaw-03,此候选Value是否为tigerclaw-03,相等为1，否则0,Value不是卡牌ID则108项全0,0.0
candidate,114,1919,候选卡牌,card.tigerclaw-04,此候选Value是否为tigerclaw-04,相等为1，否则0,Value不是卡牌ID则108项全0,0.0
candidate,115,1920,候选卡牌,card.tigerclaw-05,此候选Value是否为tigerclaw-05,相等为1，否则0,Value不是卡牌ID则108项全0,0.0
candidate,116,1921,候选卡牌,card.tigerclaw-06,此候选Value是否为tigerclaw-06,相等为1，否则0,Value不是卡牌ID则108项全0,0.0
candidate,117,1922,候选卡牌,card.tigerclaw-07,此候选Value是否为tigerclaw-07,相等为1，否则0,Value不是卡牌ID则108项全0,0.0
candidate,118,1923,候选卡牌,card.tigerclaw-08,此候选Value是否为tigerclaw-08,相等为1，否则0,Value不是卡牌ID则108项全0,0.0
candidate,119,1924,候选卡牌,card.tigerclaw-09,此候选Value是否为tigerclaw-09,相等为1，否则0,Value不是卡牌ID则108项全0,0.0
candidate,120,1925,候选卡牌,card.tigerclaw-10,此候选Value是否为tigerclaw-10,相等为1，否则0,Value不是卡牌ID则108项全0,0.0
candidate,121,1926,候选卡牌,card.tigerclaw-11,此候选Value是否为tigerclaw-11,相等为1，否则0,Value不是卡牌ID则108项全0,0.0
candidate,122,1927,候选卡牌,card.tigerclaw-12,此候选Value是否为tigerclaw-12,相等为1，否则0,Value不是卡牌ID则108项全0,0.0
candidate,123,1928,候选卡牌,card.tigerclaw-13,此候选Value是否为tigerclaw-13,相等为1，否则0,Value不是卡牌ID则108项全0,0.0
candidate,124,1929,候选卡牌,card.tigerclaw-14,此候选Value是否为tigerclaw-14,相等为1，否则0,Value不是卡牌ID则108项全0,0.0
candidate,125,1930,候选卡牌,card.tigerclaw-15,此候选Value是否为tigerclaw-15,相等为1，否则0,Value不是卡牌ID则108项全0,0.0
candidate,126,1931,候选卡牌,card.tigerclaw-16,此候选Value是否为tigerclaw-16,相等为1，否则0,Value不是卡牌ID则108项全0,0.0
candidate,127,1932,候选卡牌,card.tigerclaw-17,此候选Value是否为tigerclaw-17,相等为1，否则0,Value不是卡牌ID则108项全0,0.0
candidate,128,1933,候选卡牌,card.tigerclaw-18,此候选Value是否为tigerclaw-18,相等为1，否则0,Value不是卡牌ID则108项全0,0.0
candidate,129,1934,候选卡牌,card.wasp-00,此候选Value是否为wasp-00,相等为1，否则0,Value不是卡牌ID则108项全0,0.0
candidate,130,1935,候选卡牌,card.wasp-01,此候选Value是否为wasp-01,相等为1，否则0,Value不是卡牌ID则108项全0,0.0
candidate,131,1936,候选卡牌,card.wasp-02,此候选Value是否为wasp-02,相等为1，否则0,Value不是卡牌ID则108项全0,0.0
candidate,132,1937,候选卡牌,card.wasp-03,此候选Value是否为wasp-03,相等为1，否则0,Value不是卡牌ID则108项全0,0.0
candidate,133,1938,候选卡牌,card.wasp-04,此候选Value是否为wasp-04,相等为1，否则0,Value不是卡牌ID则108项全0,0.0
candidate,134,1939,候选卡牌,card.wasp-05,此候选Value是否为wasp-05,相等为1，否则0,Value不是卡牌ID则108项全0,0.0
candidate,135,1940,候选卡牌,card.wasp-06,此候选Value是否为wasp-06,相等为1，否则0,Value不是卡牌ID则108项全0,0.0
candidate,136,1941,候选卡牌,card.wasp-07,此候选Value是否为wasp-07,相等为1，否则0,Value不是卡牌ID则108项全0,0.0
candidate,137,1942,候选卡牌,card.wasp-08,此候选Value是否为wasp-08,相等为1，否则0,Value不是卡牌ID则108项全0,0.0
candidate,138,1943,候选卡牌,card.wasp-09,此候选Value是否为wasp-09,相等为1，否则0,Value不是卡牌ID则108项全0,0.0
candidate,139,1944,候选卡牌,card.wasp-10,此候选Value是否为wasp-10,相等为1，否则0,Value不是卡牌ID则108项全0,0.0
candidate,140,1945,候选卡牌,card.wasp-11,此候选Value是否为wasp-11,相等为1，否则0,Value不是卡牌ID则108项全0,0.0
candidate,141,1946,候选卡牌,card.wasp-12,此候选Value是否为wasp-12,相等为1，否则0,Value不是卡牌ID则108项全0,0.0
candidate,142,1947,候选卡牌,card.wasp-13,此候选Value是否为wasp-13,相等为1，否则0,Value不是卡牌ID则108项全0,0.0
candidate,143,1948,候选卡牌,card.wasp-14,此候选Value是否为wasp-14,相等为1，否则0,Value不是卡牌ID则108项全0,0.0
candidate,144,1949,候选卡牌,card.wasp-15,此候选Value是否为wasp-15,相等为1，否则0,Value不是卡牌ID则108项全0,0.0
candidate,145,1950,候选卡牌,card.wasp-16,此候选Value是否为wasp-16,相等为1，否则0,Value不是卡牌ID则108项全0,0.0
candidate,146,1951,候选卡牌,card.wasp-17,此候选Value是否为wasp-17,相等为1，否则0,Value不是卡牌ID则108项全0,0.0
candidate,147,1952,稳定值字节,value_byte.0,Value UTF-8字节序列第0位（0起）,字节值/255,不足64字节补0，超过64直接报错，不截断,0.45098039507865906
candidate,148,1953,稳定值字节,value_byte.1,Value UTF-8字节序列第1位（0起）,字节值/255,不足64字节补0，超过64直接报错，不截断,0.3803921639919281
candidate,149,1954,稳定值字节,value_byte.2,Value UTF-8字节序列第2位（0起）,字节值/255,不足64字节补0，超过64直接报错，不截断,0.3843137323856354
candidate,150,1955,稳定值字节,value_byte.3,Value UTF-8字节序列第3位（0起）,字节值/255,不足64字节补0，超过64直接报错，不截断,0.4117647111415863
candidate,151,1956,稳定值字节,value_byte.4,Value UTF-8字节序列第4位（0起）,字节值/255,不足64字节补0，超过64直接报错，不截断,0.4313725531101227
candidate,152,1957,稳定值字节,value_byte.5,Value UTF-8字节序列第5位（0起）,字节值/255,不足64字节补0，超过64直接报错，不截断,0.3803921639919281
candidate,153,1958,稳定值字节,value_byte.6,Value UTF-8字节序列第6位（0起）,字节值/255,不足64字节补0，超过64直接报错，不截断,0.1764705926179886
candidate,154,1959,稳定值字节,value_byte.7,Value UTF-8字节序列第7位（0起）,字节值/255,不足64字节补0，超过64直接报错，不截断,0.1882352977991104
candidate,155,1960,稳定值字节,value_byte.8,Value UTF-8字节序列第8位（0起）,字节值/255,不足64字节补0，超过64直接报错，不截断,0.1882352977991104
candidate,156,1961,稳定值字节,value_byte.9,Value UTF-8字节序列第9位（0起）,字节值/255,不足64字节补0，超过64直接报错，不截断,0.0
candidate,157,1962,稳定值字节,value_byte.10,Value UTF-8字节序列第10位（0起）,字节值/255,不足64字节补0，超过64直接报错，不截断,0.0
candidate,158,1963,稳定值字节,value_byte.11,Value UTF-8字节序列第11位（0起）,字节值/255,不足64字节补0，超过64直接报错，不截断,0.0
candidate,159,1964,稳定值字节,value_byte.12,Value UTF-8字节序列第12位（0起）,字节值/255,不足64字节补0，超过64直接报错，不截断,0.0
candidate,160,1965,稳定值字节,value_byte.13,Value UTF-8字节序列第13位（0起）,字节值/255,不足64字节补0，超过64直接报错，不截断,0.0
candidate,161,1966,稳定值字节,value_byte.14,Value UTF-8字节序列第14位（0起）,字节值/255,不足64字节补0，超过64直接报错，不截断,0.0
candidate,162,1967,稳定值字节,value_byte.15,Value UTF-8字节序列第15位（0起）,字节值/255,不足64字节补0，超过64直接报错，不截断,0.0
candidate,163,1968,稳定值字节,value_byte.16,Value UTF-8字节序列第16位（0起）,字节值/255,不足64字节补0，超过64直接报错，不截断,0.0
candidate,164,1969,稳定值字节,value_byte.17,Value UTF-8字节序列第17位（0起）,字节值/255,不足64字节补0，超过64直接报错，不截断,0.0
candidate,165,1970,稳定值字节,value_byte.18,Value UTF-8字节序列第18位（0起）,字节值/255,不足64字节补0，超过64直接报错，不截断,0.0
candidate,166,1971,稳定值字节,value_byte.19,Value UTF-8字节序列第19位（0起）,字节值/255,不足64字节补0，超过64直接报错，不截断,0.0
candidate,167,1972,稳定值字节,value_byte.20,Value UTF-8字节序列第20位（0起）,字节值/255,不足64字节补0，超过64直接报错，不截断,0.0
candidate,168,1973,稳定值字节,value_byte.21,Value UTF-8字节序列第21位（0起）,字节值/255,不足64字节补0，超过64直接报错，不截断,0.0
candidate,169,1974,稳定值字节,value_byte.22,Value UTF-8字节序列第22位（0起）,字节值/255,不足64字节补0，超过64直接报错，不截断,0.0
candidate,170,1975,稳定值字节,value_byte.23,Value UTF-8字节序列第23位（0起）,字节值/255,不足64字节补0，超过64直接报错，不截断,0.0
candidate,171,1976,稳定值字节,value_byte.24,Value UTF-8字节序列第24位（0起）,字节值/255,不足64字节补0，超过64直接报错，不截断,0.0
candidate,172,1977,稳定值字节,value_byte.25,Value UTF-8字节序列第25位（0起）,字节值/255,不足64字节补0，超过64直接报错，不截断,0.0
candidate,173,1978,稳定值字节,value_byte.26,Value UTF-8字节序列第26位（0起）,字节值/255,不足64字节补0，超过64直接报错，不截断,0.0
candidate,174,1979,稳定值字节,value_byte.27,Value UTF-8字节序列第27位（0起）,字节值/255,不足64字节补0，超过64直接报错，不截断,0.0
candidate,175,1980,稳定值字节,value_byte.28,Value UTF-8字节序列第28位（0起）,字节值/255,不足64字节补0，超过64直接报错，不截断,0.0
candidate,176,1981,稳定值字节,value_byte.29,Value UTF-8字节序列第29位（0起）,字节值/255,不足64字节补0，超过64直接报错，不截断,0.0
candidate,177,1982,稳定值字节,value_byte.30,Value UTF-8字节序列第30位（0起）,字节值/255,不足64字节补0，超过64直接报错，不截断,0.0
candidate,178,1983,稳定值字节,value_byte.31,Value UTF-8字节序列第31位（0起）,字节值/255,不足64字节补0，超过64直接报错，不截断,0.0
candidate,179,1984,稳定值字节,value_byte.32,Value UTF-8字节序列第32位（0起）,字节值/255,不足64字节补0，超过64直接报错，不截断,0.0
candidate,180,1985,稳定值字节,value_byte.33,Value UTF-8字节序列第33位（0起）,字节值/255,不足64字节补0，超过64直接报错，不截断,0.0
candidate,181,1986,稳定值字节,value_byte.34,Value UTF-8字节序列第34位（0起）,字节值/255,不足64字节补0，超过64直接报错，不截断,0.0
candidate,182,1987,稳定值字节,value_byte.35,Value UTF-8字节序列第35位（0起）,字节值/255,不足64字节补0，超过64直接报错，不截断,0.0
candidate,183,1988,稳定值字节,value_byte.36,Value UTF-8字节序列第36位（0起）,字节值/255,不足64字节补0，超过64直接报错，不截断,0.0
candidate,184,1989,稳定值字节,value_byte.37,Value UTF-8字节序列第37位（0起）,字节值/255,不足64字节补0，超过64直接报错，不截断,0.0
candidate,185,1990,稳定值字节,value_byte.38,Value UTF-8字节序列第38位（0起）,字节值/255,不足64字节补0，超过64直接报错，不截断,0.0
candidate,186,1991,稳定值字节,value_byte.39,Value UTF-8字节序列第39位（0起）,字节值/255,不足64字节补0，超过64直接报错，不截断,0.0
candidate,187,1992,稳定值字节,value_byte.40,Value UTF-8字节序列第40位（0起）,字节值/255,不足64字节补0，超过64直接报错，不截断,0.0
candidate,188,1993,稳定值字节,value_byte.41,Value UTF-8字节序列第41位（0起）,字节值/255,不足64字节补0，超过64直接报错，不截断,0.0
candidate,189,1994,稳定值字节,value_byte.42,Value UTF-8字节序列第42位（0起）,字节值/255,不足64字节补0，超过64直接报错，不截断,0.0
candidate,190,1995,稳定值字节,value_byte.43,Value UTF-8字节序列第43位（0起）,字节值/255,不足64字节补0，超过64直接报错，不截断,0.0
candidate,191,1996,稳定值字节,value_byte.44,Value UTF-8字节序列第44位（0起）,字节值/255,不足64字节补0，超过64直接报错，不截断,0.0
candidate,192,1997,稳定值字节,value_byte.45,Value UTF-8字节序列第45位（0起）,字节值/255,不足64字节补0，超过64直接报错，不截断,0.0
candidate,193,1998,稳定值字节,value_byte.46,Value UTF-8字节序列第46位（0起）,字节值/255,不足64字节补0，超过64直接报错，不截断,0.0
candidate,194,1999,稳定值字节,value_byte.47,Value UTF-8字节序列第47位（0起）,字节值/255,不足64字节补0，超过64直接报错，不截断,0.0
candidate,195,2000,稳定值字节,value_byte.48,Value UTF-8字节序列第48位（0起）,字节值/255,不足64字节补0，超过64直接报错，不截断,0.0
candidate,196,2001,稳定值字节,value_byte.49,Value UTF-8字节序列第49位（0起）,字节值/255,不足64字节补0，超过64直接报错，不截断,0.0
candidate,197,2002,稳定值字节,value_byte.50,Value UTF-8字节序列第50位（0起）,字节值/255,不足64字节补0，超过64直接报错，不截断,0.0
candidate,198,2003,稳定值字节,value_byte.51,Value UTF-8字节序列第51位（0起）,字节值/255,不足64字节补0，超过64直接报错，不截断,0.0
candidate,199,2004,稳定值字节,value_byte.52,Value UTF-8字节序列第52位（0起）,字节值/255,不足64字节补0，超过64直接报错，不截断,0.0
candidate,200,2005,稳定值字节,value_byte.53,Value UTF-8字节序列第53位（0起）,字节值/255,不足64字节补0，超过64直接报错，不截断,0.0
candidate,201,2006,稳定值字节,value_byte.54,Value UTF-8字节序列第54位（0起）,字节值/255,不足64字节补0，超过64直接报错，不截断,0.0
candidate,202,2007,稳定值字节,value_byte.55,Value UTF-8字节序列第55位（0起）,字节值/255,不足64字节补0，超过64直接报错，不截断,0.0
candidate,203,2008,稳定值字节,value_byte.56,Value UTF-8字节序列第56位（0起）,字节值/255,不足64字节补0，超过64直接报错，不截断,0.0
candidate,204,2009,稳定值字节,value_byte.57,Value UTF-8字节序列第57位（0起）,字节值/255,不足64字节补0，超过64直接报错，不截断,0.0
candidate,205,2010,稳定值字节,value_byte.58,Value UTF-8字节序列第58位（0起）,字节值/255,不足64字节补0，超过64直接报错，不截断,0.0
candidate,206,2011,稳定值字节,value_byte.59,Value UTF-8字节序列第59位（0起）,字节值/255,不足64字节补0，超过64直接报错，不截断,0.0
candidate,207,2012,稳定值字节,value_byte.60,Value UTF-8字节序列第60位（0起）,字节值/255,不足64字节补0，超过64直接报错，不截断,0.0
candidate,208,2013,稳定值字节,value_byte.61,Value UTF-8字节序列第61位（0起）,字节值/255,不足64字节补0，超过64直接报错，不截断,0.0
candidate,209,2014,稳定值字节,value_byte.62,Value UTF-8字节序列第62位（0起）,字节值/255,不足64字节补0，超过64直接报错，不截断,0.0
candidate,210,2015,稳定值字节,value_byte.63,Value UTF-8字节序列第63位（0起）,字节值/255,不足64字节补0，超过64直接报错，不截断,0.0
candidate,211,2016,牌面主类型,family.attack,Value指向的卡牌PrimaryFamily是否为attack,相等为1，否则0,非卡牌动作全0；不代表理解牌文,1.0
candidate,212,2017,牌面主类型,family.defense,Value指向的卡牌PrimaryFamily是否为defense,相等为1，否则0,非卡牌动作全0；不代表理解牌文,0.0
candidate,213,2018,牌面主类型,family.movement,Value指向的卡牌PrimaryFamily是否为movement,相等为1，否则0,非卡牌动作全0；不代表理解牌文,0.0
candidate,214,2019,牌面主类型,family.skill,Value指向的卡牌PrimaryFamily是否为skill,相等为1，否则0,非卡牌动作全0；不代表理解牌文,0.0
candidate,215,2020,牌面主类型,family.ultimate,Value指向的卡牌PrimaryFamily是否为ultimate,相等为1，否则0,非卡牌动作全0；不代表理解牌文,0.0
candidate,216,2021,候选距离,destination_nearest_enemy,落点到最近敌方单位,最小hex距离/20,无落点则0；无敌人则2,0.0
candidate,217,2022,候选距离,destination_nearest_nonhero,落点到最近敌方非英雄单位,无非英雄则回退所有敌方；最小hex距离/20,无落点则0；无敌人则2,0.0
candidate,218,2023,候选距离,move_distance,落点到本人当前位置,hex距离/20,无落点或本人不在场则0,0.0
candidate,219,2024,候选距离,target_distance,Value指定的目标单位到本人,hex距离/20,非单位目标或本人不在场则0,0.0
candidate,220,2025,候选标志与数值,successful_defense,核心公开查询确认此防御可成功,SuccessfulDefense真1假0,非防御候选通常为0,0.0
candidate,221,2026,候选标志与数值,immediate_skip,核心预览：启动主要行动会立即跳过,ImmediateSkip真1假0,非BeginPrimary通常为0,0.0
candidate,222,2027,候选标志与数值,has_destination,候选是否包含落点,HasDestination真1假0,不适用,0.0
candidate,223,2028,候选标志与数值,destination_x,落点X,Destination.X/20,没有落点则0,0.0
candidate,224,2029,候选标志与数值,destination_y,落点Y,Destination.Y/20,没有落点则0,0.0
candidate,225,2030,候选标志与数值,fast_mode,是否快速移动模式,Mode==Fast为1，否则0,没有此模式也为0,0.0
candidate,226,2031,候选标志与数值,skip_value,是否可选窗口的skip分支,Value==skip为1，否则0,不是Pass命令判断,0.0
candidate,227,2032,候选标志与数值,target_friendly,Value指定的目标单位是否己方,单位存在且Team==己方为1,非单位目标则0,0.0
candidate,228,2033,候选标志与数值,target_exists,Value是否匹配在场单位ID,匹配为1，否则0,不适用,0.0
candidate,229,2034,候选标志与数值,destination_combat_region,落点是否属于当前交战区,落点格存在且Region==CombatRegion为1,无落点/未找到格子则0,0.0
candidate,230,2035,候选标志与数值,primary_value,Value指向卡牌的静态主要数值,PrimaryValue/10,非卡牌、缺失或0均编码0,0.20000000298023224
candidate,231,2036,候选标志与数值,secondary_defense,卡牌静态次要防御,SecondaryDefense/10,非卡牌、null与数值0均编码0,0.10000000149011612
candidate,232,2037,候选标志与数值,secondary_movement,卡牌静态次要移动,SecondaryMovement/10,非卡牌、null与数值0均编码0,0.10000000149011612
candidate,233,2038,候选标志与数值,initiative,卡牌静态先攻值,Initiative/10,非卡牌/缺失则0,1.2000000476837158
candidate,234,2039,目标兵种,target_kind.hero,Value指定目标单位的Kind是否为hero,相等为1，否则0,非单位目标则全0,0.0
candidate,235,2040,目标兵种,target_kind.melee,Value指定目标单位的Kind是否为melee,相等为1，否则0,非单位目标则全0,0.0
candidate,236,2041,目标兵种,target_kind.ranged,Value指定目标单位的Kind是否为ranged,相等为1，否则0,非单位目标则全0,0.0
candidate,237,2042,目标兵种,target_kind.heavy,Value指定目标单位的Kind是否为heavy,相等为1，否则0,非单位目标则全0,0.0
candidate,238,2043,目标关系,target_dx,目标单位相对本人X坐标差,(target.X-self.X)/20,"非单位目标则0；本人不在场时self=(0,0)",0.0
candidate,239,2044,目标关系,target_dy,目标单位相对本人Y坐标差,(target.Y-self.Y)/20,"非单位目标则0；本人不在场时self=(0,0)",0.0
candidate,240,2045,目标关系,target_seat_self,TargetSeat是否本人,TargetSeat==Seat为1,未指定席位为0,0.0
candidate,241,2046,目标关系,target_seat_friendly,TargetSeat是否属于己方（包含本人）,存在该玩家且其Team==己方为1,未指定/非法席位为0,0.0
